time,shoulderLangle,shoulderRangle,shoulderLTransv,shoulderRTransv,elbowLangle,elbowRangle,hipLangle,hipRangle,kneeLangle,kneeRangle,l_shoulderX,l_shoulderY,l_shoulderZ,r_shoulderX,r_shoulderY,r_shoulderZ,l_elbowX,l_elbowY,l_elbowZ,r_elbowX,r_elbowY,r_elbowZ,l_wristX,l_wristY,l_wristZ,r_wristX,r_wristY,r_wristZ,l_hipX,l_hipY,l_hipZ,r_hipX,r_hipY,r_hipZ,l_kneeX,l_kneeY,l_kneeZ,r_kneeX,r_kneeY,r_kneeZ,l_ankleX,l_ankleY,l_ankleZ,r_ankleX,r_ankleY,r_ankleZ
220950,55,43,14,10,45,22,13,48,19,26,-0.091, 0.463, 0.151,0.240, 0.380, 0.151,-0.280, 0.309, 0.200,0.311, 0.153, 0.165,-0.317, 0.160, 0.348,0.330, -0.069, 0.253,-0.109, 0.020, 0.030,0.112, -0.021, -0.025,-0.066, -0.319, -0.006,0.123, -0.208, 0.049,-0.124, -0.655, -0.103,0.033, -0.448, 0.087
220951,61,45,23,16,49,21,10,36,24,24,-0.099, 0.457, 0.162,0.207, 0.361, 0.156,-0.277, 0.310, 0.246,0.291, 0.143, 0.179,-0.296, 0.207, 0.434,0.321, -0.082, 0.277,-0.105, 0.024, 0.028,0.109, -0.023, -0.023,-0.086, -0.319, -0.017,0.120, -0.241, 0.009,-0.156, -0.605, -0.161,0.035, -0.488, 0.000
220951,75,48,31,14,56,9,8,31,17,11,-0.097, 0.438, 0.176,0.204, 0.354, 0.222,-0.276, 0.350, 0.251,0.263, 0.147, 0.247,-0.308, 0.325, 0.425,0.312, -0.085, 0.315,-0.099, 0.018, 0.012,0.101, -0.016, -0.011,-0.076, -0.317, -0.071,0.074, -0.214, -0.014,-0.113, -0.601, -0.223,0.021, -0.441, -0.058
220951,97,55,25,36,70,5,10,30,19,13,-0.097, 0.410, 0.177,0.195, 0.320, 0.253,-0.273, 0.418, 0.212,0.237, 0.110, 0.305,-0.308, 0.555, 0.265,0.303, -0.112, 0.366,-0.097, 0.012, -0.007,0.099, -0.009, 0.006,-0.076, -0.301, -0.092,0.056, -0.220, -0.014,-0.089, -0.573, -0.271,0.022, -0.424, -0.086
220951,100,52,23,36,66,6,10,25,17,12,-0.097, 0.414, 0.171,0.193, 0.323, 0.238,-0.270, 0.436, 0.203,0.235, 0.112, 0.286,-0.305, 0.574, 0.271,0.305, -0.109, 0.352,-0.095, 0.011, -0.013,0.097, -0.007, 0.012,-0.077, -0.300, -0.093,0.049, -0.222, -0.017,-0.091, -0.582, -0.265,0.016, -0.428, -0.092
220951,102,52,27,38,70,7,9,26,14,11,-0.097, 0.410, 0.170,0.188, 0.325, 0.230,-0.264, 0.429, 0.216,0.229, 0.116, 0.279,-0.285, 0.583, 0.293,0.302, -0.106, 0.348,-0.093, 0.009, -0.012,0.095, -0.005, 0.011,-0.074, -0.299, -0.094,0.045, -0.222, -0.013,-0.079, -0.581, -0.252,0.017, -0.420, -0.072
220951,97,56,26,33,31,7,16,31,16,14,-0.095, 0.401, 0.205,0.189, 0.307, 0.255,-0.262, 0.396, 0.256,0.236, 0.109, 0.299,-0.375, 0.427, 0.372,0.304, -0.119, 0.383,-0.093, 0.009, -0.012,0.095, -0.006, 0.012,-0.071, -0.318, -0.087,0.048, -0.246, -0.014,-0.083, -0.611, -0.242,0.014, -0.449, -0.089
220951,95,56,26,33,24,8,16,26,16,11,-0.091, 0.401, 0.198,0.191, 0.302, 0.249,-0.261, 0.395, 0.247,0.239, 0.101, 0.294,-0.380, 0.419, 0.340,0.313, -0.120, 0.375,-0.093, 0.009, -0.014,0.095, -0.006, 0.013,-0.071, -0.319, -0.088,0.048, -0.244, -0.029,-0.086, -0.613, -0.246,0.014, -0.456, -0.111
220951,87,56,18,32,16,6,17,23,16,10,-0.092, 0.395, 0.201,0.192, 0.300, 0.246,-0.262, 0.373, 0.230,0.242, 0.102, 0.290,-0.403, 0.357, 0.298,0.320, -0.122, 0.359,-0.093, 0.009, -0.013,0.095, -0.006, 0.012,-0.067, -0.364, -0.088,0.050, -0.280, -0.059,-0.082, -0.664, -0.241,0.014, -0.482, -0.154
220951,84,58,17,26,27,10,17,17,18,12,-0.093, 0.384, 0.230,0.193, 0.286, 0.272,-0.266, 0.345, 0.258,0.242, 0.089, 0.306,-0.404, 0.342, 0.354,0.323, -0.131, 0.385,-0.094, 0.009, -0.013,0.095, -0.006, 0.012,-0.067, -0.332, -0.109,0.051, -0.251, -0.098,-0.081, -0.609, -0.293,0.017, -0.451, -0.249
220951,76,58,2,24,25,11,16,18,16,12,-0.094, 0.384, 0.221,0.189, 0.275, 0.264,-0.268, 0.347, 0.202,0.242, 0.071, 0.299,-0.432, 0.334, 0.258,0.323, -0.151, 0.383,-0.094, 0.009, -0.015,0.095, -0.007, 0.013,-0.066, -0.335, -0.111,0.047, -0.259, -0.094,-0.083, -0.630, -0.290,0.003, -0.466, -0.240
220951,83,57,8,21,23,11,13,21,17,14,-0.107, 0.387, 0.193,0.183, 0.281, 0.256,-0.281, 0.393, 0.126,0.239, 0.077, 0.294,-0.451, 0.428, 0.127,0.323, -0.135, 0.377,-0.094, 0.005, -0.014,0.095, -0.003, 0.013,-0.065, -0.344, -0.108,0.055, -0.257, -0.073,-0.083, -0.635, -0.280,0.004, -0.465, -0.207
220951,84,57,0,37,25,7,13,35,19,21,-0.107, 0.402, 0.172,0.183, 0.314, 0.218,-0.282, 0.392, 0.143,0.239, 0.114, 0.278,-0.432, 0.421, 0.174,0.322, -0.089, 0.359,-0.094, 0.003, -0.010,0.095, -0.001, 0.009,-0.049, -0.344, -0.086,0.077, -0.202, 0.015,-0.067, -0.634, -0.248,0.034, -0.415, -0.057
220951,88,45,4,35,32,5,10,52,31,48,-0.112, 0.449, 0.106,0.185, 0.360, 0.156,-0.282, 0.448, 0.065,0.242, 0.140, 0.212,-0.402, 0.477, 0.100,0.311, -0.050, 0.261,-0.095, 0.001, -0.010,0.096, 0.003, 0.008,-0.050, -0.275, -0.045,0.127, -0.121, 0.062,-0.068, -0.547, -0.248,0.065, -0.332, 0.003
220951,101,43,7,35,60,11,7,48,37,48,-0.113, 0.441, 0.082,0.179, 0.353, 0.162,-0.269, 0.470, 0.061,0.221, 0.136, 0.215,-0.337, 0.644, 0.096,0.300, -0.050, 0.260,-0.095, -0.002, -0.011,0.097, 0.008, 0.010,-0.058, -0.246, -0.048,0.118, -0.105, 0.051,-0.070, -0.502, -0.304,0.059, -0.309, -0.032
220951,99,41,5,41,83,13,7,37,33,39,-0.112, 0.440, 0.092,0.176, 0.352, 0.141,-0.248, 0.461, 0.081,0.220, 0.132, 0.195,-0.256, 0.633, 0.210,0.306, -0.054, 0.236,-0.095, -0.002, -0.011,0.097, 0.008, 0.010,-0.058, -0.264, -0.053,0.115, -0.131, 0.037,-0.065, -0.534, -0.294,0.055, -0.341, -0.048
220951,111,42,15,38,66,12,6,38,32,36,-0.111, 0.440, 0.092,0.173, 0.349, 0.151,-0.233, 0.481, 0.100,0.217, 0.130, 0.205,-0.254, 0.676, 0.205,0.302, -0.054, 0.251,-0.095, -0.002, -0.013,0.097, 0.008, 0.012,-0.061, -0.256, -0.056,0.097, -0.128, 0.047,-0.068, -0.520, -0.287,0.050, -0.334, -0.031
220951,103,37,30,32,73,16,11,28,26,28,-0.117, 0.439, 0.100,0.172, 0.347, 0.148,-0.235, 0.453, 0.145,0.212, 0.127, 0.183,-0.231, 0.608, 0.270,0.306, -0.061, 0.210,-0.095, -0.003, -0.015,0.097, 0.008, 0.013,-0.034, -0.268, -0.057,0.109, -0.187, 0.020,-0.025, -0.572, -0.261,0.073, -0.403, -0.077
220951,95,36,34,26,76,17,19,26,33,30,-0.118, 0.427, 0.112,0.173, 0.340, 0.153,-0.238, 0.417, 0.172,0.214, 0.109, 0.181,-0.249, 0.597, 0.296,0.314, -0.083, 0.214,-0.099, -0.002, -0.018,0.101, 0.008, 0.017,-0.022, -0.217, -0.046,0.122, -0.129, 0.003,-0.030, -0.525, -0.251,0.083, -0.369, -0.140
220951,90,36,33,24,85,18,20,23,33,25,-0.120, 0.419, 0.112,0.171, 0.331, 0.157,-0.238, 0.396, 0.168,0.213, 0.100, 0.183,-0.238, 0.572, 0.276,0.314, -0.086, 0.206,-0.099, -0.002, -0.023,0.101, 0.008, 0.022,-0.014, -0.234, -0.050,0.120, -0.136, 0.000,-0.007, -0.534, -0.256,0.089, -0.371, -0.130
220951,90,36,32,27,82,20,17,23,27,27,-0.121, 0.419, 0.110,0.172, 0.332, 0.159,-0.239, 0.398, 0.161,0.209, 0.098, 0.187,-0.251, 0.565, 0.269,0.315, -0.086, 0.213,-0.098, -0.003, -0.023,0.100, 0.007, 0.022,-0.014, -0.292, -0.051,0.120, -0.225, -0.002,0.000, -0.611, -0.233,0.087, -0.437, -0.129
220951,86,36,32,26,88,20,17,23,27,25,-0.122, 0.418, 0.111,0.172, 0.332, 0.160,-0.239, 0.387, 0.161,0.209, 0.099, 0.188,-0.239, 0.542, 0.268,0.316, -0.086, 0.214,-0.098, -0.003, -0.023,0.100, 0.007, 0.022,-0.013, -0.291, -0.050,0.118, -0.214, -0.002,-0.005, -0.610, -0.224,0.085, -0.431, -0.123
220951,76,34,24,33,95,22,23,21,28,19,-0.123, 0.366, 0.175,0.171, 0.302, 0.211,-0.227, 0.308, 0.209,0.211, 0.096, 0.190,-0.228, 0.416, 0.329,0.316, -0.086, 0.215,-0.099, -0.001, -0.023,0.100, 0.005, 0.022,-0.006, -0.267, -0.072,0.117, -0.165, -0.038,-0.006, -0.584, -0.265,0.084, -0.388, -0.186
220952,68,33,14,48,88,25,22,8,25,3,-0.137, 0.325, 0.216,0.170, 0.277, 0.228,-0.224, 0.246, 0.235,0.223, 0.090, 0.172,-0.226, 0.274, 0.364,0.316, -0.091, 0.195,-0.099, 0.001, -0.021,0.100, 0.003, 0.019,-0.007, -0.277, -0.107,0.089, -0.166, -0.097,-0.030, -0.584, -0.299,0.059, -0.405, -0.252
220952,46,46,7,33,61,22,12,13,20,9,-0.142, 0.320, 0.279,0.186, 0.269, 0.308,-0.205, 0.169, 0.265,0.236, 0.068, 0.282,-0.231, 0.121, 0.348,0.318, -0.154, 0.341,-0.102, 0.003, -0.021,0.103, -0.001, 0.019,-0.043, -0.280, -0.199,0.090, -0.248, -0.170,-0.072, -0.539, -0.476,0.047, -0.466, -0.390
220952,64,53,36,0,92,13,10,14,21,14,-0.139, 0.323, 0.276,0.191, 0.275, 0.318,-0.208, 0.186, 0.314,0.235, 0.068, 0.324,-0.234, 0.235, 0.418,0.315, -0.147, 0.371,-0.103, 0.006, -0.022,0.104, -0.005, 0.021,-0.043, -0.291, -0.218,0.096, -0.268, -0.180,-0.064, -0.535, -0.512,0.051, -0.466, -0.417
220952,61,46,28,24,131,13,8,10,23,13,-0.125, 0.335, 0.255,0.190, 0.278, 0.295,-0.195, 0.226, 0.281,0.234, 0.071, 0.282,-0.184, 0.290, 0.322,0.308, -0.149, 0.221,-0.103, 0.007, -0.022,0.104, -0.006, 0.021,-0.042, -0.286, -0.228,0.095, -0.256, -0.208,-0.060, -0.503, -0.536,0.032, -0.462, -0.474
220952,37,44,30,21,63,6,1,5,21,3,-0.120, 0.377, 0.153,0.152, 0.330, 0.262,-0.199, 0.272, 0.052,0.225, 0.119, 0.262,-0.278, 0.264, 0.063,0.305, -0.062, 0.278,-0.084, 0.005, -0.029,0.085, -0.005, 0.028,-0.043, -0.338, -0.190,0.055, -0.284, -0.143,-0.030, -0.625, -0.492,0.017, -0.493, -0.278
220952,57,39,36,18,108,14,9,16,14,7,-0.123, 0.411, 0.129,0.159, 0.358, 0.192,-0.205, 0.315, 0.166,0.208, 0.132, 0.221,-0.212, 0.434, 0.278,0.305, -0.062, 0.259,-0.085, 0.001, -0.023,0.086, -0.001, 0.024,-0.033, -0.339, -0.095,0.063, -0.276, -0.020,0.004, -0.654, -0.250,0.042, -0.481, -0.080
220952,51,33,44,6,62,19,7,21,16,9,-0.137, 0.408, 0.135,0.171, 0.364, 0.182,-0.232, 0.236, 0.203,0.209, 0.144, 0.184,-0.218, 0.207, 0.323,0.304, -0.061, 0.236,-0.088, 0.001, -0.005,0.089, -0.001, 0.005,-0.040, -0.370, -0.084,0.064, -0.276, -0.017,-0.047, -0.657, -0.226,0.039, -0.484, -0.070
220952,48,27,38,20,46,22,11,13,24,13,-0.137, 0.441, 0.119,0.175, 0.372, 0.128,-0.243, 0.242, 0.200,0.226, 0.143, 0.110,-0.225, 0.183, 0.270,0.309, -0.069, 0.176,-0.094, 0.003, -0.004,0.095, -0.003, 0.004,-0.067, -0.365, -0.034,0.074, -0.282, -0.028,-0.100, -0.651, -0.176,0.031, -0.518, -0.107
220953,50,28,42,0,41,18,7,12,19,10,-0.136, 0.466, 0.093,0.187, 0.392, 0.099,-0.249, 0.283, 0.192,0.241, 0.154, 0.100,-0.223, 0.190, 0.269,0.312, -0.069, 0.174,-0.097, 0.005, -0.002,0.098, -0.005, 0.002,-0.080, -0.364, -0.031,0.071, -0.287, -0.014,-0.114, -0.648, -0.147,0.017, -0.535, -0.060
220953,48,29,30,8,45,14,3,14,16,11,-0.136, 0.476, 0.102,0.197, 0.402, 0.098,-0.246, 0.311, 0.169,0.246, 0.167, 0.105,-0.215, 0.177, 0.284,0.313, -0.065, 0.173,-0.098, 0.005, 0.005,0.099, -0.005, -0.005,-0.083, -0.361, -0.053,0.074, -0.276, -0.017,-0.099, -0.647, -0.185,0.022, -0.504, -0.063
220953,43,28,21,22,42,19,6,13,15,18,-0.135, 0.464, 0.126,0.194, 0.400, 0.134,-0.229, 0.307, 0.161,0.244, 0.163, 0.114,-0.213, 0.146, 0.285,0.314, -0.069, 0.174,-0.099, 0.005, 0.002,0.099, -0.005, -0.003,-0.081, -0.362, -0.057,0.074, -0.275, -0.037,-0.091, -0.656, -0.188,0.021, -0.499, -0.139
220953,39,32,3,21,47,17,14,19,19,21,-0.133, 0.445, 0.173,0.194, 0.364, 0.180,-0.226, 0.290, 0.164,0.243, 0.129, 0.162,-0.213, 0.110, 0.274,0.315, -0.117, 0.218,-0.100, 0.004, 0.001,0.100, -0.005, -0.002,-0.088, -0.361, -0.042,0.075, -0.277, -0.038,-0.100, -0.653, -0.186,0.021, -0.516, -0.168
220953,38,38,0,4,44,13,21,23,21,19,-0.128, 0.444, 0.168,0.202, 0.353, 0.186,-0.220, 0.290, 0.163,0.259, 0.116, 0.184,-0.214, 0.122, 0.258,0.341, -0.139, 0.244,-0.101, 0.004, -0.002,0.102, -0.004, 0.001,-0.087, -0.362, -0.001,0.081, -0.287, -0.028,-0.103, -0.674, -0.123,0.027, -0.558, -0.153
220953,34,39,0,4,38,15,23,28,27,24,-0.112, 0.444, 0.166,0.211, 0.349, 0.185,-0.193, 0.289, 0.161,0.276, 0.110, 0.184,-0.215, 0.131, 0.260,0.362, -0.128, 0.248,-0.104, 0.007, -0.011,0.105, -0.007, 0.010,-0.087, -0.352, -0.001,0.094, -0.301, 0.005,-0.110, -0.671, -0.150,0.038, -0.580, -0.118
220953,30,40,3,11,38,16,26,33,33,30,-0.093, 0.450, 0.159,0.230, 0.344, 0.183,-0.167, 0.290, 0.158,0.298, 0.101, 0.174,-0.211, 0.141, 0.280,0.382, -0.138, 0.238,-0.107, 0.009, -0.014,0.108, -0.009, 0.013,-0.086, -0.342, 0.014,0.107, -0.300, 0.030,-0.118, -0.668, -0.157,0.046, -0.573, -0.096
220953,20,39,7,14,39,15,23,32,32,25,-0.083, 0.467, 0.129,0.233, 0.345, 0.183,-0.140, 0.307, 0.111,0.297, 0.104, 0.178,-0.192, 0.159, 0.215,0.380, -0.148, 0.244,-0.107, 0.011, -0.022,0.108, -0.011, 0.021,-0.092, -0.343, 0.006,0.107, -0.316, 0.042,-0.129, -0.668, -0.163,0.046, -0.588, -0.054
220953,20,42,33,10,36,10,22,30,35,30,-0.082, 0.469, 0.130,0.229, 0.344, 0.215,-0.146, 0.323, 0.058,0.291, 0.102, 0.220,-0.197, 0.168, 0.092,0.376, -0.169, 0.279,-0.107, 0.013, -0.025,0.108, -0.012, 0.024,-0.096, -0.339, -0.004,0.095, -0.316, 0.024,-0.124, -0.651, -0.193,0.045, -0.579, -0.127
220953,36,40,42,14,26,13,18,30,32,22,-0.070, 0.489, 0.050,0.227, 0.375, 0.209,-0.122, 0.344, -0.098,0.288, 0.128, 0.224,-0.190, 0.204, -0.148,0.375, -0.133, 0.302,-0.107, 0.013, -0.037,0.109, -0.012, 0.036,-0.095, -0.339, 0.003,0.092, -0.328, 0.062,-0.122, -0.656, -0.147,0.047, -0.613, -0.027
220953,29,38,36,17,25,16,16,30,30,20,-0.053, 0.492, 0.028,0.226, 0.385, 0.207,-0.099, 0.338, -0.092,0.285, 0.144, 0.223,-0.180, 0.199, -0.133,0.316, -0.091, 0.306,-0.108, 0.013, -0.044,0.109, -0.013, 0.043,-0.126, -0.331, 0.000,0.071, -0.332, 0.087,-0.178, -0.656, -0.138,0.026, -0.618, 0.022
220953,22,38,41,15,22,18,23,29,36,21,-0.058, 0.491, 0.051,0.226, 0.382, 0.205,-0.099, 0.324, -0.058,0.285, 0.147, 0.218,-0.181, 0.176, -0.105,0.283, -0.072, 0.277,-0.109, 0.013, -0.042,0.110, -0.013, 0.041,-0.120, -0.335, 0.032,0.071, -0.334, 0.076,-0.173, -0.657, -0.111,0.026, -0.618, -0.004
220953,26,36,37,11,30,26,17,22,42,26,-0.041, 0.500, 0.027,0.236, 0.394, 0.187,-0.091, 0.328, -0.094,0.285, 0.158, 0.202,-0.167, 0.180, -0.111,0.244, -0.044, 0.271,-0.108, 0.017, -0.044,0.110, -0.017, 0.043,-0.145, -0.318, 0.013,0.044, -0.339, 0.063,-0.217, -0.619, -0.186,-0.019, -0.620, -0.060
220953,21,33,36,14,33,31,14,17,48,31,-0.044, 0.499, 0.040,0.238, 0.403, 0.187,-0.095, 0.324, -0.064,0.280, 0.162, 0.196,-0.169, 0.168, -0.056,0.215, -0.043, 0.265,-0.108, 0.022, -0.044,0.109, -0.021, 0.042,-0.161, -0.288, -0.021,0.039, -0.339, 0.035,-0.218, -0.562, -0.295,-0.017, -0.615, -0.149
220953,19,28,31,33,31,30,3,8,40,26,-0.046, 0.505, 0.047,0.237, 0.402, 0.198,-0.104, 0.328, -0.051,0.259, 0.161, 0.196,-0.182, 0.164, -0.041,0.187, -0.040, 0.264,-0.108, 0.024, -0.043,0.109, -0.023, 0.042,-0.155, -0.285, -0.082,0.041, -0.329, -0.023,-0.217, -0.539, -0.368,-0.011, -0.598, -0.241
220953,20,27,21,10,35,31,1,5,38,23,-0.049, 0.508, 0.050,0.237, 0.406, 0.200,-0.124, 0.331, -0.036,0.246, 0.167, 0.203,-0.196, 0.163, 0.002,0.174, -0.014, 0.283,-0.107, 0.026, -0.044,0.108, -0.025, 0.042,-0.150, -0.283, -0.103,0.037, -0.323, -0.036,-0.209, -0.522, -0.384,-0.008, -0.592, -0.249
220953,20,27,8,24,37,28,4,4,35,20,-0.056, 0.513, 0.054,0.234, 0.419, 0.184,-0.146, 0.331, -0.003,0.246, 0.181, 0.197,-0.203, 0.161, 0.065,0.187, -0.007, 0.286,-0.107, 0.026, -0.043,0.108, -0.025, 0.042,-0.148, -0.286, -0.085,0.039, -0.324, -0.035,-0.205, -0.546, -0.330,0.004, -0.595, -0.221
220953,21,25,6,4,36,29,2,3,37,22,-0.068, 0.510, 0.067,0.231, 0.421, 0.182,-0.160, 0.327, 0.020,0.245, 0.188, 0.187,-0.208, 0.145, 0.096,0.191, 0.000, 0.271,-0.107, 0.025, -0.041,0.108, -0.025, 0.040,-0.148, -0.289, -0.108,0.040, -0.319, -0.064,-0.201, -0.534, -0.394,0.013, -0.581, -0.292
220953,22,24,10,6,36,30,3,2,37,22,-0.079, 0.510, 0.066,0.227, 0.425, 0.161,-0.170, 0.327, 0.017,0.245, 0.193, 0.164,-0.213, 0.147, 0.086,0.197, 0.011, 0.253,-0.107, 0.025, -0.039,0.108, -0.025, 0.038,-0.144, -0.296, -0.095,0.043, -0.320, -0.052,-0.199, -0.544, -0.365,0.015, -0.581, -0.259
220953,24,23,12,13,36,31,3,4,34,21,-0.089, 0.510, 0.064,0.224, 0.429, 0.138,-0.184, 0.326, 0.017,0.245, 0.196, 0.138,-0.218, 0.146, 0.083,0.201, 0.018, 0.229,-0.108, 0.024, -0.034,0.109, -0.023, 0.033,-0.126, -0.333, -0.081,0.056, -0.328, -0.048,-0.175, -0.603, -0.325,0.028, -0.606, -0.247
220953,27,23,9,3,35,36,7,6,37,19,-0.106, 0.509, 0.050,0.211, 0.434, 0.103,-0.203, 0.324, 0.016,0.245, 0.206, 0.111,-0.231, 0.147, 0.085,0.206, 0.035, 0.220,-0.109, 0.021, -0.031,0.110, -0.020, 0.030,-0.116, -0.338, -0.043,0.076, -0.335, -0.016,-0.163, -0.619, -0.270,0.052, -0.628, -0.173
220953,29,22,7,17,37,34,7,6,35,18,-0.126, 0.504, 0.061,0.196, 0.437, 0.114,-0.226, 0.314, 0.030,0.235, 0.210, 0.108,-0.241, 0.130, 0.105,0.212, 0.039, 0.205,-0.110, 0.017, -0.027,0.111, -0.017, 0.026,-0.107, -0.356, -0.045,0.082, -0.339, -0.016,-0.159, -0.638, -0.260,0.055, -0.642, -0.167
220953,30,22,14,33,39,32,7,8,35,22,-0.132, 0.503, 0.073,0.190, 0.442, 0.118,-0.233, 0.316, 0.031,0.236, 0.226, 0.096,-0.244, 0.131, 0.099,0.220, 0.056, 0.167,-0.110, 0.014, -0.024,0.111, -0.013, 0.022,-0.096, -0.358, -0.046,0.095, -0.338, -0.016,-0.142, -0.640, -0.264,0.076, -0.641, -0.184
220954,31,20,21,53,41,29,8,11,29,16,-0.137, 0.500, 0.071,0.186, 0.449, 0.108,-0.238, 0.317, 0.019,0.231, 0.239, 0.059,-0.247, 0.131, 0.079,0.219, 0.056, 0.098,-0.111, 0.011, -0.021,0.112, -0.011, 0.020,-0.095, -0.368, -0.038,0.115, -0.342, -0.004,-0.146, -0.662, -0.207,0.100, -0.664, -0.123
220954,32,22,26,56,41,31,9,10,29,17,-0.149, 0.498, 0.071,0.179, 0.463, 0.090,-0.248, 0.317, 0.014,0.229, 0.262, 0.025,-0.248, 0.132, 0.063,0.217, 0.079, 0.055,-0.111, 0.006, -0.014,0.112, -0.006, 0.013,-0.090, -0.378, -0.018,0.117, -0.342, -0.004,-0.138, -0.681, -0.180,0.098, -0.659, -0.123
220954,33,25,28,53,44,36,9,9,31,20,-0.159, 0.496, 0.070,0.174, 0.479, 0.076,-0.256, 0.316, 0.013,0.230, 0.284, 0.004,-0.247, 0.132, 0.068,0.218, 0.100, 0.040,-0.112, 0.003, -0.011,0.113, -0.002, 0.009,-0.088, -0.385, -0.007,0.116, -0.344, -0.001,-0.128, -0.687, -0.179,0.099, -0.658, -0.126
220954,33,24,30,49,46,41,11,10,30,19,-0.162, 0.491, 0.069,0.169, 0.481, 0.066,-0.258, 0.309, 0.013,0.223, 0.289, 0.001,-0.241, 0.128, 0.070,0.196, 0.116, 0.050,-0.112, 0.000, -0.010,0.113, 0.000, 0.009,-0.089, -0.384, 0.002,0.113, -0.347, 0.018,-0.130, -0.690, -0.151,0.094, -0.674, -0.087
220954,33,24,30,50,46,41,10,9,31,21,-0.166, 0.490, 0.070,0.160, 0.495, 0.057,-0.261, 0.307, 0.019,0.212, 0.306, -0.012,-0.238, 0.127, 0.076,0.192, 0.133, 0.041,-0.112, -0.003, -0.007,0.113, 0.004, 0.005,-0.082, -0.384, 0.006,0.112, -0.349, 0.015,-0.118, -0.690, -0.158,0.092, -0.672, -0.103
220954,33,23,30,54,46,39,12,10,31,23,-0.165, 0.489, 0.084,0.156, 0.495, 0.065,-0.264, 0.306, 0.033,0.203, 0.311, -0.009,-0.237, 0.127, 0.085,0.192, 0.135, 0.036,-0.112, -0.004, -0.006,0.113, 0.005, 0.005,-0.072, -0.387, 0.008,0.109, -0.354, 0.019,-0.097, -0.696, -0.157,0.066, -0.677, -0.101
220954,33,22,31,58,44,40,13,11,32,24,-0.162, 0.489, 0.099,0.158, 0.496, 0.068,-0.262, 0.306, 0.050,0.197, 0.315, -0.012,-0.236, 0.127, 0.092,0.191, 0.138, 0.037,-0.112, -0.006, -0.004,0.113, 0.006, 0.002,-0.067, -0.388, 0.011,0.108, -0.356, 0.018,-0.092, -0.698, -0.160,0.059, -0.677, -0.106
220954,33,26,34,62,44,41,15,11,32,21,-0.162, 0.491, 0.103,0.159, 0.496, 0.067,-0.260, 0.312, 0.050,0.197, 0.319, -0.031,-0.232, 0.131, 0.083,0.191, 0.139, 0.003,-0.112, -0.006, -0.002,0.113, 0.007, 0.000,-0.061, -0.393, 0.025,0.108, -0.360, 0.017,-0.083, -0.702, -0.133,0.058, -0.693, -0.094
220954,33,28,36,63,42,40,15,10,33,21,-0.161, 0.497, 0.101,0.160, 0.501, 0.056,-0.258, 0.321, 0.048,0.195, 0.326, -0.048,-0.229, 0.140, 0.064,0.192, 0.147, -0.020,-0.111, -0.007, 0.001,0.112, 0.008, -0.003,-0.063, -0.393, 0.030,0.112, -0.360, 0.013,-0.088, -0.704, -0.128,0.070, -0.692, -0.098
220954,34,28,37,64,41,40,17,9,30,19,-0.156, 0.500, 0.099,0.161, 0.502, 0.043,-0.257, 0.326, 0.047,0.189, 0.326, -0.064,-0.224, 0.144, 0.039,0.184, 0.147, -0.038,-0.111, -0.008, 0.006,0.112, 0.009, -0.008,-0.064, -0.393, 0.051,0.112, -0.359, 0.000,-0.093, -0.708, -0.077,0.072, -0.690, -0.100
220954,35,28,40,66,43,38,15,9,32,19,-0.145, 0.502, 0.098,0.166, 0.501, 0.041,-0.254, 0.330, 0.034,0.191, 0.325, -0.067,-0.220, 0.149, 0.012,0.185, 0.149, -0.047,-0.111, -0.008, 0.007,0.112, 0.008, -0.008,-0.074, -0.393, 0.043,0.118, -0.359, -0.002,-0.115, -0.706, -0.102,0.086, -0.689, -0.102
220954,36,31,42,66,43,36,16,8,35,23,-0.133, 0.506, 0.089,0.171, 0.500, 0.018,-0.247, 0.333, 0.023,0.191, 0.324, -0.092,-0.211, 0.153, -0.015,0.184, 0.150, -0.079,-0.111, -0.008, 0.009,0.112, 0.009, -0.010,-0.077, -0.391, 0.057,0.117, -0.359, -0.005,-0.129, -0.701, -0.091,0.087, -0.681, -0.137
220954,38,30,42,73,46,35,16,9,36,29,-0.122, 0.510, 0.080,0.184, 0.500, 0.011,-0.247, 0.344, 0.009,0.192, 0.323, -0.096,-0.212, 0.161, -0.035,0.183, 0.148, -0.085,-0.111, -0.008, 0.010,0.112, 0.008, -0.012,-0.088, -0.384, 0.071,0.117, -0.359, -0.005,-0.149, -0.693, -0.073,0.094, -0.663, -0.166
220954,40,34,44,76,47,33,16,9,38,29,-0.112, 0.513, 0.072,0.191, 0.493, -0.006,-0.245, 0.349, -0.004,0.189, 0.312, -0.131,-0.207, 0.164, -0.063,0.176, 0.142, -0.135,-0.111, -0.008, 0.012,0.112, 0.008, -0.013,-0.097, -0.376, 0.073,0.111, -0.359, -0.002,-0.165, -0.670, -0.072,0.092, -0.661, -0.160
220954,40,33,44,78,49,33,16,7,40,34,-0.098, 0.515, 0.075,0.196, 0.482, -0.017,-0.241, 0.352, 0.002,0.183, 0.295, -0.139,-0.205, 0.163, -0.050,0.164, 0.122, -0.136,-0.111, -0.007, 0.018,0.112, 0.008, -0.019,-0.096, -0.369, 0.081,0.095, -0.361, -0.020,-0.164, -0.651, -0.067,0.076, -0.653, -0.220
220954,39,30,42,80,49,35,17,6,42,34,-0.084, 0.516, 0.075,0.202, 0.470, -0.032,-0.233, 0.351, 0.016,0.180, 0.272, -0.143,-0.201, 0.162, -0.043,0.158, 0.104, -0.124,-0.110, -0.006, 0.021,0.111, 0.007, -0.022,-0.099, -0.365, 0.088,0.082, -0.365, -0.019,-0.177, -0.641, -0.067,0.057, -0.652, -0.216
220954,38,27,41,91,47,31,16,6,41,33,-0.070, 0.518, 0.076,0.202, 0.466, -0.036,-0.220, 0.355, 0.022,0.159, 0.264, -0.136,-0.198, 0.164, -0.037,0.121, 0.088, -0.116,-0.109, -0.004, 0.021,0.110, 0.005, -0.022,-0.106, -0.363, 0.084,0.075, -0.365, -0.018,-0.186, -0.636, -0.069,0.047, -0.654, -0.204
220954,38,27,41,93,48,32,15,6,39,25,-0.064, 0.520, 0.076,0.204, 0.468, -0.038,-0.218, 0.357, 0.025,0.154, 0.268, -0.137,-0.196, 0.165, -0.036,0.116, 0.092, -0.115,-0.108, -0.002, 0.022,0.109, 0.003, -0.023,-0.116, -0.363, 0.078,0.073, -0.362, -0.020,-0.197, -0.641, -0.073,0.037, -0.663, -0.160
220954,39,27,40,99,50,33,14,6,39,26,-0.051, 0.520, 0.076,0.217, 0.463, -0.037,-0.216, 0.360, 0.023,0.154, 0.261, -0.138,-0.193, 0.168, -0.042,0.114, 0.085, -0.116,-0.108, 0.001, 0.022,0.109, -0.001, -0.023,-0.126, -0.358, 0.076,0.066, -0.362, -0.014,-0.205, -0.633, -0.085,0.025, -0.662, -0.159
220954,40,28,41,100,49,34,13,5,40,25,-0.049, 0.520, 0.075,0.221, 0.463, -0.035,-0.212, 0.365, 0.018,0.153, 0.264, -0.141,-0.193, 0.176, -0.045,0.109, 0.087, -0.115,-0.108, 0.004, 0.021,0.109, -0.003, -0.023,-0.133, -0.357, 0.070,0.059, -0.360, -0.010,-0.222, -0.625, -0.098,0.010, -0.663, -0.145
220954,39,28,43,104,48,34,11,6,35,24,-0.046, 0.521, 0.075,0.229, 0.460, -0.034,-0.206, 0.366, 0.012,0.154, 0.265, -0.138,-0.191, 0.176, -0.046,0.113, 0.088, -0.114,-0.108, 0.007, 0.021,0.109, -0.007, -0.023,-0.142, -0.354, 0.055,0.061, -0.360, -0.010,-0.233, -0.628, -0.102,0.006, -0.665, -0.138
220954,40,29,44,103,48,32,8,8,30,22,-0.040, 0.524, 0.075,0.246, 0.458, -0.027,-0.197, 0.378, 0.002,0.172, 0.268, -0.138,-0.182, 0.185, -0.058,0.117, 0.102, -0.126,-0.108, 0.011, 0.021,0.109, -0.010, -0.022,-0.158, -0.353, 0.038,0.058, -0.360, -0.011,-0.248, -0.630, -0.106,0.000, -0.668, -0.131
220954,40,30,43,104,46,33,6,10,30,22,-0.037, 0.526, 0.075,0.262, 0.449, 0.003,-0.187, 0.382, -0.011,0.195, 0.267, -0.123,-0.179, 0.190, -0.071,0.133, 0.102, -0.123,-0.109, 0.013, 0.017,0.110, -0.012, -0.018,-0.166, -0.353, 0.019,0.058, -0.361, -0.011,-0.253, -0.631, -0.143,0.000, -0.667, -0.133
220955,41,31,42,102,47,33,7,10,31,23,-0.034, 0.528, 0.074,0.270, 0.449, 0.009,-0.187, 0.389, -0.015,0.210, 0.269, -0.120,-0.177, 0.202, -0.075,0.147, 0.107, -0.122,-0.110, 0.015, 0.015,0.111, -0.014, -0.016,-0.166, -0.350, 0.019,0.055, -0.360, -0.008,-0.250, -0.627, -0.150,-0.003, -0.666, -0.134
220955,41,32,39,100,50,34,7,10,33,24,-0.028, 0.528, 0.067,0.273, 0.447, 0.008,-0.185, 0.391, -0.019,0.221, 0.269, -0.122,-0.172, 0.208, -0.071,0.159, 0.114, -0.123,-0.110, 0.016, 0.013,0.111, -0.015, -0.014,-0.167, -0.348, 0.022,0.051, -0.360, 0.001,-0.247, -0.622, -0.151,-0.007, -0.667, -0.129
220955,42,32,38,98,50,33,7,10,32,25,-0.030, 0.529, 0.067,0.275, 0.447, 0.018,-0.185, 0.395, -0.020,0.233, 0.273, -0.112,-0.173, 0.215, -0.072,0.171, 0.121, -0.123,-0.111, 0.016, 0.012,0.112, -0.016, -0.013,-0.166, -0.349, 0.022,0.052, -0.360, -0.008,-0.248, -0.633, -0.150,-0.009, -0.664, -0.147
220955,42,32,37,94,51,36,7,10,33,25,-0.032, 0.529, 0.069,0.277, 0.448, 0.027,-0.187, 0.398, -0.019,0.249, 0.277, -0.100,-0.174, 0.222, -0.070,0.190, 0.130, -0.104,-0.112, 0.016, 0.012,0.113, -0.016, -0.013,-0.166, -0.352, 0.019,0.052, -0.362, -0.017,-0.246, -0.640, -0.161,-0.010, -0.664, -0.165
220955,43,32,36,90,51,38,6,10,31,23,-0.033, 0.529, 0.070,0.281, 0.448, 0.032,-0.188, 0.401, -0.019,0.265, 0.278, -0.088,-0.174, 0.221, -0.069,0.200, 0.129, -0.090,-0.113, 0.017, 0.011,0.114, -0.016, -0.013,-0.169, -0.353, 0.015,0.052, -0.362, -0.027,-0.252, -0.643, -0.159,-0.009, -0.664, -0.176
220955,44,34,37,89,52,39,4,9,29,21,-0.035, 0.529, 0.070,0.280, 0.450, 0.034,-0.188, 0.403, -0.023,0.266, 0.287, -0.089,-0.173, 0.222, -0.071,0.204, 0.137, -0.092,-0.113, 0.017, 0.011,0.114, -0.016, -0.012,-0.168, -0.351, -0.001,0.052, -0.363, -0.032,-0.251, -0.643, -0.176,-0.011, -0.667, -0.176
220955,44,34,37,88,53,39,3,9,26,20,-0.038, 0.529, 0.070,0.279, 0.454, 0.036,-0.190, 0.405, -0.022,0.269, 0.295, -0.083,-0.175, 0.223, -0.067,0.205, 0.141, -0.087,-0.114, 0.017, 0.009,0.114, -0.016, -0.010,-0.169, -0.351, -0.014,0.053, -0.365, -0.031,-0.252, -0.646, -0.184,-0.010, -0.678, -0.173
220955,44,32,36,89,52,38,2,9,24,19,-0.043, 0.529, 0.071,0.278, 0.454, 0.043,-0.192, 0.405, -0.023,0.268, 0.295, -0.071,-0.177, 0.223, -0.066,0.203, 0.140, -0.075,-0.114, 0.017, 0.008,0.115, -0.017, -0.009,-0.169, -0.351, -0.023,0.053, -0.366, -0.030,-0.251, -0.648, -0.190,-0.010, -0.682, -0.165
220955,42,31,31,86,56,40,1,8,28,20,-0.048, 0.533, 0.057,0.270, 0.459, 0.041,-0.192, 0.405, -0.022,0.271, 0.295, -0.060,-0.177, 0.223, -0.020,0.208, 0.139, -0.052,-0.114, 0.017, 0.004,0.115, -0.017, -0.006,-0.167, -0.350, -0.027,0.053, -0.367, -0.029,-0.236, -0.644, -0.225,-0.010, -0.682, -0.171
220955,40,25,24,80,55,41,2,7,25,18,-0.054, 0.535, 0.059,0.267, 0.461, 0.057,-0.192, 0.405, -0.004,0.277, 0.295, -0.010,-0.179, 0.221, 0.016,0.210, 0.128, 0.024,-0.113, 0.017, 0.001,0.114, -0.017, -0.002,-0.159, -0.350, -0.054,0.054, -0.367, -0.037,-0.221, -0.645, -0.254,-0.010, -0.682, -0.183
220955,39,25,25,72,53,42,2,7,24,18,-0.063, 0.536, 0.060,0.259, 0.464, 0.057,-0.194, 0.403, -0.001,0.278, 0.295, -0.004,-0.184, 0.220, 0.024,0.209, 0.121, 0.038,-0.113, 0.017, -0.001,0.114, -0.017, 0.000,-0.154, -0.350, -0.063,0.057, -0.366, -0.037,-0.213, -0.645, -0.263,-0.003, -0.681, -0.182
220955,38,27,26,66,51,42,1,6,27,19,-0.069, 0.536, 0.060,0.251, 0.468, 0.055,-0.195, 0.400, 0.001,0.278, 0.295, -0.009,-0.186, 0.218, 0.027,0.210, 0.121, 0.027,-0.113, 0.017, -0.002,0.114, -0.017, 0.001,-0.147, -0.350, -0.056,0.057, -0.367, -0.037,-0.198, -0.645, -0.268,-0.003, -0.681, -0.187
220955,36,26,24,62,50,42,2,6,25,19,-0.074, 0.536, 0.060,0.247, 0.468, 0.060,-0.196, 0.395, 0.005,0.278, 0.289, 0.001,-0.188, 0.211, 0.039,0.211, 0.113, 0.044,-0.113, 0.017, -0.004,0.114, -0.016, 0.003,-0.143, -0.351, -0.065,0.059, -0.367, -0.036,-0.194, -0.647, -0.275,0.000, -0.681, -0.187
220955,34,27,24,55,52,45,1,5,28,22,-0.085, 0.535, 0.059,0.238, 0.469, 0.062,-0.202, 0.383, 0.006,0.278, 0.283, 0.005,-0.197, 0.205, 0.070,0.213, 0.108, 0.058,-0.113, 0.016, -0.006,0.114, -0.016, 0.004,-0.135, -0.353, -0.061,0.059, -0.367, -0.039,-0.177, -0.647, -0.283,0.002, -0.674, -0.216
220955,34,28,22,49,53,47,1,4,27,20,-0.094, 0.535, 0.059,0.233, 0.470, 0.067,-0.208, 0.378, 0.009,0.281, 0.278, 0.014,-0.199, 0.200, 0.086,0.216, 0.103, 0.073,-0.113, 0.016, -0.006,0.114, -0.016, 0.005,-0.129, -0.363, -0.064,0.059, -0.371, -0.039,-0.176, -0.662, -0.280,0.001, -0.687, -0.206
220955,33,29,20,45,51,48,0,5,26,18,-0.107, 0.526, 0.072,0.228, 0.469, 0.086,-0.219, 0.361, 0.023,0.287, 0.267, 0.030,-0.207, 0.175, 0.101,0.217, 0.089, 0.089,-0.113, 0.015, -0.007,0.114, -0.015, 0.006,-0.120, -0.369, -0.067,0.066, -0.373, -0.037,-0.168, -0.674, -0.276,0.008, -0.694, -0.189
220955,30,30,22,43,47,49,0,7,26,18,-0.115, 0.521, 0.069,0.221, 0.469, 0.083,-0.219, 0.347, 0.022,0.286, 0.265, 0.026,-0.206, 0.159, 0.091,0.219, 0.086, 0.082,-0.113, 0.014, -0.008,0.114, -0.013, 0.007,-0.115, -0.373, -0.065,0.074, -0.373, -0.022,-0.158, -0.679, -0.273,0.026, -0.700, -0.160
220955,29,30,23,41,47,49,0,7,25,17,-0.123, 0.519, 0.070,0.216, 0.469, 0.086,-0.221, 0.338, 0.023,0.287, 0.263, 0.028,-0.208, 0.145, 0.100,0.223, 0.082, 0.084,-0.114, 0.013, -0.009,0.115, -0.012, 0.007,-0.108, -0.376, -0.074,0.081, -0.373, -0.027,-0.150, -0.685, -0.284,0.032, -0.699, -0.163
220955,28,31,23,41,48,47,0,7,25,18,-0.130, 0.513, 0.068,0.213, 0.470, 0.084,-0.223, 0.326, 0.023,0.287, 0.263, 0.024,-0.208, 0.132, 0.117,0.230, 0.074, 0.082,-0.114, 0.011, -0.009,0.115, -0.011, 0.007,-0.105, -0.376, -0.073,0.084, -0.373, -0.024,-0.140, -0.682, -0.283,0.036, -0.699, -0.163
220955,27,31,21,41,48,47,0,7,27,19,-0.133, 0.511, 0.064,0.210, 0.471, 0.084,-0.224, 0.320, 0.023,0.286, 0.262, 0.023,-0.208, 0.127, 0.123,0.234, 0.071, 0.084,-0.114, 0.011, -0.009,0.115, -0.010, 0.008,-0.101, -0.378, -0.067,0.083, -0.375, -0.016,-0.132, -0.681, -0.281,0.034, -0.703, -0.157
220955,26,30,21,36,47,47,0,8,27,19,-0.134, 0.506, 0.063,0.209, 0.471, 0.085,-0.222, 0.311, 0.022,0.286, 0.260, 0.037,-0.208, 0.117, 0.126,0.238, 0.068, 0.116,-0.114, 0.010, -0.010,0.115, -0.009, 0.009,-0.094, -0.378, -0.069,0.084, -0.375, -0.006,-0.116, -0.680, -0.284,0.036, -0.705, -0.135
220955,24,31,19,32,45,46,1,9,27,20,-0.135, 0.504, 0.058,0.208, 0.471, 0.084,-0.219, 0.305, 0.022,0.287, 0.261, 0.042,-0.205, 0.106, 0.129,0.243, 0.063, 0.125,-0.114, 0.010, -0.011,0.115, -0.009, 0.010,-0.090, -0.378, -0.069,0.085, -0.376, 0.002,-0.110, -0.680, -0.284,0.040, -0.707, -0.128
220955,23,31,18,28,45,46,0,9,28,19,-0.138, 0.501, 0.058,0.207, 0.472, 0.084,-0.216, 0.297, 0.026,0.287, 0.260, 0.048,-0.200, 0.098, 0.142,0.247, 0.061, 0.144,-0.114, 0.009, -0.012,0.115, -0.008, 0.011,-0.091, -0.379, -0.063,0.087, -0.376, 0.005,-0.113, -0.680, -0.274,0.051, -0.709, -0.122
220955,21,31,18,25,43,44,1,10,29,22,-0.138, 0.501, 0.055,0.207, 0.472, 0.083,-0.210, 0.298, 0.024,0.288, 0.260, 0.052,-0.202, 0.101, 0.136,0.255, 0.061, 0.148,-0.115, 0.009, -0.013,0.116, -0.008, 0.012,-0.089, -0.379, -0.061,0.093, -0.376, 0.004,-0.103, -0.680, -0.276,0.062, -0.701, -0.138
220956,21,31,20,22,43,43,2,9,30,22,-0.139, 0.502, 0.052,0.205, 0.472, 0.085,-0.207, 0.302, 0.019,0.289, 0.260, 0.059,-0.205, 0.104, 0.132,0.254, 0.057, 0.151,-0.115, 0.008, -0.016,0.116, -0.007, 0.014,-0.085, -0.379, -0.077,0.101, -0.374, -0.005,-0.105, -0.677, -0.312,0.078, -0.696, -0.157
220956,21,31,20,23,42,42,1,10,32,23,-0.139, 0.503, 0.047,0.206, 0.472, 0.083,-0.207, 0.303, 0.013,0.289, 0.258, 0.056,-0.210, 0.103, 0.130,0.258, 0.054, 0.147,-0.115, 0.007, -0.016,0.116, -0.007, 0.015,-0.084, -0.377, -0.068,0.103, -0.374, -0.003,-0.102, -0.673, -0.309,0.081, -0.693, -0.157
220956,21,32,18,19,40,41,1,10,32,21,-0.139, 0.503, 0.048,0.206, 0.472, 0.084,-0.207, 0.300, 0.016,0.293, 0.255, 0.063,-0.225, 0.093, 0.136,0.269, 0.046, 0.164,-0.115, 0.007, -0.016,0.116, -0.007, 0.015,-0.085, -0.375, -0.068,0.103, -0.374, 0.001,-0.105, -0.666, -0.304,0.082, -0.697, -0.138
220956,21,32,15,16,38,40,2,10,32,21,-0.139, 0.503, 0.059,0.209, 0.471, 0.086,-0.207, 0.299, 0.034,0.297, 0.250, 0.066,-0.232, 0.093, 0.154,0.274, 0.040, 0.167,-0.115, 0.007, -0.015,0.116, -0.007, 0.014,-0.084, -0.373, -0.070,0.109, -0.371, -0.020,-0.105, -0.663, -0.313,0.086, -0.693, -0.179
220956,21,32,18,20,38,39,2,10,32,21,-0.138, 0.503, 0.066,0.214, 0.470, 0.090,-0.207, 0.299, 0.037,0.299, 0.246, 0.066,-0.235, 0.093, 0.156,0.281, 0.034, 0.164,-0.116, 0.007, -0.015,0.116, -0.007, 0.013,-0.083, -0.371, -0.074,0.108, -0.370, -0.019,-0.103, -0.657, -0.319,0.084, -0.693, -0.178
220956,20,32,13,21,40,40,2,10,32,20,-0.136, 0.503, 0.066,0.217, 0.470, 0.089,-0.204, 0.298, 0.045,0.303, 0.245, 0.062,-0.233, 0.094, 0.180,0.283, 0.033, 0.161,-0.116, 0.007, -0.014,0.117, -0.007, 0.013,-0.082, -0.371, -0.072,0.109, -0.370, -0.025,-0.103, -0.655, -0.316,0.086, -0.693, -0.186
220956,20,33,16,21,39,39,3,11,31,19,-0.132, 0.505, 0.072,0.223, 0.467, 0.094,-0.200, 0.298, 0.048,0.309, 0.242, 0.066,-0.233, 0.095, 0.177,0.290, 0.027, 0.160,-0.116, 0.007, -0.014,0.117, -0.007, 0.013,-0.082, -0.371, -0.079,0.108, -0.369, -0.027,-0.102, -0.655, -0.323,0.086, -0.693, -0.183
220956,21,33,20,25,41,38,3,12,32,19,-0.126, 0.505, 0.088,0.230, 0.459, 0.106,-0.200, 0.305, 0.056,0.311, 0.235, 0.072,-0.234, 0.107, 0.179,0.301, 0.024, 0.165,-0.116, 0.008, -0.014,0.117, -0.007, 0.013,-0.085, -0.370, -0.081,0.108, -0.368, -0.035,-0.109, -0.652, -0.330,0.086, -0.688, -0.200
220956,22,32,15,25,40,37,3,12,34,20,-0.121, 0.507, 0.091,0.236, 0.457, 0.105,-0.200, 0.307, 0.067,0.313, 0.230, 0.072,-0.234, 0.111, 0.190,0.308, 0.021, 0.165,-0.116, 0.009, -0.013,0.117, -0.008, 0.012,-0.093, -0.364, -0.079,0.105, -0.368, -0.035,-0.112, -0.638, -0.338,0.083, -0.684, -0.201
220956,22,32,17,26,40,35,2,12,34,20,-0.117, 0.507, 0.100,0.240, 0.451, 0.117,-0.199, 0.308, 0.070,0.312, 0.218, 0.086,-0.234, 0.112, 0.188,0.305, 0.005, 0.177,-0.116, 0.010, -0.013,0.117, -0.009, 0.012,-0.102, -0.362, -0.091,0.100, -0.369, -0.041,-0.116, -0.638, -0.378,0.070, -0.685, -0.215
220956,22,31,20,29,40,35,0,11,35,22,-0.117, 0.509, 0.106,0.239, 0.448, 0.124,-0.199, 0.309, 0.071,0.309, 0.212, 0.090,-0.236, 0.111, 0.185,0.304, -0.003, 0.179,-0.116, 0.011, -0.013,0.117, -0.010, 0.012,-0.116, -0.360, -0.096,0.094, -0.370, -0.051,-0.128, -0.636, -0.405,0.054, -0.683, -0.246
220956,22,29,22,40,36,34,3,11,38,23,-0.115, 0.509, 0.114,0.239, 0.445, 0.144,-0.199, 0.310, 0.071,0.304, 0.208, 0.097,-0.239, 0.109, 0.159,0.303, -0.010, 0.178,-0.116, 0.011, -0.013,0.117, -0.011, 0.012,-0.133, -0.360, -0.094,0.084, -0.371, -0.052,-0.138, -0.626, -0.415,0.040, -0.678, -0.257
220956,22,28,26,41,39,31,6,10,45,32,-0.110, 0.509, 0.076,0.239, 0.445, 0.117,-0.195, 0.314, 0.019,0.299, 0.208, 0.075,-0.238, 0.111, 0.107,0.301, -0.007, 0.147,-0.116, 0.011, -0.014,0.117, -0.011, 0.012,-0.130, -0.360, -0.042,0.072, -0.368, -0.020,-0.146, -0.620, -0.352,0.033, -0.668, -0.250
220956,25,28,23,35,37,28,4,10,45,37,-0.107, 0.509, 0.008,0.239, 0.443, 0.060,-0.192, 0.315, -0.044,0.296, 0.205, 0.031,-0.237, 0.118, 0.035,0.301, -0.005, 0.106,-0.116, 0.011, -0.015,0.117, -0.011, 0.014,-0.127, -0.358, -0.005,0.063, -0.368, 0.031,-0.146, -0.620, -0.258,0.032, -0.657, -0.173
220956,25,28,21,28,37,29,3,10,43,37,-0.102, 0.509, 0.001,0.239, 0.439, 0.055,-0.189, 0.316, -0.050,0.294, 0.202, 0.035,-0.236, 0.124, 0.031,0.295, -0.003, 0.117,-0.116, 0.011, -0.016,0.117, -0.011, 0.015,-0.127, -0.356, -0.004,0.057, -0.366, 0.037,-0.153, -0.621, -0.241,0.032, -0.654, -0.154
220956,23,28,21,33,36,29,6,11,44,35,-0.095, 0.509, 0.015,0.243, 0.436, 0.062,-0.182, 0.316, -0.033,0.296, 0.199, 0.037,-0.234, 0.124, 0.052,0.295, -0.002, 0.115,-0.116, 0.011, -0.017,0.117, -0.011, 0.015,-0.128, -0.353, 0.000,0.060, -0.365, 0.035,-0.167, -0.621, -0.239,0.035, -0.656, -0.150
220956,22,28,16,27,31,30,6,11,43,32,-0.095, 0.510, 0.010,0.244, 0.433, 0.056,-0.180, 0.316, -0.028,0.296, 0.196, 0.037,-0.235, 0.126, 0.044,0.293, -0.001, 0.119,-0.116, 0.011, -0.018,0.117, -0.011, 0.016,-0.130, -0.346, 0.002,0.078, -0.363, 0.028,-0.188, -0.621, -0.230,0.044, -0.656, -0.150
220956,20,27,2,4,26,37,7,14,41,31,-0.095, 0.510, 0.001,0.244, 0.428, 0.043,-0.180, 0.309, -0.013,0.292, 0.189, 0.045,-0.245, 0.126, 0.068,0.282, 0.000, 0.181,-0.116, 0.011, -0.018,0.117, -0.011, 0.016,-0.131, -0.332, 0.017,0.101, -0.360, 0.024,-0.196, -0.614, -0.178,0.061, -0.652, -0.145
220956,20,27,3,5,26,37,9,16,40,30,-0.094, 0.510, -0.002,0.247, 0.427, 0.044,-0.181, 0.308, -0.008,0.290, 0.184, 0.054,-0.250, 0.126, 0.084,0.279, -0.001, 0.196,-0.116, 0.012, -0.018,0.117, -0.011, 0.017,-0.130, -0.334, 0.031,0.111, -0.360, 0.025,-0.202, -0.619, -0.147,0.072, -0.653, -0.136
220956,22,27,18,31,22,32,10,16,42,30,-0.094, 0.510, 0.001,0.248, 0.422, 0.059,-0.187, 0.307, 0.015,0.282, 0.173, 0.088,-0.262, 0.126, 0.110,0.268, -0.006, 0.225,-0.117, 0.012, -0.019,0.117, -0.011, 0.018,-0.129, -0.335, 0.033,0.110, -0.359, 0.025,-0.202, -0.623, -0.156,0.078, -0.652, -0.138
220956,24,25,11,33,21,30,12,18,44,39,-0.094, 0.510, 0.000,0.248, 0.426, 0.056,-0.195, 0.310, 0.004,0.278, 0.174, 0.084,-0.277, 0.125, 0.085,0.256, -0.005, 0.209,-0.117, 0.011, -0.019,0.118, -0.011, 0.018,-0.127, -0.336, 0.044,0.108, -0.366, 0.059,-0.208, -0.622, -0.146,0.076, -0.646, -0.120
220956,24,25,8,29,22,32,12,18,45,41,-0.098, 0.510, -0.002,0.243, 0.432, 0.056,-0.197, 0.308, -0.003,0.275, 0.175, 0.082,-0.284, 0.123, 0.078,0.237, -0.005, 0.202,-0.117, 0.011, -0.019,0.118, -0.011, 0.018,-0.125, -0.337, 0.044,0.107, -0.368, 0.066,-0.211, -0.620, -0.150,0.075, -0.643, -0.114
220956,23,24,9,3,21,32,11,17,53,42,-0.099, 0.508, -0.004,0.239, 0.432, 0.053,-0.197, 0.304, -0.005,0.276, 0.177, 0.062,-0.288, 0.120, 0.077,0.234, -0.004, 0.159,-0.117, 0.011, -0.020,0.118, -0.011, 0.019,-0.116, -0.336, 0.040,0.107, -0.369, 0.068,-0.206, -0.599, -0.203,0.083, -0.636, -0.119
220957,23,24,13,4,20,34,11,17,56,42,-0.101, 0.507, -0.013,0.236, 0.432, 0.044,-0.198, 0.301, -0.006,0.276, 0.178, 0.048,-0.288, 0.116, 0.077,0.233, -0.004, 0.145,-0.117, 0.011, -0.020,0.118, -0.011, 0.020,-0.111, -0.332, 0.041,0.110, -0.367, 0.065,-0.198, -0.587, -0.214,0.086, -0.629, -0.120
220957,23,25,15,1,15,35,9,16,54,45,-0.107, 0.504, -0.027,0.229, 0.434, 0.029,-0.202, 0.295, -0.017,0.277, 0.184, 0.035,-0.295, 0.113, 0.050,0.234, 0.003, 0.133,-0.117, 0.011, -0.020,0.118, -0.011, 0.020,-0.111, -0.324, 0.040,0.117, -0.370, 0.066,-0.198, -0.584, -0.203,0.088, -0.611, -0.124
220957,23,26,12,3,13,37,10,18,55,46,-0.114, 0.497, -0.023,0.225, 0.434, 0.032,-0.204, 0.289, -0.017,0.280, 0.186, 0.038,-0.295, 0.094, 0.040,0.235, 0.008, 0.137,-0.117, 0.011, -0.020,0.118, -0.010, 0.020,-0.106, -0.317, 0.039,0.137, -0.371, 0.066,-0.186, -0.577, -0.208,0.114, -0.610, -0.124
220957,24,27,12,3,9,39,10,18,54,47,-0.121, 0.496, -0.022,0.218, 0.434, 0.033,-0.212, 0.289, -0.016,0.279, 0.192, 0.047,-0.295, 0.089, 0.027,0.231, 0.018, 0.154,-0.117, 0.010, -0.020,0.118, -0.010, 0.020,-0.100, -0.310, 0.038,0.140, -0.368, 0.065,-0.165, -0.571, -0.201,0.112, -0.599, -0.124
220957,25,27,8,13,11,37,12,18,51,44,-0.124, 0.494, -0.012,0.216, 0.435, 0.037,-0.217, 0.287, -0.011,0.273, 0.199, 0.060,-0.295, 0.083, 0.033,0.231, 0.027, 0.175,-0.117, 0.009, -0.020,0.118, -0.009, 0.019,-0.092, -0.312, 0.046,0.138, -0.360, 0.063,-0.148, -0.572, -0.156,0.109, -0.602, -0.119
220957,26,27,7,22,12,32,13,18,51,50,-0.124, 0.495, -0.015,0.214, 0.442, 0.036,-0.223, 0.291, -0.016,0.274, 0.217, 0.021,-0.295, 0.081, 0.022,0.244, 0.035, 0.083,-0.116, 0.007, -0.020,0.117, -0.007, 0.019,-0.079, -0.313, 0.046,0.132, -0.360, 0.075,-0.113, -0.573, -0.160,0.092, -0.583, -0.114
220957,27,26,1,3,16,31,11,17,44,46,-0.124, 0.495, 0.009,0.213, 0.448, 0.062,-0.224, 0.292, -0.005,0.263, 0.237, 0.073,-0.290, 0.077, 0.035,0.240, 0.043, 0.177,-0.115, 0.006, -0.018,0.116, -0.006, 0.018,-0.071, -0.328, 0.022,0.112, -0.352, 0.067,-0.097, -0.585, -0.166,0.060, -0.588, -0.115
220957,26,24,7,35,20,30,11,15,42,38,-0.129, 0.495, 0.045,0.206, 0.449, 0.098,-0.224, 0.293, 0.016,0.255, 0.234, 0.074,-0.288, 0.066, 0.063,0.232, 0.039, 0.137,-0.115, 0.005, -0.018,0.116, -0.005, 0.018,-0.071, -0.342, -0.001,0.085, -0.349, 0.044,-0.106, -0.613, -0.210,0.036, -0.601, -0.126
220957,26,24,6,51,20,34,11,15,44,40,-0.130, 0.497, 0.040,0.207, 0.452, 0.088,-0.224, 0.293, 0.014,0.258, 0.233, 0.040,-0.289, 0.069, 0.062,0.242, 0.041, 0.101,-0.115, 0.004, -0.018,0.116, -0.004, 0.018,-0.066, -0.341, 0.003,0.087, -0.349, 0.050,-0.097, -0.611, -0.214,0.043, -0.600, -0.125
220957,26,25,4,47,20,35,12,16,47,44,-0.132, 0.495, 0.035,0.206, 0.452, 0.086,-0.225, 0.292, 0.013,0.262, 0.233, 0.040,-0.269, 0.066, 0.052,0.244, 0.039, 0.105,-0.114, 0.004, -0.018,0.115, -0.004, 0.018,-0.061, -0.337, 0.005,0.092, -0.347, 0.057,-0.090, -0.595, -0.225,0.047, -0.577, -0.122
220957,25,26,0,45,21,33,11,15,48,43,-0.135, 0.495, 0.025,0.201, 0.452, 0.079,-0.224, 0.289, 0.012,0.263, 0.234, 0.034,-0.250, 0.065, 0.051,0.249, 0.039, 0.092,-0.114, 0.004, -0.018,0.115, -0.004, 0.018,-0.058, -0.334, 0.006,0.093, -0.344, 0.058,-0.087, -0.589, -0.224,0.048, -0.574, -0.113
220957,24,26,1,43,23,33,11,16,49,41,-0.140, 0.494, 0.026,0.199, 0.452, 0.084,-0.220, 0.289, 0.011,0.263, 0.235, 0.040,-0.231, 0.065, 0.052,0.250, 0.036, 0.098,-0.114, 0.003, -0.017,0.115, -0.003, 0.017,-0.059, -0.328, 0.012,0.095, -0.330, 0.058,-0.085, -0.584, -0.222,0.049, -0.569, -0.105
220957,22,27,35,37,39,32,31,24,60,40,-0.149, 0.468, 0.131,0.199, 0.440, 0.149,-0.212, 0.280, 0.082,0.263, 0.235, 0.104,-0.202, 0.051, 0.166,0.254, 0.018, 0.159,-0.114, 0.003, -0.013,0.115, -0.003, 0.013,-0.085, -0.324, 0.071,0.053, -0.324, 0.056,-0.087, -0.573, -0.182,0.031, -0.572, -0.101
220957,34,36,20,4,35,35,48,29,75,41,-0.148, 0.442, 0.162,0.200, 0.421, 0.167,-0.200, 0.264, 0.181,0.263, 0.232, 0.172,-0.176, 0.048, 0.326,0.257, 0.013, 0.305,-0.114, 0.004, -0.012,0.115, -0.004, 0.011,-0.091, -0.290, 0.139,0.058, -0.307, 0.063,-0.087, -0.520, -0.123,0.035, -0.554, -0.090
220957,51,45,53,27,29,31,92,98,46,38,-0.152, 0.421, 0.201,0.200, 0.403, 0.203,-0.206, 0.237, 0.272,0.264, 0.209, 0.238,-0.182, 0.049, 0.447,0.259, 0.014, 0.374,-0.117, 0.004, -0.011,0.117, -0.004, 0.010,-0.115, -0.129, 0.280,0.112, -0.078, 0.261,-0.056, -0.273, 0.340,0.036, -0.223, 0.384
220957,54,44,54,20,32,35,101,107,48,23,-0.159, 0.397, 0.221,0.200, 0.376, 0.223,-0.215, 0.200, 0.297,0.260, 0.167, 0.246,-0.181, 0.036, 0.455,0.256, -0.001, 0.377,-0.117, 0.006, -0.010,0.118, -0.005, 0.008,-0.157, -0.080, 0.229,0.139, -0.056, 0.244,-0.064, -0.202, 0.334,0.103, -0.176, 0.445
220957,48,52,7,11,39,28,73,53,95,64,-0.168, 0.345, 0.357,0.186, 0.323, 0.378,-0.215, 0.166, 0.348,0.255, 0.114, 0.369,-0.187, -0.036, 0.467,0.262, -0.100, 0.450,-0.117, 0.003, -0.006,0.118, -0.003, 0.005,-0.156, -0.167, 0.076,0.210, -0.126, -0.031,-0.095, -0.298, -0.242,0.112, -0.313, -0.300
220957,39,51,48,25,34,26,3,22,27,30,-0.167, 0.331, 0.407,0.180, 0.309, 0.423,-0.207, 0.154, 0.357,0.256, 0.095, 0.391,-0.191, -0.061, 0.414,0.268, -0.126, 0.441,-0.117, 0.002, -0.006,0.118, -0.002, 0.004,-0.104, -0.211, -0.266,0.201, -0.168, -0.260,-0.126, -0.284, -0.597,0.109, -0.315, -0.581
220957,57,67,5,11,24,16,11,17,40,39,-0.174, 0.296, 0.456,0.165, 0.281, 0.479,-0.200, 0.098, 0.452,0.234, 0.058, 0.498,-0.192, -0.125, 0.539,0.254, -0.153, 0.561,-0.117, -0.001, -0.006,0.118, 0.002, 0.004,-0.096, -0.220, -0.235,0.190, -0.188, -0.275,-0.123, -0.244, -0.607,0.100, -0.213, -0.638
220957,60,72,7,16,16,11,21,16,43,38,-0.172, 0.272, 0.455,0.167, 0.259, 0.497,-0.192, 0.068, 0.456,0.235, 0.030, 0.527,-0.200, -0.158, 0.520,0.259, -0.195, 0.574,-0.117, -0.001, -0.006,0.118, 0.002, 0.004,-0.101, -0.229, -0.185,0.097, -0.222, -0.223,-0.126, -0.284, -0.554,0.002, -0.264, -0.573
220957,66,75,71,26,13,8,26,19,52,38,-0.168, 0.249, 0.469,0.167, 0.253, 0.496,-0.175, 0.033, 0.485,0.235, 0.019, 0.537,-0.211, -0.183, 0.549,0.267, -0.195, 0.588,-0.117, -0.003, -0.006,0.118, 0.004, 0.005,-0.050, -0.270, -0.199,0.089, -0.241, -0.226,-0.096, -0.302, -0.587,0.009, -0.290, -0.563
220957,63,73,44,22,8,4,26,27,46,42,-0.161, 0.261, 0.448,0.169, 0.251, 0.477,-0.176, 0.051, 0.461,0.236, 0.025, 0.512,-0.213, -0.176, 0.504,0.289, -0.197, 0.559,-0.117, -0.003, -0.007,0.118, 0.004, 0.005,-0.049, -0.273, -0.191,0.076, -0.274, -0.185,-0.093, -0.359, -0.573,0.015, -0.356, -0.538
220957,76,73,80,11,13,7,24,26,36,31,-0.154, 0.244, 0.450,0.170, 0.238, 0.494,-0.170, 0.045, 0.500,0.244, 0.016, 0.520,-0.166, -0.145, 0.597,0.296, -0.206, 0.570,-0.116, -0.002, -0.012,0.117, 0.004, 0.011,-0.041, -0.282, -0.235,0.081, -0.277, -0.206,-0.067, -0.403, -0.596,0.019, -0.402, -0.540
220957,79,71,68,2,17,17,19,17,31,24,-0.146, 0.223, 0.455,0.173, 0.240, 0.487,-0.172, 0.025, 0.506,0.263, 0.032, 0.499,-0.162, -0.143, 0.600,0.292, -0.172, 0.543,-0.116, -0.002, -0.013,0.117, 0.004, 0.011,-0.046, -0.260, -0.283,0.081, -0.255, -0.256,-0.070, -0.354, -0.630,0.022, -0.374, -0.594
220958,75,71,55,1,45,20,19,15,36,28,-0.142, 0.235, 0.466,0.173, 0.245, 0.494,-0.172, 0.046, 0.503,0.265, 0.039, 0.505,-0.142, -0.021, 0.581,0.284, -0.167, 0.545,-0.115, -0.002, -0.012,0.116, 0.004, 0.011,-0.044, -0.249, -0.266,0.078, -0.247, -0.265,-0.072, -0.320, -0.629,0.022, -0.331, -0.615
220958,72,70,42,3,34,20,18,16,30,21,-0.139, 0.235, 0.463,0.174, 0.231, 0.489,-0.172, 0.053, 0.489,0.272, 0.025, 0.492,-0.139, -0.038, 0.474,0.301, -0.191, 0.537,-0.115, -0.002, -0.013,0.116, 0.003, 0.011,-0.047, -0.255, -0.286,0.068, -0.248, -0.263,-0.083, -0.357, -0.625,0.020, -0.374, -0.594
220958,20,79,63,1,45,23,22,18,28,11,-0.139, 0.243, 0.399,0.167, 0.208, 0.463,-0.179, 0.193, 0.248,0.287, 0.025, 0.490,-0.173, 0.251, 0.120,0.327, -0.197, 0.493,-0.111, -0.001, -0.020,0.113, 0.003, 0.018,-0.035, -0.297, -0.259,0.054, -0.246, -0.247,-0.091, -0.496, -0.613,0.016, -0.453, -0.575
220958,30,82,60,5,45,25,25,28,28,9,-0.125, 0.263, 0.340,0.167, 0.219, 0.427,-0.158, 0.236, 0.190,0.289, 0.026, 0.477,-0.150, 0.297, 0.095,0.325, -0.210, 0.487,-0.100, -0.001, -0.024,0.102, 0.002, 0.023,-0.025, -0.330, -0.212,0.043, -0.280, -0.162,-0.085, -0.578, -0.502,0.015, -0.520, -0.375
220958,29,70,57,4,65,23,19,23,26,14,-0.126, 0.354, 0.271,0.167, 0.291, 0.368,-0.158, 0.292, 0.143,0.289, 0.073, 0.419,-0.145, 0.344, 0.075,0.322, -0.203, 0.444,-0.097, 0.000, -0.029,0.098, 0.001, 0.028,-0.024, -0.335, -0.169,0.047, -0.290, -0.114,-0.055, -0.602, -0.425,0.029, -0.514, -0.300
220958,30,75,57,19,42,22,14,15,29,20,-0.127, 0.335, 0.311,0.167, 0.285, 0.383,-0.170, 0.282, 0.186,0.279, 0.062, 0.456,-0.156, 0.299, 0.097,0.305, -0.212, 0.495,-0.097, 0.000, -0.028,0.099, 0.001, 0.027,-0.023, -0.328, -0.237,0.049, -0.287, -0.179,-0.060, -0.544, -0.581,0.023, -0.495, -0.481
220958,25,74,49,19,16,18,15,15,30,17,-0.127, 0.324, 0.318,0.173, 0.279, 0.391,-0.176, 0.247, 0.223,0.274, 0.056, 0.456,-0.185, 0.190, 0.158,0.302, -0.208, 0.496,-0.100, 0.000, -0.028,0.101, 0.001, 0.027,-0.022, -0.334, -0.244,0.054, -0.288, -0.190,-0.062, -0.539, -0.567,0.023, -0.500, -0.485
220958,25,71,45,14,20,14,19,21,29,17,-0.128, 0.319, 0.319,0.173, 0.265, 0.392,-0.177, 0.215, 0.239,0.260, 0.052, 0.438,-0.199, 0.070, 0.187,0.298, -0.206, 0.469,-0.100, 0.001, -0.027,0.101, 0.000, 0.026,-0.023, -0.362, -0.225,0.060, -0.313, -0.175,-0.064, -0.575, -0.507,0.026, -0.528, -0.431
220958,22,67,50,7,18,13,24,26,29,17,-0.129, 0.310, 0.357,0.178, 0.246, 0.439,-0.185, 0.210, 0.234,0.260, 0.033, 0.449,-0.226, 0.064, 0.137,0.297, -0.219, 0.481,-0.102, 0.001, -0.027,0.103, -0.001, 0.026,-0.024, -0.368, -0.222,0.066, -0.317, -0.173,-0.066, -0.584, -0.497,0.028, -0.540, -0.433
220958,25,53,58,31,31,23,31,24,31,12,-0.139, 0.290, 0.345,0.179, 0.250, 0.375,-0.189, 0.151, 0.242,0.260, 0.051, 0.335,-0.217, -0.026, 0.228,0.298, -0.178, 0.371,-0.103, 0.000, -0.022,0.104, 0.000, 0.020,-0.025, -0.400, -0.168,0.068, -0.317, -0.164,-0.069, -0.631, -0.408,0.027, -0.544, -0.375
220958,19,53,60,17,28,17,25,24,33,16,-0.144, 0.341, 0.292,0.176, 0.304, 0.349,-0.193, 0.208, 0.157,0.254, 0.109, 0.338,-0.217, 0.022, 0.098,0.290, -0.122, 0.373,-0.103, 0.000, -0.021,0.103, 0.000, 0.020,-0.033, -0.386, -0.139,0.065, -0.315, -0.110,-0.080, -0.616, -0.376,0.022, -0.539, -0.288
220958,20,52,62,16,27,17,27,23,34,18,-0.144, 0.340, 0.302,0.177, 0.304, 0.348,-0.194, 0.218, 0.164,0.255, 0.102, 0.336,-0.216, 0.039, 0.093,0.292, -0.136, 0.374,-0.103, 0.000, -0.021,0.103, 0.000, 0.020,-0.033, -0.381, -0.129,0.065, -0.313, -0.117,-0.084, -0.621, -0.370,0.021, -0.543, -0.324
220958,30,47,46,25,39,20,26,24,26,10,-0.147, 0.334, 0.299,0.176, 0.308, 0.326,-0.216, 0.190, 0.214,0.255, 0.115, 0.295,-0.254, 0.034, 0.243,0.292, -0.105, 0.326,-0.103, 0.001, -0.008,0.104, 0.000, 0.010,-0.043, -0.401, -0.124,0.065, -0.316, -0.110,-0.095, -0.655, -0.307,0.021, -0.541, -0.247
220958,41,43,19,32,31,26,31,33,25,14,-0.163, 0.333, 0.306,0.171, 0.333, 0.328,-0.224, 0.142, 0.280,0.247, 0.131, 0.285,-0.243, -0.033, 0.350,0.268, -0.086, 0.326,-0.103, -0.004, 0.006,0.104, 0.004, -0.003,-0.032, -0.414, -0.066,0.096, -0.302, -0.068,-0.080, -0.690, -0.210,0.041, -0.518, -0.148
220958,43,40,22,42,23,23,34,39,31,17,-0.168, 0.309, 0.324,0.169, 0.331, 0.337,-0.221, 0.126, 0.300,0.236, 0.126, 0.279,-0.220, -0.066, 0.333,0.267, -0.101, 0.305,-0.103, -0.010, 0.011,0.104, 0.010, -0.012,-0.023, -0.424, -0.060,0.099, -0.288, -0.057,-0.060, -0.683, -0.248,0.047, -0.501, -0.138
220958,44,35,0,38,19,17,29,36,32,19,-0.170, 0.342, 0.269,0.169, 0.366, 0.269,-0.230, 0.158, 0.269,0.214, 0.142, 0.233,-0.231, -0.038, 0.302,0.246, -0.086, 0.268,-0.103, -0.012, 0.014,0.103, 0.012, -0.015,-0.025, -0.414, -0.030,0.090, -0.289, -0.029,-0.061, -0.666, -0.196,0.046, -0.507, -0.112
220958,40,39,36,24,23,14,34,34,34,22,-0.172, 0.321, 0.319,0.168, 0.359, 0.287,-0.229, 0.132, 0.285,0.211, 0.133, 0.263,-0.231, -0.081, 0.314,0.252, -0.087, 0.297,-0.103, -0.013, 0.013,0.104, 0.014, -0.014,-0.035, -0.406, -0.037,0.078, -0.284, -0.048,-0.063, -0.659, -0.235,0.039, -0.500, -0.169
220958,32,32,62,53,26,19,37,33,32,27,-0.177, 0.295, 0.353,0.162, 0.327, 0.325,-0.227, 0.124, 0.272,0.216, 0.125, 0.241,-0.221, -0.085, 0.255,0.253, -0.096, 0.230,-0.103, -0.014, 0.012,0.104, 0.015, -0.013,-0.036, -0.386, -0.054,0.078, -0.280, -0.085,-0.064, -0.652, -0.266,0.036, -0.498, -0.276
220958,31,28,65,64,30,21,38,34,35,22,-0.173, 0.265, 0.371,0.171, 0.280, 0.352,-0.226, 0.116, 0.271,0.224, 0.103, 0.225,-0.220, -0.085, 0.241,0.277, -0.099, 0.176,-0.103, -0.014, 0.011,0.104, 0.015, -0.012,-0.035, -0.380, -0.073,0.077, -0.276, -0.115,-0.065, -0.651, -0.349,0.032, -0.498, -0.318
220958,29,25,56,69,31,31,37,41,31,20,-0.160, 0.324, 0.318,0.187, 0.318, 0.308,-0.224, 0.161, 0.228,0.225, 0.127, 0.192,-0.223, -0.083, 0.214,0.276, -0.085, 0.193,-0.104, -0.012, 0.011,0.105, 0.012, -0.011,-0.050, -0.355, -0.017,0.064, -0.274, -0.031,-0.071, -0.649, -0.215,0.030, -0.502, -0.137
220958,31,21,55,68,34,29,35,36,30,25,-0.156, 0.329, 0.320,0.186, 0.336, 0.290,-0.222, 0.184, 0.239,0.225, 0.163, 0.162,-0.208, -0.060, 0.220,0.273, -0.051, 0.139,-0.103, -0.011, 0.012,0.104, 0.012, -0.013,-0.050, -0.391, -0.029,0.069, -0.275, -0.044,-0.063, -0.686, -0.236,0.031, -0.470, -0.168
220958,27,26,35,61,26,19,17,33,26,20,-0.156, 0.387, 0.200,0.186, 0.369, 0.214,-0.221, 0.211, 0.148,0.217, 0.159, 0.162,-0.227, -0.012, 0.162,0.272, -0.048, 0.178,-0.103, -0.010, 0.011,0.104, 0.011, -0.012,-0.050, -0.386, -0.039,0.072, -0.264, -0.004,-0.066, -0.678, -0.224,0.031, -0.475, -0.073
220959,26,26,46,65,29,29,23,36,23,16,-0.155, 0.376, 0.240,0.185, 0.362, 0.246,-0.225, 0.187, 0.163,0.217, 0.154, 0.179,-0.229, -0.050, 0.170,0.271, -0.063, 0.226,-0.103, -0.010, 0.011,0.104, 0.010, -0.012,-0.049, -0.414, -0.039,0.075, -0.265, -0.009,-0.066, -0.721, -0.205,0.031, -0.485, -0.070
220959,30,27,40,58,30,26,24,38,23,17,-0.155, 0.375, 0.248,0.185, 0.360, 0.236,-0.224, 0.194, 0.193,0.218, 0.152, 0.178,-0.227, -0.049, 0.224,0.272, -0.060, 0.217,-0.104, -0.007, 0.014,0.104, 0.008, -0.015,-0.057, -0.392, -0.031,0.074, -0.230, -0.001,-0.062, -0.708, -0.204,0.034, -0.439, -0.054
220959,38,35,17,44,24,21,28,47,18,9,-0.158, 0.365, 0.270,0.183, 0.356, 0.268,-0.234, 0.171, 0.247,0.222, 0.149, 0.228,-0.227, -0.071, 0.255,0.288, -0.079, 0.270,-0.104, -0.007, 0.017,0.104, 0.008, -0.019,-0.057, -0.395, -0.023,0.076, -0.229, 0.016,-0.065, -0.710, -0.150,0.035, -0.446, 0.015
220959,39,36,16,43,23,20,28,46,20,15,-0.166, 0.357, 0.276,0.174, 0.355, 0.282,-0.236, 0.164, 0.254,0.220, 0.148, 0.240,-0.228, -0.075, 0.262,0.287, -0.080, 0.279,-0.104, -0.008, 0.017,0.104, 0.009, -0.019,-0.056, -0.396, -0.027,0.076, -0.234, 0.005,-0.065, -0.703, -0.168,0.038, -0.453, -0.032
220959,34,30,30,53,25,24,26,37,21,21,-0.165, 0.366, 0.254,0.174, 0.358, 0.256,-0.235, 0.184, 0.211,0.210, 0.151, 0.207,-0.234, -0.050, 0.218,0.278, -0.061, 0.249,-0.104, -0.007, 0.013,0.104, 0.008, -0.014,-0.053, -0.399, -0.030,0.076, -0.270, -0.015,-0.059, -0.703, -0.177,0.038, -0.498, -0.105
220959,31,24,35,64,27,28,25,37,21,17,-0.165, 0.374, 0.220,0.179, 0.362, 0.221,-0.236, 0.193, 0.168,0.207, 0.149, 0.164,-0.248, -0.036, 0.191,0.270, -0.062, 0.208,-0.105, -0.007, 0.011,0.105, 0.008, -0.012,-0.054, -0.386, -0.012,0.076, -0.275, 0.010,-0.069, -0.698, -0.138,0.035, -0.536, -0.051
220959,31,21,27,61,27,25,18,33,20,16,-0.165, 0.406, 0.183,0.180, 0.400, 0.185,-0.243, 0.223, 0.141,0.208, 0.178, 0.135,-0.257, -0.007, 0.169,0.253, -0.028, 0.181,-0.105, -0.008, 0.011,0.106, 0.009, -0.012,-0.067, -0.357, -0.013,0.072, -0.232, 0.018,-0.086, -0.653, -0.134,0.032, -0.497, -0.027
220959,34,24,23,61,26,25,31,49,28,25,-0.166, 0.381, 0.211,0.180, 0.385, 0.219,-0.242, 0.203, 0.175,0.208, 0.167, 0.170,-0.254, -0.030, 0.204,0.264, -0.059, 0.219,-0.108, -0.008, 0.008,0.108, 0.010, -0.009,-0.069, -0.330, 0.029,0.071, -0.213, 0.065,-0.089, -0.624, -0.094,0.033, -0.489, 0.032
220959,28,23,18,54,28,25,21,42,27,23,-0.166, 0.412, 0.164,0.180, 0.402, 0.180,-0.232, 0.218, 0.138,0.207, 0.167, 0.145,-0.237, 0.006, 0.196,0.254, -0.034, 0.204,-0.108, -0.008, 0.008,0.109, 0.011, -0.009,-0.077, -0.328, 0.012,0.066, -0.178, 0.052,-0.100, -0.611, -0.118,0.031, -0.455, 0.023
220959,29,22,21,64,22,23,19,37,21,20,-0.162, 0.404, 0.182,0.180, 0.394, 0.197,-0.227, 0.213, 0.154,0.204, 0.167, 0.153,-0.229, -0.002, 0.177,0.255, -0.038, 0.194,-0.107, -0.008, 0.007,0.108, 0.010, -0.009,-0.071, -0.363, -0.012,0.066, -0.236, 0.034,-0.091, -0.653, -0.127,0.031, -0.486, -0.013
220959,25,15,21,71,27,22,13,29,17,17,-0.154, 0.419, 0.147,0.180, 0.408, 0.144,-0.213, 0.230, 0.124,0.199, 0.178, 0.086,-0.199, 0.041, 0.159,0.225, -0.011, 0.112,-0.106, -0.008, 0.007,0.106, 0.010, -0.009,-0.066, -0.390, -0.022,0.081, -0.252, 0.033,-0.078, -0.699, -0.134,0.035, -0.495, 0.000
220959,23,14,29,80,28,35,12,18,14,19,-0.143, 0.412, 0.162,0.176, 0.407, 0.167,-0.194, 0.229, 0.132,0.187, 0.193, 0.107,-0.185, 0.069, 0.167,0.190, 0.097, 0.141,-0.100, -0.007, 0.002,0.101, 0.008, -0.003,-0.058, -0.412, -0.055,0.073, -0.267, -0.027,-0.056, -0.719, -0.177,0.030, -0.495, -0.131
220959,23,14,18,72,32,29,5,12,13,13,-0.144, 0.428, 0.114,0.175, 0.422, 0.118,-0.197, 0.246, 0.096,0.188, 0.210, 0.081,-0.188, 0.086, 0.158,0.199, 0.072, 0.130,-0.100, -0.007, 0.002,0.100, 0.008, -0.003,-0.058, -0.408, -0.059,0.073, -0.265, -0.021,-0.058, -0.723, -0.178,0.027, -0.479, -0.083
220959,28,20,6,53,31,29,8,23,13,11,-0.155, 0.420, 0.128,0.170, 0.415, 0.142,-0.214, 0.244, 0.119,0.206, 0.195, 0.096,-0.207, 0.078, 0.183,0.234, 0.003, 0.158,-0.100, -0.008, 0.006,0.100, 0.009, -0.008,-0.050, -0.404, -0.045,0.092, -0.233, 0.001,-0.064, -0.716, -0.142,0.031, -0.480, 0.007
220959,25,17,19,57,34,18,8,18,18,22,-0.156, 0.417, 0.142,0.157, 0.411, 0.148,-0.204, 0.239, 0.124,0.185, 0.201, 0.106,-0.194, 0.083, 0.194,0.224, 0.018, 0.128,-0.100, -0.007, 0.004,0.100, 0.008, -0.006,-0.046, -0.385, -0.056,0.078, -0.222, -0.017,-0.055, -0.693, -0.202,0.027, -0.449, -0.122
220959,23,16,55,73,32,26,30,41,33,39,-0.159, 0.377, 0.244,0.159, 0.372, 0.244,-0.205, 0.210, 0.176,0.186, 0.179, 0.149,-0.196, 0.029, 0.194,0.216, 0.002, 0.150,-0.102, -0.007, 0.003,0.103, 0.009, -0.005,-0.061, -0.342, -0.003,0.078, -0.222, 0.027,-0.067, -0.623, -0.189,0.027, -0.453, -0.114
220959,23,23,54,69,36,32,42,59,49,62,-0.160, 0.367, 0.254,0.159, 0.359, 0.268,-0.206, 0.194, 0.182,0.191, 0.157, 0.194,-0.197, 0.017, 0.212,0.217, -0.014, 0.232,-0.104, -0.006, -0.002,0.105, 0.007, 0.000,-0.101, -0.248, 0.030,0.099, -0.223, 0.094,-0.085, -0.493, -0.186,0.024, -0.447, -0.094
220959,23,22,56,67,46,33,48,59,53,64,-0.161, 0.370, 0.245,0.159, 0.361, 0.252,-0.203, 0.196, 0.179,0.189, 0.159, 0.186,-0.191, 0.040, 0.243,0.198, -0.014, 0.233,-0.105, -0.004, -0.005,0.106, 0.005, 0.003,-0.100, -0.241, 0.058,0.100, -0.224, 0.110,-0.085, -0.502, -0.153,0.029, -0.451, -0.072
220959,25,21,52,67,42,35,47,60,51,63,-0.163, 0.365, 0.239,0.159, 0.363, 0.247,-0.203, 0.191, 0.183,0.188, 0.159, 0.181,-0.192, 0.029, 0.249,0.202, -0.015, 0.237,-0.105, -0.004, -0.005,0.107, 0.005, 0.004,-0.095, -0.244, 0.054,0.106, -0.218, 0.115,-0.085, -0.507, -0.148,0.035, -0.449, -0.053
220959,23,22,55,67,46,36,53,61,55,62,-0.163, 0.367, 0.231,0.159, 0.364, 0.243,-0.202, 0.191, 0.170,0.188, 0.158, 0.180,-0.193, 0.033, 0.244,0.207, -0.019, 0.244,-0.106, -0.004, -0.006,0.107, 0.005, 0.005,-0.093, -0.226, 0.077,0.109, -0.214, 0.122,-0.074, -0.491, -0.108,0.048, -0.441, -0.026
220959,25,25,53,60,36,29,55,59,45,42,-0.170, 0.361, 0.229,0.160, 0.359, 0.241,-0.208, 0.179, 0.173,0.194, 0.142, 0.187,-0.222, -0.015, 0.240,0.246, -0.063, 0.244,-0.106, -0.005, -0.006,0.108, 0.006, 0.005,-0.086, -0.249, 0.096,0.112, -0.219, 0.112,-0.066, -0.563, -0.040,0.057, -0.514, 0.027
220959,30,29,42,49,26,23,48,49,41,26,-0.172, 0.362, 0.242,0.159, 0.362, 0.255,-0.208, 0.175, 0.207,0.196, 0.145, 0.214,-0.226, -0.038, 0.264,0.269, -0.071, 0.261,-0.107, -0.005, -0.005,0.108, 0.006, 0.004,-0.061, -0.319, 0.080,0.101, -0.269, 0.072,-0.061, -0.628, -0.071,0.055, -0.562, 0.010
220959,29,29,44,45,27,24,54,59,41,33,-0.176, 0.363, 0.242,0.160, 0.367, 0.253,-0.213, 0.176, 0.201,0.208, 0.151, 0.207,-0.238, -0.044, 0.262,0.281, -0.068, 0.258,-0.108, -0.006, -0.005,0.109, 0.007, 0.004,-0.061, -0.314, 0.113,0.104, -0.262, 0.127,-0.060, -0.616, 0.003,0.061, -0.560, 0.085
221000,28,32,27,30,33,19,113,94,124,115,-0.175, 0.374, 0.194,0.160, 0.368, 0.232,-0.214, 0.177, 0.168,0.220, 0.150, 0.205,-0.247, -0.011, 0.259,0.273, -0.058, 0.254,-0.109, -0.002, -0.007,0.110, 0.003, 0.006,-0.134, -0.024, 0.220,0.128, -0.120, 0.236,-0.056, -0.243, 0.039,0.060, -0.231, 0.084
221000,27,32,28,27,33,21,80,83,92,104,-0.180, 0.398, 0.191,0.157, 0.397, 0.232,-0.222, 0.196, 0.160,0.227, 0.186, 0.205,-0.252, -0.012, 0.257,0.270, -0.042, 0.257,-0.109, -0.002, -0.007,0.110, 0.003, 0.006,-0.126, -0.129, 0.162,0.147, -0.157, 0.214,-0.066, -0.376, -0.033,0.060, -0.348, -0.020
221000,23,30,32,23,32,21,68,69,84,86,-0.194, 0.419, 0.133,0.139, 0.433, 0.189,-0.237, 0.213, 0.094,0.224, 0.213, 0.168,-0.274, -0.011, 0.187,0.254, -0.010, 0.217,-0.109, -0.006, -0.007,0.110, 0.007, 0.006,-0.126, -0.136, 0.143,0.154, -0.167, 0.180,-0.070, -0.389, -0.028,0.069, -0.420, -0.017
221000,28,27,35,31,37,25,52,60,63,68,-0.197, 0.423, 0.134,0.138, 0.432, 0.190,-0.259, 0.234, 0.072,0.216, 0.220, 0.159,-0.286, 0.009, 0.144,0.243, 0.010, 0.212,-0.109, -0.007, -0.008,0.110, 0.008, 0.006,-0.122, -0.238, 0.138,0.152, -0.208, 0.163,-0.076, -0.530, -0.030,0.072, -0.518, -0.014
221000,27,17,41,70,26,13,18,27,20,24,-0.172, 0.427, 0.142,0.141, 0.428, 0.181,-0.238, 0.259, 0.068,0.189, 0.242, 0.086,-0.269, 0.039, 0.071,0.213, 0.032, 0.030,-0.108, -0.007, -0.008,0.109, 0.008, 0.007,-0.072, -0.368, -0.009,0.101, -0.284, 0.032,-0.076, -0.675, -0.120,0.057, -0.570, -0.061
221000,27,17,56,78,30,26,25,34,24,25,-0.172, 0.405, 0.210,0.141, 0.404, 0.252,-0.234, 0.249, 0.083,0.190, 0.232, 0.111,-0.267, 0.033, 0.049,0.200, 0.027, 0.061,-0.109, -0.007, -0.008,0.110, 0.008, 0.007,-0.071, -0.348, -0.022,0.105, -0.272, 0.017,-0.077, -0.653, -0.172,0.053, -0.560, -0.100
221000,29,15,56,76,40,23,28,37,29,33,-0.172, 0.414, 0.202,0.142, 0.404, 0.246,-0.234, 0.267, 0.072,0.185, 0.228, 0.137,-0.268, 0.057, 0.069,0.175, 0.021, 0.088,-0.109, -0.007, -0.008,0.110, 0.008, 0.007,-0.070, -0.364, 0.004,0.104, -0.272, 0.041,-0.082, -0.663, -0.141,0.044, -0.553, -0.095
221000,27,13,48,81,32,18,18,23,28,24,-0.167, 0.439, 0.151,0.140, 0.428, 0.222,-0.225, 0.280, 0.045,0.178, 0.239, 0.127,-0.267, 0.081, 0.043,0.175, 0.020, 0.079,-0.108, -0.007, -0.010,0.109, 0.008, 0.008,-0.049, -0.362, -0.017,0.093, -0.272, -0.006,-0.079, -0.664, -0.162,0.044, -0.543, -0.147
221000,26,14,38,80,28,16,14,19,31,24,-0.152, 0.448, 0.082,0.144, 0.443, 0.174,-0.210, 0.277, -0.003,0.183, 0.239, 0.097,-0.266, 0.084, 0.008,0.179, 0.017, 0.062,-0.108, -0.007, -0.017,0.109, 0.008, 0.015,-0.055, -0.363, -0.001,0.093, -0.297, 0.011,-0.094, -0.679, -0.149,0.044, -0.581, -0.123
221000,24,15,39,79,28,17,17,20,34,26,-0.143, 0.447, 0.072,0.145, 0.442, 0.177,-0.194, 0.274, -0.014,0.187, 0.237, 0.106,-0.261, 0.091, -0.006,0.179, 0.015, 0.080,-0.108, -0.007, -0.022,0.110, 0.008, 0.020,-0.045, -0.353, 0.007,0.094, -0.289, 0.025,-0.093, -0.668, -0.142,0.046, -0.572, -0.105
221000,22,21,42,60,25,28,18,19,35,26,-0.140, 0.445, 0.070,0.157, 0.431, 0.167,-0.188, 0.271, -0.015,0.220, 0.209, 0.111,-0.260, 0.098, -0.017,0.181, 0.009, 0.102,-0.108, -0.007, -0.026,0.110, 0.008, 0.025,-0.042, -0.355, 0.009,0.098, -0.288, 0.026,-0.092, -0.682, -0.137,0.047, -0.569, -0.104
221000,20,24,48,55,28,30,22,20,35,20,-0.131, 0.454, 0.081,0.184, 0.424, 0.151,-0.179, 0.277, -0.006,0.246, 0.201, 0.093,-0.242, 0.103, 0.004,0.210, 0.004, 0.102,-0.109, -0.003, -0.026,0.111, 0.004, 0.024,-0.062, -0.354, 0.029,0.091, -0.292, 0.039,-0.133, -0.682, -0.102,0.025, -0.586, -0.047
221000,20,27,51,50,29,34,22,20,31,14,-0.124, 0.454, 0.071,0.201, 0.414, 0.130,-0.169, 0.276, -0.016,0.266, 0.189, 0.074,-0.223, 0.110, -0.004,0.229, -0.007, 0.102,-0.110, -0.001, -0.025,0.111, 0.002, 0.024,-0.073, -0.385, 0.043,0.080, -0.319, 0.050,-0.137, -0.710, -0.058,0.018, -0.622, 0.002
221000,19,28,44,45,27,34,16,16,30,17,-0.116, 0.472, 0.036,0.204, 0.414, 0.098,-0.164, 0.284, -0.034,0.271, 0.186, 0.053,-0.213, 0.117, -0.010,0.242, -0.007, 0.098,-0.110, 0.001, -0.025,0.111, -0.001, 0.023,-0.082, -0.380, 0.037,0.078, -0.328, 0.050,-0.136, -0.703, -0.070,0.018, -0.622, -0.011
221000,16,26,30,59,35,33,16,19,29,18,-0.117, 0.468, 0.039,0.206, 0.396, 0.115,-0.168, 0.281, -0.008,0.264, 0.163, 0.053,-0.210, 0.115, 0.060,0.250, -0.024, 0.099,-0.110, 0.004, -0.023,0.111, -0.004, 0.022,-0.094, -0.379, 0.037,0.079, -0.338, 0.050,-0.137, -0.705, -0.075,0.015, -0.635, -0.014
221000,18,25,43,61,28,28,10,14,32,18,-0.099, 0.485, 0.018,0.209, 0.406, 0.104,-0.143, 0.288, -0.055,0.262, 0.164, 0.050,-0.192, 0.116, -0.029,0.256, -0.013, 0.089,-0.110, 0.010, -0.026,0.111, -0.009, 0.025,-0.124, -0.348, 0.005,0.052, -0.348, 0.044,-0.177, -0.663, -0.160,-0.015, -0.653, -0.044
221000,23,26,40,65,36,25,7,11,31,19,-0.092, 0.493, -0.009,0.215, 0.417, 0.073,-0.145, 0.300, -0.086,0.267, 0.181, 0.010,-0.191, 0.126, -0.038,0.278, -0.002, 0.040,-0.110, 0.011, -0.026,0.111, -0.010, 0.025,-0.132, -0.346, 0.006,0.053, -0.352, 0.053,-0.186, -0.662, -0.148,-0.026, -0.662, -0.030
221000,21,27,42,69,32,22,14,14,32,19,-0.096, 0.492, 0.011,0.214, 0.416, 0.083,-0.149, 0.297, -0.067,0.265, 0.185, 0.006,-0.193, 0.124, -0.029,0.285, 0.004, 0.017,-0.110, 0.011, -0.024,0.111, -0.010, 0.023,-0.128, -0.346, 0.040,0.056, -0.346, 0.060,-0.182, -0.665, -0.089,-0.022, -0.653, -0.009
221000,14,24,41,56,41,28,9,10,34,23,-0.099, 0.488, 0.069,0.212, 0.416, 0.123,-0.150, 0.296, 0.005,0.261, 0.186, 0.071,-0.195, 0.114, 0.088,0.286, 0.003, 0.122,-0.109, 0.013, -0.024,0.110, -0.013, 0.023,-0.126, -0.335, -0.034,0.056, -0.346, 0.003,-0.173, -0.635, -0.252,-0.010, -0.650, -0.151
221000,15,24,39,55,38,29,13,12,31,20,-0.102, 0.479, 0.121,0.210, 0.414, 0.163,-0.163, 0.282, 0.055,0.255, 0.186, 0.113,-0.214, 0.092, 0.129,0.284, -0.002, 0.174,-0.109, 0.013, -0.022,0.110, -0.013, 0.021,-0.124, -0.341, -0.044,0.058, -0.345, -0.018,-0.150, -0.640, -0.256,0.011, -0.649, -0.178
221000,19,21,36,64,36,33,12,7,28,17,-0.118, 0.465, 0.162,0.201, 0.411, 0.195,-0.187, 0.265, 0.100,0.226, 0.183, 0.153,-0.238, 0.072, 0.174,0.278, -0.006, 0.234,-0.109, 0.013, -0.019,0.110, -0.012, 0.018,-0.122, -0.343, -0.080,0.059, -0.344, -0.072,-0.138, -0.639, -0.310,0.026, -0.625, -0.250
221000,23,27,29,34,32,32,13,8,25,16,-0.124, 0.460, 0.183,0.195, 0.408, 0.214,-0.196, 0.263, 0.133,0.222, 0.183, 0.198,-0.250, 0.075, 0.198,0.277, 0.000, 0.296,-0.108, 0.013, -0.017,0.109, -0.012, 0.016,-0.120, -0.344, -0.090,0.061, -0.343, -0.082,-0.137, -0.634, -0.313,0.027, -0.610, -0.258
221001,22,25,28,42,32,33,10,9,26,18,-0.124, 0.460, 0.159,0.195, 0.407, 0.199,-0.196, 0.265, 0.108,0.224, 0.185, 0.178,-0.246, 0.080, 0.172,0.276, 0.005, 0.272,-0.108, 0.013, -0.017,0.109, -0.012, 0.016,-0.111, -0.345, -0.086,0.069, -0.337, -0.066,-0.124, -0.635, -0.307,0.042, -0.598, -0.234
221001,25,24,15,41,32,34,13,11,20,12,-0.124, 0.460, 0.157,0.196, 0.407, 0.185,-0.197, 0.264, 0.130,0.226, 0.185, 0.164,-0.244, 0.081, 0.215,0.273, 0.005, 0.265,-0.108, 0.012, -0.014,0.109, -0.012, 0.012,-0.106, -0.352, -0.062,0.076, -0.340, -0.057,-0.125, -0.664, -0.229,0.042, -0.637, -0.191
221001,25,24,15,43,29,34,13,14,20,12,-0.125, 0.453, 0.158,0.196, 0.404, 0.183,-0.196, 0.255, 0.132,0.226, 0.182, 0.158,-0.243, 0.074, 0.208,0.272, -0.006, 0.260,-0.108, 0.012, -0.012,0.109, -0.011, 0.011,-0.088, -0.358, -0.061,0.088, -0.343, -0.051,-0.106, -0.673, -0.222,0.055, -0.650, -0.177
221001,24,22,17,36,28,31,11,11,22,12,-0.132, 0.456, 0.144,0.187, 0.412, 0.161,-0.196, 0.256, 0.120,0.220, 0.184, 0.139,-0.242, 0.074, 0.195,0.249, -0.007, 0.234,-0.108, 0.011, -0.012,0.109, -0.011, 0.011,-0.076, -0.358, -0.062,0.090, -0.344, -0.051,-0.088, -0.671, -0.240,0.063, -0.652, -0.181
221001,26,23,2,14,31,29,14,13,28,14,-0.138, 0.458, 0.129,0.186, 0.413, 0.138,-0.199, 0.257, 0.125,0.218, 0.184, 0.131,-0.241, 0.075, 0.236,0.234, -0.007, 0.229,-0.109, 0.011, -0.012,0.110, -0.010, 0.010,-0.074, -0.358, -0.029,0.093, -0.346, -0.020,-0.085, -0.670, -0.213,0.061, -0.669, -0.137
221001,26,20,1,26,28,29,13,12,29,16,-0.150, 0.461, 0.126,0.176, 0.426, 0.136,-0.209, 0.257, 0.123,0.212, 0.191, 0.119,-0.252, 0.075, 0.220,0.229, -0.001, 0.212,-0.109, 0.009, -0.011,0.110, -0.009, 0.010,-0.068, -0.358, -0.030,0.100, -0.347, -0.024,-0.074, -0.673, -0.223,0.068, -0.671, -0.150
221001,24,19,9,30,24,29,14,11,30,16,-0.166, 0.455, 0.125,0.164, 0.431, 0.137,-0.217, 0.239, 0.114,0.206, 0.193, 0.114,-0.266, 0.047, 0.191,0.224, 0.001, 0.198,-0.110, 0.007, -0.011,0.111, -0.006, 0.009,-0.070, -0.357, -0.028,0.099, -0.352, -0.023,-0.080, -0.673, -0.225,0.067, -0.682, -0.151
221001,24,19,16,31,25,32,13,9,30,18,-0.178, 0.461, 0.130,0.161, 0.453, 0.142,-0.229, 0.242, 0.113,0.205, 0.212, 0.118,-0.275, 0.051, 0.188,0.223, 0.012, 0.217,-0.111, 0.004, -0.009,0.112, -0.004, 0.008,-0.070, -0.364, -0.032,0.095, -0.358, -0.041,-0.083, -0.680, -0.238,0.054, -0.683, -0.196
221001,25,19,31,40,27,34,16,6,29,16,-0.188, 0.458, 0.175,0.159, 0.456, 0.173,-0.240, 0.236, 0.143,0.206, 0.222, 0.131,-0.283, 0.033, 0.217,0.224, 0.012, 0.224,-0.112, 0.000, -0.002,0.113, 0.000, 0.001,-0.068, -0.369, -0.030,0.095, -0.357, -0.091,-0.096, -0.687, -0.230,0.047, -0.671, -0.278
221001,26,21,30,34,28,34,19,8,29,16,-0.195, 0.456, 0.195,0.153, 0.462, 0.189,-0.244, 0.232, 0.167,0.206, 0.228, 0.151,-0.290, 0.026, 0.250,0.226, 0.013, 0.248,-0.112, -0.002, 0.002,0.113, 0.003, -0.004,-0.069, -0.375, -0.019,0.095, -0.358, -0.094,-0.108, -0.699, -0.203,0.043, -0.670, -0.276
221001,26,24,29,30,29,32,19,6,38,24,-0.192, 0.457, 0.205,0.155, 0.466, 0.202,-0.241, 0.234, 0.178,0.211, 0.232, 0.169,-0.288, 0.027, 0.269,0.238, 0.017, 0.264,-0.113, -0.005, 0.006,0.114, 0.005, -0.007,-0.067, -0.375, -0.021,0.101, -0.346, -0.123,-0.111, -0.668, -0.270,0.041, -0.615, -0.364
221001,26,26,27,26,29,31,18,4,39,24,-0.189, 0.459, 0.202,0.160, 0.468, 0.202,-0.239, 0.234, 0.176,0.222, 0.235, 0.171,-0.292, 0.030, 0.267,0.262, 0.019, 0.268,-0.113, -0.006, 0.007,0.114, 0.007, -0.008,-0.066, -0.374, -0.022,0.111, -0.330, -0.150,-0.123, -0.662, -0.267,0.044, -0.576, -0.394
221001,26,26,26,25,32,31,19,6,37,24,-0.187, 0.468, 0.200,0.166, 0.474, 0.200,-0.239, 0.247, 0.174,0.233, 0.239, 0.168,-0.293, 0.036, 0.277,0.283, 0.019, 0.268,-0.114, -0.007, 0.008,0.114, 0.007, -0.009,-0.067, -0.376, -0.009,0.116, -0.325, -0.153,-0.132, -0.672, -0.226,0.043, -0.570, -0.396
221001,24,26,32,30,39,33,18,6,36,23,-0.182, 0.481, 0.194,0.175, 0.478, 0.195,-0.238, 0.267, 0.157,0.246, 0.242, 0.154,-0.293, 0.067, 0.275,0.297, 0.020, 0.254,-0.114, -0.007, 0.008,0.115, 0.007, -0.009,-0.072, -0.383, -0.010,0.116, -0.326, -0.155,-0.138, -0.691, -0.225,0.038, -0.581, -0.396
221001,24,26,33,36,36,31,17,8,32,22,-0.163, 0.483, 0.191,0.196, 0.477, 0.196,-0.232, 0.276, 0.144,0.262, 0.241, 0.148,-0.293, 0.070, 0.239,0.318, 0.010, 0.236,-0.115, -0.006, 0.008,0.115, 0.007, -0.009,-0.074, -0.387, -0.010,0.112, -0.335, -0.145,-0.139, -0.706, -0.208,0.037, -0.597, -0.371
221001,23,27,35,41,36,33,16,8,28,20,-0.152, 0.492, 0.183,0.208, 0.476, 0.186,-0.226, 0.283, 0.128,0.275, 0.239, 0.128,-0.289, 0.073, 0.218,0.328, 0.009, 0.215,-0.115, -0.006, 0.008,0.116, 0.006, -0.009,-0.075, -0.391, -0.012,0.104, -0.348, -0.139,-0.138, -0.720, -0.183,0.035, -0.632, -0.365
221001,23,28,33,41,35,33,15,6,26,16,-0.141, 0.490, 0.183,0.219, 0.470, 0.186,-0.221, 0.280, 0.129,0.284, 0.235, 0.130,-0.289, 0.072, 0.217,0.328, 0.004, 0.217,-0.115, -0.005, 0.008,0.116, 0.005, -0.009,-0.078, -0.393, -0.021,0.074, -0.358, -0.141,-0.145, -0.730, -0.182,0.007, -0.650, -0.358
221001,24,27,30,45,33,34,18,5,22,16,-0.131, 0.488, 0.177,0.229, 0.464, 0.169,-0.216, 0.280, 0.129,0.286, 0.230, 0.108,-0.286, 0.066, 0.217,0.329, -0.002, 0.192,-0.115, -0.004, 0.009,0.116, 0.005, -0.011,-0.079, -0.401, 0.002,0.067, -0.362, -0.142,-0.145, -0.754, -0.115,0.007, -0.658, -0.359
221001,23,25,28,49,33,34,20,6,22,15,-0.125, 0.487, 0.168,0.237, 0.462, 0.155,-0.209, 0.278, 0.125,0.288, 0.224, 0.092,-0.278, 0.066, 0.216,0.328, -0.010, 0.178,-0.116, -0.004, 0.011,0.116, 0.004, -0.012,-0.082, -0.407, 0.026,0.063, -0.363, -0.138,-0.147, -0.769, -0.071,0.004, -0.660, -0.347
221001,21,25,26,49,31,34,17,6,23,14,-0.118, 0.491, 0.147,0.243, 0.462, 0.135,-0.200, 0.278, 0.108,0.289, 0.222, 0.078,-0.270, 0.067, 0.198,0.325, -0.011, 0.168,-0.116, -0.003, 0.011,0.116, 0.004, -0.012,-0.087, -0.406, 0.022,0.058, -0.366, -0.121,-0.158, -0.763, -0.081,-0.013, -0.669, -0.302
221001,20,25,18,44,30,33,14,6,24,15,-0.111, 0.497, 0.122,0.247, 0.462, 0.105,-0.190, 0.278, 0.100,0.289, 0.218, 0.060,-0.260, 0.072, 0.201,0.324, -0.009, 0.161,-0.116, -0.001, 0.011,0.117, 0.002, -0.013,-0.088, -0.405, 0.021,0.056, -0.372, -0.110,-0.158, -0.756, -0.092,-0.022, -0.678, -0.289
221001,20,24,20,48,35,35,12,5,24,16,-0.106, 0.505, 0.104,0.247, 0.462, 0.099,-0.189, 0.293, 0.073,0.287, 0.216, 0.053,-0.254, 0.103, 0.181,0.307, -0.002, 0.156,-0.116, 0.000, 0.011,0.117, 0.000, -0.012,-0.095, -0.404, 0.019,0.052, -0.379, -0.108,-0.167, -0.752, -0.105,-0.027, -0.688, -0.293
221002,20,23,15,52,38,35,8,5,23,16,-0.099, 0.514, 0.090,0.247, 0.467, 0.082,-0.184, 0.308, 0.068,0.282, 0.220, 0.033,-0.243, 0.135, 0.185,0.286, 0.007, 0.130,-0.116, 0.001, 0.011,0.117, -0.001, -0.012,-0.109, -0.402, 0.008,0.046, -0.380, -0.109,-0.186, -0.743, -0.119,-0.027, -0.692, -0.296
221002,21,23,13,17,55,33,3,7,31,21,-0.100, 0.515, 0.057,0.247, 0.472, 0.037,-0.175, 0.308, 0.080,0.281, 0.220, 0.023,-0.193, 0.187, 0.300,0.266, 0.011, 0.138,-0.116, 0.004, 0.010,0.117, -0.003, -0.011,-0.136, -0.388, -0.004,0.046, -0.379, -0.088,-0.197, -0.698, -0.210,-0.027, -0.688, -0.291
221002,24,22,32,12,58,35,4,6,35,24,-0.102, 0.514, 0.051,0.246, 0.472, 0.027,-0.171, 0.308, 0.102,0.276, 0.220, 0.019,-0.163, 0.219, 0.343,0.257, 0.018, 0.146,-0.116, 0.006, 0.008,0.117, -0.006, -0.009,-0.145, -0.376, -0.003,0.045, -0.379, -0.071,-0.193, -0.674, -0.227,-0.029, -0.686, -0.283
221002,27,21,48,39,66,38,4,7,29,22,-0.103, 0.513, 0.050,0.246, 0.473, 0.028,-0.161, 0.305, 0.124,0.275, 0.220, 0.001,-0.123, 0.275, 0.359,0.252, 0.018, 0.120,-0.116, 0.009, 0.007,0.117, -0.008, -0.008,-0.154, -0.372, -0.039,0.045, -0.382, -0.076,-0.203, -0.667, -0.261,-0.029, -0.692, -0.279
221002,33,22,56,51,68,37,4,5,31,23,-0.104, 0.504, 0.060,0.245, 0.471, 0.039,-0.159, 0.304, 0.155,0.275, 0.220, -0.003,-0.103, 0.300, 0.385,0.255, 0.014, 0.099,-0.116, 0.011, 0.004,0.117, -0.010, -0.005,-0.156, -0.367, -0.033,0.043, -0.385, -0.069,-0.203, -0.658, -0.256,-0.028, -0.693, -0.276
221002,38,18,60,59,78,33,5,5,27,22,-0.107, 0.499, 0.065,0.233, 0.471, 0.045,-0.161, 0.303, 0.175,0.254, 0.219, 0.004,-0.083, 0.350, 0.395,0.251, 0.005, 0.102,-0.116, 0.012, 0.002,0.117, -0.011, -0.003,-0.159, -0.368, -0.064,0.046, -0.389, -0.072,-0.211, -0.661, -0.290,-0.021, -0.702, -0.278
221002,41,16,63,66,89,27,5,5,29,20,-0.111, 0.499, 0.058,0.220, 0.471, 0.044,-0.161, 0.325, 0.170,0.238, 0.216, -0.003,-0.069, 0.427, 0.373,0.250, -0.007, 0.067,-0.116, 0.012, 0.000,0.116, -0.011, -0.001,-0.159, -0.377, -0.055,0.048, -0.394, -0.069,-0.212, -0.662, -0.273,-0.020, -0.714, -0.259
221002,45,16,66,64,88,26,6,4,28,18,-0.115, 0.499, 0.059,0.213, 0.471, 0.044,-0.160, 0.339, 0.178,0.234, 0.215, -0.005,-0.068, 0.453, 0.376,0.251, -0.015, 0.059,-0.116, 0.012, 0.000,0.116, -0.011, 0.000,-0.158, -0.383, -0.054,0.051, -0.396, -0.066,-0.211, -0.671, -0.266,-0.014, -0.720, -0.243
221002,51,18,71,58,78,27,5,6,27,18,-0.119, 0.502, 0.060,0.206, 0.478, 0.033,-0.153, 0.363, 0.193,0.234, 0.220, -0.023,-0.067, 0.465, 0.391,0.269, -0.014, 0.039,-0.115, 0.011, 0.000,0.116, -0.010, -0.001,-0.150, -0.390, -0.056,0.064, -0.396, -0.073,-0.200, -0.681, -0.264,0.006, -0.717, -0.249
221002,54,17,75,52,79,27,5,6,26,17,-0.126, 0.502, 0.069,0.196, 0.481, 0.036,-0.147, 0.363, 0.215,0.228, 0.221, -0.017,-0.065, 0.489, 0.411,0.272, -0.013, 0.050,-0.115, 0.010, 0.000,0.116, -0.010, -0.001,-0.144, -0.394, -0.060,0.067, -0.396, -0.073,-0.187, -0.687, -0.263,0.011, -0.716, -0.247
221002,55,17,77,52,78,28,4,6,25,16,-0.130, 0.501, 0.079,0.194, 0.482, 0.038,-0.143, 0.360, 0.228,0.227, 0.222, -0.020,-0.053, 0.484, 0.423,0.274, -0.015, 0.046,-0.115, 0.009, 0.001,0.116, -0.009, -0.002,-0.135, -0.399, -0.060,0.070, -0.395, -0.072,-0.179, -0.698, -0.262,0.019, -0.717, -0.236
221002,54,17,80,52,77,28,3,5,25,15,-0.133, 0.502, 0.076,0.191, 0.482, 0.039,-0.142, 0.365, 0.217,0.225, 0.221, -0.018,-0.049, 0.483, 0.413,0.280, -0.014, 0.052,-0.115, 0.009, 0.000,0.115, -0.008, -0.001,-0.122, -0.405, -0.065,0.076, -0.395, -0.061,-0.155, -0.704, -0.266,0.048, -0.720, -0.211
221002,56,17,80,51,71,29,2,5,24,14,-0.136, 0.503, 0.075,0.190, 0.482, 0.038,-0.144, 0.372, 0.217,0.224, 0.222, -0.018,-0.054, 0.471, 0.419,0.282, -0.012, 0.054,-0.115, 0.008, 0.000,0.115, -0.008, -0.001,-0.115, -0.405, -0.069,0.083, -0.393, -0.057,-0.146, -0.706, -0.265,0.063, -0.722, -0.198
221002,56,16,83,48,69,28,3,4,22,14,-0.144, 0.503, 0.080,0.181, 0.482, 0.043,-0.144, 0.368, 0.226,0.217, 0.222, -0.008,-0.056, 0.466, 0.430,0.278, -0.012, 0.062,-0.115, 0.007, 0.000,0.115, -0.007, -0.001,-0.111, -0.409, -0.084,0.085, -0.393, -0.058,-0.143, -0.711, -0.280,0.066, -0.727, -0.199
221002,60,15,85,47,64,28,3,3,22,14,-0.151, 0.499, 0.097,0.176, 0.482, 0.056,-0.145, 0.368, 0.251,0.211, 0.222, 0.007,-0.057, 0.459, 0.464,0.276, -0.013, 0.082,-0.115, 0.006, 0.000,0.115, -0.006, -0.001,-0.108, -0.410, -0.083,0.087, -0.392, -0.056,-0.141, -0.714, -0.277,0.068, -0.727, -0.197
221002,58,15,85,40,67,26,3,2,21,14,-0.157, 0.499, 0.096,0.171, 0.483, 0.057,-0.151, 0.366, 0.242,0.210, 0.222, 0.015,-0.059, 0.459, 0.450,0.270, -0.011, 0.089,-0.115, 0.006, -0.001,0.115, -0.005, 0.000,-0.105, -0.411, -0.081,0.089, -0.392, -0.049,-0.132, -0.716, -0.273,0.074, -0.732, -0.186
221002,57,15,88,38,67,26,3,2,21,13,-0.164, 0.499, 0.084,0.163, 0.484, 0.056,-0.154, 0.365, 0.232,0.207, 0.223, 0.015,-0.069, 0.462, 0.439,0.262, -0.010, 0.088,-0.114, 0.005, -0.001,0.115, -0.004, 0.000,-0.099, -0.413, -0.079,0.092, -0.392, -0.048,-0.125, -0.723, -0.268,0.077, -0.735, -0.180
221002,57,14,89,32,68,25,3,2,21,14,-0.167, 0.498, 0.085,0.159, 0.484, 0.060,-0.158, 0.363, 0.230,0.204, 0.223, 0.026,-0.074, 0.460, 0.435,0.248, -0.005, 0.103,-0.114, 0.004, -0.002,0.115, -0.003, 0.001,-0.096, -0.414, -0.078,0.095, -0.392, -0.049,-0.119, -0.725, -0.262,0.084, -0.734, -0.184
221002,56,14,91,32,70,26,4,1,20,14,-0.172, 0.495, 0.082,0.152, 0.485, 0.060,-0.159, 0.360, 0.225,0.201, 0.224, 0.024,-0.087, 0.463, 0.429,0.243, -0.002, 0.102,-0.114, 0.003, -0.002,0.115, -0.003, 0.001,-0.096, -0.414, -0.080,0.096, -0.392, -0.048,-0.118, -0.724, -0.262,0.087, -0.735, -0.183
221002,55,15,93,29,69,27,4,2,20,13,-0.179, 0.493, 0.081,0.147, 0.487, 0.055,-0.160, 0.356, 0.225,0.201, 0.230, 0.019,-0.092, 0.462, 0.433,0.243, 0.006, 0.099,-0.114, 0.002, -0.002,0.115, -0.001, 0.001,-0.091, -0.414, -0.079,0.103, -0.389, -0.050,-0.110, -0.724, -0.260,0.095, -0.732, -0.184
221002,54,15,93,33,71,28,4,2,20,13,-0.183, 0.491, 0.078,0.145, 0.488, 0.049,-0.162, 0.354, 0.217,0.200, 0.230, 0.006,-0.094, 0.461, 0.422,0.243, 0.008, 0.084,-0.114, 0.001, -0.002,0.115, 0.000, 0.001,-0.089, -0.414, -0.070,0.105, -0.389, -0.050,-0.110, -0.727, -0.241,0.093, -0.732, -0.185
221002,54,17,89,35,66,31,4,4,24,16,-0.185, 0.489, 0.070,0.142, 0.493, 0.032,-0.170, 0.353, 0.214,0.200, 0.239, -0.021,-0.094, 0.441, 0.422,0.244, 0.022, 0.059,-0.115, -0.001, -0.001,0.115, 0.002, 0.000,-0.089, -0.413, -0.047,0.107, -0.387, -0.053,-0.106, -0.722, -0.227,0.090, -0.722, -0.200
221002,54,18,88,36,66,31,5,4,24,16,-0.186, 0.485, 0.069,0.141, 0.495, 0.028,-0.172, 0.349, 0.214,0.201, 0.239, -0.028,-0.102, 0.443, 0.427,0.244, 0.021, 0.048,-0.115, -0.002, -0.001,0.115, 0.003, 0.000,-0.089, -0.413, -0.039,0.107, -0.386, -0.052,-0.108, -0.723, -0.213,0.089, -0.722, -0.200
221003,56,18,88,39,65,31,5,3,25,18,-0.185, 0.484, 0.073,0.142, 0.495, 0.038,-0.172, 0.350, 0.220,0.201, 0.239, -0.023,-0.100, 0.444, 0.442,0.244, 0.020, 0.051,-0.115, -0.003, -0.001,0.115, 0.004, 0.000,-0.089, -0.413, -0.041,0.108, -0.384, -0.052,-0.108, -0.723, -0.218,0.090, -0.717, -0.213
221003,58,17,86,35,62,29,4,4,24,18,-0.184, 0.487, 0.065,0.143, 0.494, 0.032,-0.178, 0.365, 0.214,0.201, 0.239, -0.020,-0.091, 0.447, 0.419,0.245, 0.021, 0.052,-0.115, -0.003, -0.002,0.115, 0.004, 0.001,-0.088, -0.413, -0.044,0.108, -0.384, -0.052,-0.107, -0.724, -0.222,0.096, -0.717, -0.212
221003,59,18,83,33,63,28,4,3,23,18,-0.179, 0.489, 0.064,0.150, 0.494, 0.031,-0.181, 0.369, 0.213,0.212, 0.239, -0.018,-0.090, 0.450, 0.419,0.252, 0.021, 0.054,-0.115, -0.003, -0.001,0.115, 0.004, 0.000,-0.089, -0.413, -0.036,0.107, -0.382, -0.038,-0.107, -0.728, -0.202,0.104, -0.717, -0.187
221003,58,18,83,32,66,28,4,4,24,17,-0.179, 0.490, 0.060,0.149, 0.494, 0.030,-0.182, 0.368, 0.208,0.210, 0.238, -0.018,-0.092, 0.462, 0.411,0.252, 0.020, 0.056,-0.115, -0.004, -0.001,0.115, 0.004, 0.000,-0.087, -0.413, -0.034,0.109, -0.380, -0.044,-0.101, -0.729, -0.205,0.103, -0.713, -0.196
221003,60,17,84,24,65,26,5,3,23,17,-0.179, 0.489, 0.077,0.149, 0.488, 0.052,-0.181, 0.368, 0.228,0.210, 0.232, 0.018,-0.090, 0.458, 0.432,0.250, 0.011, 0.096,-0.114, -0.004, -0.001,0.115, 0.004, 0.001,-0.085, -0.413, -0.035,0.109, -0.380, -0.044,-0.095, -0.733, -0.202,0.103, -0.714, -0.196
221003,60,16,83,25,66,25,5,3,23,17,-0.175, 0.489, 0.078,0.152, 0.486, 0.053,-0.179, 0.365, 0.229,0.210, 0.227, 0.020,-0.090, 0.462, 0.435,0.249, 0.000, 0.094,-0.114, -0.004, -0.001,0.115, 0.004, 0.000,-0.084, -0.413, -0.034,0.107, -0.382, -0.046,-0.096, -0.736, -0.202,0.102, -0.717, -0.199
221003,57,16,79,19,74,20,4,4,23,15,-0.173, 0.493, 0.077,0.154, 0.486, 0.058,-0.191, 0.367, 0.215,0.210, 0.226, 0.034,-0.106, 0.472, 0.412,0.249, 0.000, 0.099,-0.114, -0.004, -0.001,0.115, 0.004, 0.000,-0.084, -0.413, -0.034,0.107, -0.384, -0.061,-0.098, -0.738, -0.203,0.102, -0.722, -0.219
221003,57,17,73,21,76,21,4,5,23,14,-0.170, 0.493, 0.079,0.162, 0.484, 0.058,-0.202, 0.363, 0.215,0.216, 0.226, 0.032,-0.112, 0.468, 0.413,0.258, -0.001, 0.097,-0.114, -0.004, 0.001,0.114, 0.004, -0.002,-0.084, -0.414, -0.035,0.107, -0.385, -0.070,-0.104, -0.742, -0.202,0.102, -0.727, -0.226
221003,60,17,71,28,73,24,6,4,24,15,-0.169, 0.493, 0.093,0.164, 0.485, 0.064,-0.204, 0.358, 0.242,0.215, 0.227, 0.029,-0.112, 0.463, 0.461,0.258, -0.002, 0.098,-0.114, -0.003, 0.003,0.114, 0.004, -0.004,-0.087, -0.414, -0.031,0.106, -0.386, -0.073,-0.110, -0.735, -0.202,0.091, -0.727, -0.238
221003,57,16,69,34,74,22,7,5,28,17,-0.165, 0.493, 0.091,0.169, 0.484, 0.070,-0.209, 0.343, 0.239,0.215, 0.226, 0.035,-0.111, 0.434, 0.464,0.258, -0.012, 0.100,-0.114, -0.003, 0.003,0.114, 0.004, -0.004,-0.091, -0.414, -0.018,0.106, -0.387, -0.069,-0.116, -0.733, -0.202,0.091, -0.725, -0.240
221003,54,17,65,35,76,23,9,9,28,22,-0.159, 0.492, 0.097,0.179, 0.474, 0.090,-0.220, 0.326, 0.238,0.220, 0.216, 0.059,-0.111, 0.392, 0.459,0.263, -0.012, 0.130,-0.114, -0.003, 0.001,0.115, 0.003, -0.002,-0.094, -0.414, -0.015,0.114, -0.386, -0.038,-0.121, -0.735, -0.197,0.105, -0.722, -0.216
221003,53,16,57,34,69,25,10,11,29,27,-0.159, 0.490, 0.108,0.183, 0.470, 0.087,-0.231, 0.315, 0.236,0.220, 0.214, 0.057,-0.118, 0.316, 0.457,0.262, -0.010, 0.135,-0.115, -0.002, 0.002,0.115, 0.003, -0.003,-0.107, -0.407, -0.015,0.120, -0.376, -0.025,-0.131, -0.717, -0.205,0.105, -0.705, -0.217
221003,42,15,51,55,70,35,13,16,32,30,-0.154, 0.482, 0.106,0.191, 0.466, 0.084,-0.224, 0.274, 0.205,0.222, 0.213, 0.032,-0.122, 0.251, 0.431,0.261, -0.006, 0.131,-0.116, -0.002, 0.002,0.116, 0.002, -0.003,-0.116, -0.402, 0.008,0.138, -0.374, -0.003,-0.146, -0.712, -0.179,0.115, -0.706, -0.192
221003,40,15,39,60,57,40,12,20,27,29,-0.140, 0.486, 0.118,0.211, 0.466, 0.093,-0.224, 0.278, 0.196,0.232, 0.213, 0.050,-0.142, 0.174, 0.399,0.264, -0.001, 0.178,-0.116, 0.000, 0.003,0.117, 0.001, -0.004,-0.134, -0.399, -0.012,0.157, -0.375, -0.008,-0.183, -0.709, -0.187,0.141, -0.711, -0.195
221003,32,15,14,67,43,40,11,20,30,28,-0.134, 0.494, 0.116,0.214, 0.466, 0.091,-0.223, 0.285, 0.146,0.233, 0.210, 0.035,-0.197, 0.103, 0.310,0.265, -0.008, 0.154,-0.117, 0.001, 0.004,0.117, -0.001, -0.005,-0.143, -0.399, -0.019,0.156, -0.376, -0.012,-0.199, -0.704, -0.222,0.137, -0.715, -0.195
221003,27,15,1,72,37,40,11,20,29,28,-0.131, 0.497, 0.117,0.215, 0.466, 0.102,-0.218, 0.287, 0.119,0.233, 0.208, 0.038,-0.220, 0.069, 0.255,0.263, -0.020, 0.150,-0.117, 0.002, 0.005,0.117, -0.002, -0.006,-0.148, -0.399, -0.015,0.154, -0.378, -0.017,-0.212, -0.703, -0.206,0.136, -0.717, -0.208
221003,22,15,14,73,29,38,12,19,27,26,-0.129, 0.495, 0.117,0.216, 0.462, 0.105,-0.211, 0.268, 0.099,0.232, 0.199, 0.042,-0.258, 0.044, 0.202,0.262, -0.027, 0.145,-0.117, 0.004, 0.006,0.117, -0.003, -0.007,-0.161, -0.399, -0.015,0.138, -0.380, -0.013,-0.259, -0.703, -0.188,0.094, -0.723, -0.182
221003,20,16,18,74,27,35,12,18,24,24,-0.121, 0.492, 0.126,0.227, 0.454, 0.117,-0.199, 0.256, 0.102,0.243, 0.191, 0.054,-0.254, 0.031, 0.195,0.272, -0.030, 0.142,-0.117, 0.005, 0.006,0.117, -0.005, -0.007,-0.169, -0.395, -0.024,0.115, -0.382, -0.015,-0.265, -0.703, -0.186,0.077, -0.726, -0.178
221003,19,17,21,73,27,32,13,16,21,20,-0.119, 0.491, 0.133,0.229, 0.450, 0.131,-0.193, 0.255, 0.105,0.247, 0.190, 0.067,-0.265, 0.031, 0.195,0.281, -0.031, 0.144,-0.117, 0.008, 0.005,0.117, -0.007, -0.006,-0.184, -0.391, -0.037,0.088, -0.387, -0.026,-0.297, -0.700, -0.187,0.052, -0.732, -0.180
221004,16,17,33,75,33,32,13,9,19,16,-0.114, 0.490, 0.155,0.232, 0.446, 0.145,-0.178, 0.251, 0.116,0.248, 0.186, 0.078,-0.253, 0.029, 0.223,0.287, -0.040, 0.150,-0.117, 0.009, 0.005,0.117, -0.009, -0.006,-0.184, -0.387, -0.044,0.072, -0.390, -0.081,-0.287, -0.696, -0.189,0.037, -0.731, -0.259
221004,14,17,31,74,31,30,12,7,18,14,-0.112, 0.492, 0.136,0.233, 0.447, 0.135,-0.172, 0.253, 0.099,0.250, 0.187, 0.074,-0.247, 0.034, 0.197,0.300, -0.038, 0.142,-0.117, 0.010, 0.004,0.117, -0.010, -0.005,-0.184, -0.387, -0.043,0.059, -0.391, -0.078,-0.278, -0.697, -0.184,0.019, -0.731, -0.240
221004,14,18,27,71,28,30,11,7,16,10,-0.108, 0.492, 0.126,0.238, 0.446, 0.123,-0.170, 0.252, 0.094,0.256, 0.187, 0.065,-0.244, 0.033, 0.181,0.317, -0.037, 0.130,-0.117, 0.011, 0.004,0.117, -0.011, -0.005,-0.183, -0.387, -0.037,0.054, -0.394, -0.077,-0.273, -0.704, -0.166,0.010, -0.738, -0.207
221004,14,20,29,63,27,29,14,10,19,16,-0.107, 0.492, 0.122,0.238, 0.446, 0.121,-0.168, 0.253, 0.087,0.268, 0.187, 0.061,-0.242, 0.034, 0.168,0.336, -0.036, 0.120,-0.117, 0.011, 0.003,0.117, -0.011, -0.005,-0.177, -0.387, -0.008,0.050, -0.394, -0.041,-0.237, -0.719, -0.141,0.007, -0.737, -0.182
221004,14,22,27,58,28,28,13,10,21,17,-0.108, 0.492, 0.122,0.237, 0.448, 0.120,-0.167, 0.251, 0.091,0.274, 0.196, 0.060,-0.242, 0.029, 0.180,0.340, -0.035, 0.121,-0.117, 0.011, 0.004,0.117, -0.011, -0.005,-0.162, -0.391, -0.005,0.045, -0.394, -0.038,-0.208, -0.725, -0.147,-0.010, -0.737, -0.183
221004,13,23,27,53,28,27,11,9,20,17,-0.108, 0.495, 0.109,0.236, 0.450, 0.110,-0.165, 0.252, 0.079,0.277, 0.197, 0.056,-0.236, 0.031, 0.169,0.344, -0.033, 0.119,-0.117, 0.011, 0.004,0.117, -0.011, -0.005,-0.149, -0.397, -0.006,0.041, -0.396, -0.038,-0.199, -0.739, -0.142,-0.005, -0.742, -0.180
221004,12,22,27,52,27,28,10,8,20,17,-0.109, 0.497, 0.102,0.236, 0.453, 0.102,-0.165, 0.252, 0.074,0.275, 0.200, 0.050,-0.236, 0.034, 0.162,0.343, -0.024, 0.118,-0.117, 0.011, 0.004,0.117, -0.010, -0.005,-0.145, -0.400, -0.007,0.042, -0.396, -0.038,-0.204, -0.744, -0.142,-0.005, -0.742, -0.181
221004,12,22,36,51,28,29,10,7,20,18,-0.119, 0.497, 0.103,0.228, 0.458, 0.102,-0.172, 0.252, 0.064,0.270, 0.211, 0.049,-0.240, 0.035, 0.143,0.340, -0.012, 0.118,-0.117, 0.010, 0.004,0.117, -0.010, -0.005,-0.146, -0.400, -0.008,0.043, -0.395, -0.039,-0.202, -0.742, -0.141,-0.002, -0.740, -0.192
221004,12,22,38,50,28,29,10,7,19,18,-0.124, 0.496, 0.103,0.224, 0.461, 0.103,-0.173, 0.251, 0.066,0.268, 0.218, 0.050,-0.236, 0.030, 0.146,0.334, -0.010, 0.120,-0.116, 0.009, 0.003,0.117, -0.009, -0.005,-0.143, -0.401, -0.010,0.043, -0.395, -0.040,-0.194, -0.746, -0.142,-0.001, -0.740, -0.192
221004,12,21,41,53,29,31,11,7,19,19,-0.131, 0.493, 0.107,0.218, 0.462, 0.109,-0.176, 0.247, 0.067,0.261, 0.218, 0.050,-0.237, 0.029, 0.149,0.316, -0.007, 0.126,-0.116, 0.009, 0.003,0.117, -0.008, -0.005,-0.139, -0.402, -0.011,0.043, -0.395, -0.043,-0.190, -0.747, -0.142,-0.001, -0.739, -0.206
221004,14,20,40,57,30,33,12,8,20,20,-0.139, 0.491, 0.109,0.213, 0.462, 0.115,-0.190, 0.247, 0.065,0.256, 0.218, 0.050,-0.242, 0.029, 0.148,0.306, -0.004, 0.126,-0.117, 0.008, 0.003,0.117, -0.007, -0.004,-0.139, -0.403, -0.008,0.043, -0.394, -0.043,-0.191, -0.747, -0.141,0.000, -0.738, -0.207
221004,15,20,38,56,30,33,12,8,19,20,-0.144, 0.490, 0.110,0.207, 0.463, 0.115,-0.197, 0.247, 0.066,0.252, 0.217, 0.051,-0.248, 0.032, 0.149,0.297, -0.004, 0.126,-0.117, 0.007, 0.003,0.117, -0.007, -0.004,-0.138, -0.404, -0.010,0.044, -0.394, -0.045,-0.187, -0.748, -0.142,0.007, -0.738, -0.211
221004,15,20,34,55,32,32,11,8,19,19,-0.145, 0.490, 0.112,0.205, 0.463, 0.115,-0.198, 0.248, 0.074,0.251, 0.216, 0.051,-0.248, 0.035, 0.170,0.292, -0.006, 0.126,-0.117, 0.007, 0.003,0.117, -0.006, -0.004,-0.135, -0.405, -0.013,0.045, -0.394, -0.046,-0.181, -0.749, -0.147,0.011, -0.738, -0.211
221004,17,19,28,53,33,33,11,5,19,19,-0.150, 0.491, 0.108,0.201, 0.467, 0.104,-0.204, 0.250, 0.081,0.246, 0.216, 0.042,-0.248, 0.039, 0.192,0.286, -0.006, 0.123,-0.117, 0.006, 0.004,0.117, -0.006, -0.005,-0.132, -0.406, -0.014,0.050, -0.393, -0.052,-0.178, -0.749, -0.147,0.018, -0.737, -0.216
221004,17,19,25,53,33,33,10,5,20,19,-0.152, 0.492, 0.105,0.199, 0.469, 0.097,-0.205, 0.251, 0.081,0.242, 0.215, 0.035,-0.248, 0.040, 0.194,0.283, -0.006, 0.119,-0.117, 0.006, 0.004,0.117, -0.006, -0.005,-0.129, -0.406, -0.018,0.054, -0.393, -0.052,-0.171, -0.746, -0.159,0.024, -0.736, -0.216
221004,17,18,19,53,32,33,9,6,20,20,-0.155, 0.492, 0.097,0.195, 0.469, 0.091,-0.208, 0.251, 0.079,0.238, 0.212, 0.032,-0.248, 0.040, 0.193,0.280, -0.006, 0.116,-0.117, 0.006, 0.004,0.117, -0.005, -0.005,-0.128, -0.406, -0.020,0.058, -0.391, -0.041,-0.164, -0.741, -0.165,0.033, -0.734, -0.204
221004,18,17,16,53,32,33,9,5,21,20,-0.158, 0.492, 0.097,0.192, 0.470, 0.092,-0.211, 0.251, 0.083,0.234, 0.212, 0.032,-0.249, 0.041, 0.200,0.280, -0.006, 0.115,-0.117, 0.005, 0.004,0.117, -0.005, -0.005,-0.124, -0.407, -0.023,0.063, -0.391, -0.043,-0.156, -0.740, -0.175,0.039, -0.733, -0.207
221004,19,17,14,54,32,33,9,4,22,20,-0.161, 0.492, 0.097,0.191, 0.472, 0.090,-0.216, 0.253, 0.084,0.232, 0.213, 0.031,-0.251, 0.040, 0.201,0.278, -0.006, 0.117,-0.117, 0.005, 0.004,0.117, -0.004, -0.005,-0.117, -0.408, -0.020,0.068, -0.391, -0.051,-0.148, -0.740, -0.175,0.041, -0.732, -0.222
221004,19,17,17,51,30,32,9,5,22,20,-0.161, 0.491, 0.096,0.189, 0.471, 0.091,-0.218, 0.251, 0.079,0.232, 0.206, 0.036,-0.259, 0.034, 0.187,0.277, -0.009, 0.121,-0.117, 0.004, 0.004,0.117, -0.004, -0.005,-0.117, -0.407, -0.013,0.073, -0.391, -0.048,-0.144, -0.739, -0.168,0.050, -0.732, -0.222
221004,19,17,20,52,30,33,9,6,22,20,-0.163, 0.489, 0.101,0.187, 0.470, 0.098,-0.220, 0.248, 0.080,0.231, 0.204, 0.041,-0.264, 0.027, 0.187,0.274, -0.010, 0.126,-0.117, 0.003, 0.004,0.117, -0.003, -0.005,-0.115, -0.407, -0.016,0.078, -0.391, -0.051,-0.144, -0.739, -0.172,0.058, -0.731, -0.229
221004,20,16,20,54,28,34,9,6,22,20,-0.163, 0.488, 0.102,0.187, 0.469, 0.100,-0.224, 0.247, 0.080,0.227, 0.203, 0.043,-0.270, 0.022, 0.180,0.269, -0.010, 0.132,-0.117, 0.003, 0.004,0.117, -0.002, -0.005,-0.115, -0.407, -0.018,0.084, -0.390, -0.052,-0.138, -0.739, -0.175,0.071, -0.729, -0.228
221005,20,15,20,54,28,35,8,6,22,20,-0.164, 0.488, 0.102,0.186, 0.470, 0.101,-0.226, 0.247, 0.080,0.224, 0.203, 0.048,-0.272, 0.021, 0.180,0.264, -0.010, 0.144,-0.117, 0.002, 0.004,0.117, -0.002, -0.005,-0.113, -0.407, -0.026,0.084, -0.390, -0.057,-0.138, -0.738, -0.187,0.074, -0.727, -0.233
221005,20,15,21,54,28,34,8,6,21,19,-0.163, 0.488, 0.102,0.187, 0.471, 0.102,-0.225, 0.248, 0.078,0.223, 0.204, 0.050,-0.271, 0.021, 0.177,0.263, -0.010, 0.144,-0.117, 0.002, 0.003,0.117, -0.001, -0.004,-0.113, -0.407, -0.029,0.090, -0.390, -0.053,-0.138, -0.739, -0.186,0.085, -0.729, -0.218
221005,20,16,25,57,29,33,8,8,20,19,-0.164, 0.488, 0.109,0.186, 0.471, 0.115,-0.225, 0.247, 0.079,0.224, 0.203, 0.057,-0.273, 0.021, 0.177,0.262, -0.013, 0.145,-0.117, 0.002, 0.002,0.117, -0.001, -0.003,-0.113, -0.407, -0.033,0.091, -0.390, -0.052,-0.138, -0.739, -0.189,0.085, -0.729, -0.218
221005,20,16,25,56,30,33,8,8,19,18,-0.164, 0.487, 0.111,0.187, 0.470, 0.118,-0.225, 0.247, 0.080,0.226, 0.203, 0.060,-0.274, 0.020, 0.178,0.262, -0.017, 0.145,-0.117, 0.002, 0.002,0.117, -0.001, -0.003,-0.113, -0.407, -0.038,0.090, -0.391, -0.051,-0.140, -0.739, -0.193,0.084, -0.733, -0.216
221005,19,16,28,58,30,31,8,8,20,19,-0.158, 0.487, 0.114,0.190, 0.469, 0.121,-0.218, 0.247, 0.080,0.227, 0.201, 0.063,-0.272, 0.020, 0.177,0.263, -0.024, 0.145,-0.117, 0.002, 0.002,0.117, -0.001, -0.003,-0.113, -0.406, -0.038,0.090, -0.391, -0.051,-0.143, -0.740, -0.193,0.084, -0.733, -0.216
221005,18,16,29,59,29,31,8,9,20,18,-0.156, 0.488, 0.115,0.192, 0.469, 0.120,-0.214, 0.247, 0.081,0.227, 0.201, 0.062,-0.270, 0.019, 0.175,0.263, -0.025, 0.142,-0.117, 0.002, 0.002,0.117, -0.001, -0.003,-0.113, -0.406, -0.037,0.089, -0.391, -0.051,-0.145, -0.740, -0.191,0.083, -0.734, -0.214
221005,15,17,33,57,29,31,8,9,19,18,-0.148, 0.487, 0.114,0.198, 0.468, 0.120,-0.197, 0.246, 0.080,0.236, 0.200, 0.061,-0.253, 0.019, 0.174,0.272, -0.025, 0.141,-0.117, 0.002, 0.002,0.117, -0.001, -0.003,-0.114, -0.406, -0.037,0.089, -0.393, -0.047,-0.148, -0.740, -0.188,0.083, -0.738, -0.205
221005,15,18,36,59,30,31,8,10,20,18,-0.145, 0.485, 0.119,0.203, 0.462, 0.129,-0.193, 0.246, 0.082,0.241, 0.198, 0.068,-0.248, 0.019, 0.176,0.278, -0.025, 0.144,-0.117, 0.002, 0.001,0.117, -0.002, -0.002,-0.114, -0.406, -0.038,0.086, -0.395, -0.046,-0.154, -0.740, -0.193,0.079, -0.740, -0.205
221005,14,18,36,58,31,32,8,10,21,18,-0.142, 0.486, 0.118,0.207, 0.462, 0.128,-0.188, 0.246, 0.082,0.246, 0.198, 0.068,-0.234, 0.023, 0.180,0.283, -0.024, 0.146,-0.117, 0.003, 0.001,0.117, -0.002, -0.002,-0.114, -0.406, -0.039,0.084, -0.395, -0.047,-0.154, -0.739, -0.199,0.073, -0.740, -0.211
221005,14,19,36,56,32,31,7,9,21,18,-0.140, 0.488, 0.117,0.208, 0.463, 0.126,-0.185, 0.249, 0.082,0.249, 0.199, 0.067,-0.228, 0.030, 0.183,0.286, -0.023, 0.146,-0.117, 0.003, 0.001,0.117, -0.002, -0.002,-0.113, -0.406, -0.041,0.081, -0.395, -0.051,-0.154, -0.739, -0.205,0.068, -0.740, -0.216
221005,14,19,35,55,33,31,7,9,22,18,-0.140, 0.488, 0.117,0.209, 0.462, 0.126,-0.185, 0.250, 0.083,0.250, 0.199, 0.069,-0.228, 0.035, 0.186,0.289, -0.022, 0.148,-0.117, 0.003, 0.001,0.117, -0.003, -0.002,-0.113, -0.407, -0.043,0.077, -0.396, -0.051,-0.159, -0.739, -0.212,0.057, -0.740, -0.218
221005,14,20,34,53,33,31,7,9,21,18,-0.140, 0.488, 0.116,0.209, 0.462, 0.125,-0.185, 0.251, 0.083,0.254, 0.199, 0.068,-0.227, 0.038, 0.187,0.293, -0.023, 0.146,-0.117, 0.003, 0.001,0.117, -0.003, -0.002,-0.115, -0.407, -0.043,0.074, -0.396, -0.051,-0.166, -0.740, -0.209,0.054, -0.740, -0.218
221005,13,20,35,52,32,30,7,8,20,18,-0.140, 0.491, 0.108,0.209, 0.465, 0.119,-0.185, 0.253, 0.074,0.254, 0.203, 0.063,-0.228, 0.039, 0.175,0.295, -0.020, 0.141,-0.117, 0.003, 0.001,0.117, -0.003, -0.002,-0.117, -0.407, -0.039,0.071, -0.396, -0.049,-0.166, -0.743, -0.196,0.048, -0.740, -0.212
221005,13,20,36,52,31,30,7,8,20,18,-0.140, 0.492, 0.108,0.210, 0.465, 0.119,-0.185, 0.254, 0.074,0.255, 0.204, 0.063,-0.228, 0.039, 0.170,0.298, -0.020, 0.140,-0.117, 0.003, 0.001,0.117, -0.003, -0.002,-0.118, -0.407, -0.039,0.070, -0.396, -0.049,-0.169, -0.743, -0.195,0.047, -0.740, -0.211
221005,13,20,35,53,31,30,7,8,20,18,-0.140, 0.490, 0.108,0.210, 0.464, 0.119,-0.185, 0.251, 0.074,0.255, 0.202, 0.063,-0.229, 0.033, 0.170,0.297, -0.020, 0.140,-0.117, 0.004, 0.001,0.117, -0.003, -0.002,-0.121, -0.407, -0.040,0.067, -0.397, -0.048,-0.172, -0.742, -0.196,0.043, -0.742, -0.207
221005,13,20,35,53,31,31,8,8,20,19,-0.139, 0.488, 0.111,0.211, 0.462, 0.122,-0.185, 0.247, 0.076,0.255, 0.200, 0.067,-0.229, 0.028, 0.171,0.296, -0.020, 0.145,-0.117, 0.004, 0.000,0.117, -0.003, -0.001,-0.123, -0.406, -0.040,0.066, -0.396, -0.048,-0.174, -0.740, -0.196,0.041, -0.739, -0.211
221005,13,20,37,54,31,31,8,9,20,19,-0.139, 0.485, 0.113,0.211, 0.460, 0.126,-0.184, 0.243, 0.076,0.254, 0.198, 0.070,-0.230, 0.023, 0.170,0.292, -0.021, 0.148,-0.117, 0.004, 0.000,0.117, -0.003, -0.001,-0.126, -0.405, -0.039,0.065, -0.396, -0.047,-0.176, -0.740, -0.196,0.039, -0.736, -0.213
221005,13,20,38,56,31,31,9,10,20,19,-0.139, 0.481, 0.118,0.211, 0.457, 0.134,-0.184, 0.237, 0.078,0.253, 0.194, 0.077,-0.232, 0.017, 0.170,0.289, -0.022, 0.155,-0.117, 0.004, -0.001,0.117, -0.003, -0.001,-0.128, -0.404, -0.039,0.064, -0.396, -0.046,-0.180, -0.739, -0.196,0.037, -0.735, -0.213
221005,13,19,38,57,31,32,10,10,21,19,-0.139, 0.480, 0.118,0.211, 0.457, 0.134,-0.184, 0.236, 0.080,0.251, 0.194, 0.076,-0.234, 0.015, 0.172,0.287, -0.022, 0.155,-0.117, 0.004, 0.000,0.117, -0.003, -0.001,-0.130, -0.404, -0.036,0.062, -0.396, -0.046,-0.182, -0.738, -0.193,0.035, -0.735, -0.214
221005,13,19,39,58,31,32,10,10,21,20,-0.139, 0.479, 0.120,0.211, 0.457, 0.135,-0.184, 0.235, 0.080,0.250, 0.194, 0.076,-0.236, 0.014, 0.171,0.285, -0.022, 0.154,-0.117, 0.004, 0.000,0.117, -0.003, -0.001,-0.133, -0.403, -0.035,0.062, -0.395, -0.046,-0.185, -0.738, -0.193,0.035, -0.734, -0.216
221005,13,19,39,58,31,32,10,9,21,20,-0.139, 0.478, 0.121,0.211, 0.457, 0.135,-0.185, 0.234, 0.081,0.250, 0.194, 0.076,-0.238, 0.012, 0.172,0.284, -0.024, 0.154,-0.117, 0.004, 0.000,0.117, -0.004, -0.001,-0.133, -0.403, -0.036,0.061, -0.395, -0.047,-0.187, -0.736, -0.196,0.035, -0.733, -0.222
221006,13,19,41,60,31,32,10,10,22,21,-0.139, 0.477, 0.124,0.211, 0.456, 0.138,-0.184, 0.231, 0.081,0.249, 0.193, 0.077,-0.238, 0.008, 0.172,0.283, -0.026, 0.156,-0.117, 0.004, 0.000,0.118, -0.004, -0.001,-0.133, -0.402, -0.036,0.061, -0.395, -0.048,-0.188, -0.733, -0.199,0.035, -0.732, -0.225
221006,13,19,41,60,30,32,10,10,21,21,-0.139, 0.477, 0.123,0.211, 0.456, 0.138,-0.184, 0.231, 0.081,0.249, 0.193, 0.077,-0.238, 0.008, 0.170,0.282, -0.028, 0.155,-0.117, 0.004, -0.001,0.118, -0.004, -0.001,-0.133, -0.401, -0.037,0.061, -0.395, -0.048,-0.188, -0.732, -0.199,0.035, -0.732, -0.224
221006,13,19,41,60,30,32,10,9,21,21,-0.139, 0.477, 0.123,0.211, 0.456, 0.137,-0.184, 0.231, 0.081,0.248, 0.193, 0.077,-0.238, 0.008, 0.170,0.282, -0.028, 0.155,-0.117, 0.004, -0.001,0.118, -0.004, -0.001,-0.133, -0.401, -0.038,0.061, -0.395, -0.048,-0.188, -0.732, -0.201,0.035, -0.732, -0.224
221006,13,19,40,60,30,31,10,9,22,21,-0.140, 0.477, 0.123,0.211, 0.456, 0.136,-0.184, 0.232, 0.082,0.248, 0.193, 0.075,-0.238, 0.008, 0.172,0.283, -0.028, 0.152,-0.117, 0.004, 0.000,0.118, -0.004, -0.001,-0.133, -0.401, -0.037,0.061, -0.395, -0.048,-0.189, -0.731, -0.200,0.034, -0.732, -0.224
221006,13,19,40,60,30,31,10,9,22,20,-0.140, 0.477, 0.123,0.211, 0.457, 0.136,-0.184, 0.232, 0.082,0.248, 0.193, 0.074,-0.237, 0.008, 0.172,0.283, -0.029, 0.150,-0.117, 0.004, 0.000,0.118, -0.004, -0.001,-0.133, -0.401, -0.035,0.061, -0.395, -0.048,-0.189, -0.731, -0.197,0.035, -0.732, -0.222
221006,13,19,40,60,31,32,11,9,22,20,-0.140, 0.477, 0.123,0.211, 0.457, 0.134,-0.184, 0.233, 0.082,0.249, 0.193, 0.070,-0.237, 0.009, 0.173,0.284, -0.029, 0.146,-0.117, 0.004, 0.000,0.118, -0.004, -0.001,-0.133, -0.401, -0.033,0.061, -0.395, -0.048,-0.189, -0.731, -0.195,0.035, -0.732, -0.222
221006,13,19,40,60,31,32,11,9,22,20,-0.140, 0.478, 0.123,0.210, 0.458, 0.133,-0.185, 0.234, 0.083,0.249, 0.194, 0.070,-0.237, 0.011, 0.175,0.284, -0.029, 0.146,-0.117, 0.004, 0.000,0.118, -0.004, -0.001,-0.133, -0.401, -0.032,0.061, -0.395, -0.048,-0.189, -0.731, -0.194,0.035, -0.732, -0.222
221006,13,19,40,60,31,32,11,9,22,20,-0.140, 0.479, 0.123,0.210, 0.458, 0.132,-0.185, 0.235, 0.083,0.248, 0.194, 0.069,-0.236, 0.013, 0.179,0.284, -0.029, 0.146,-0.117, 0.004, 0.000,0.118, -0.004, -0.001,-0.133, -0.401, -0.031,0.061, -0.395, -0.049,-0.188, -0.732, -0.191,0.035, -0.732, -0.222
221006,14,18,38,60,32,32,11,8,22,21,-0.141, 0.481, 0.123,0.209, 0.459, 0.132,-0.188, 0.240, 0.083,0.248, 0.194, 0.069,-0.238, 0.021, 0.180,0.283, -0.029, 0.146,-0.117, 0.004, 0.000,0.118, -0.004, -0.002,-0.133, -0.400, -0.026,0.061, -0.395, -0.053,-0.187, -0.732, -0.187,0.035, -0.732, -0.234
221006,14,18,36,59,32,31,11,8,22,21,-0.142, 0.483, 0.120,0.209, 0.461, 0.128,-0.189, 0.244, 0.083,0.247, 0.196, 0.067,-0.238, 0.025, 0.182,0.282, -0.028, 0.145,-0.117, 0.004, 0.001,0.118, -0.004, -0.002,-0.133, -0.400, -0.026,0.061, -0.395, -0.053,-0.187, -0.731, -0.188,0.035, -0.732, -0.233
221006,14,18,35,59,32,32,11,8,22,20,-0.142, 0.484, 0.118,0.209, 0.461, 0.124,-0.190, 0.244, 0.083,0.246, 0.196, 0.064,-0.237, 0.026, 0.183,0.280, -0.028, 0.145,-0.117, 0.004, 0.001,0.118, -0.004, -0.002,-0.133, -0.400, -0.026,0.061, -0.395, -0.052,-0.186, -0.731, -0.188,0.035, -0.732, -0.230
221006,15,18,34,59,32,32,11,7,22,20,-0.142, 0.484, 0.118,0.208, 0.461, 0.124,-0.190, 0.245, 0.084,0.245, 0.196, 0.065,-0.236, 0.027, 0.187,0.278, -0.028, 0.145,-0.117, 0.004, 0.001,0.118, -0.004, -0.002,-0.133, -0.400, -0.026,0.062, -0.395, -0.054,-0.186, -0.731, -0.186,0.037, -0.732, -0.233
221006,15,18,30,57,32,31,10,7,22,20,-0.142, 0.486, 0.112,0.208, 0.463, 0.117,-0.189, 0.245, 0.083,0.245, 0.197, 0.061,-0.234, 0.029, 0.189,0.276, -0.027, 0.144,-0.117, 0.004, 0.001,0.118, -0.004, -0.002,-0.133, -0.400, -0.027,0.062, -0.394, -0.054,-0.185, -0.731, -0.185,0.043, -0.732, -0.230
221006,14,18,31,57,32,31,10,7,20,19,-0.142, 0.487, 0.109,0.208, 0.463, 0.117,-0.189, 0.246, 0.080,0.245, 0.197, 0.062,-0.234, 0.030, 0.186,0.269, -0.027, 0.144,-0.117, 0.004, 0.000,0.118, -0.004, -0.002,-0.132, -0.401, -0.027,0.064, -0.394, -0.048,-0.175, -0.738, -0.177,0.047, -0.735, -0.209
221006,14,18,34,58,32,32,10,8,19,19,-0.142, 0.487, 0.106,0.208, 0.466, 0.117,-0.191, 0.246, 0.070,0.245, 0.205, 0.061,-0.240, 0.030, 0.169,0.264, -0.015, 0.144,-0.117, 0.004, 0.000,0.118, -0.004, -0.001,-0.132, -0.401, -0.024,0.067, -0.394, -0.046,-0.171, -0.742, -0.165,0.051, -0.736, -0.207
221006,15,18,35,57,32,35,9,8,18,19,-0.143, 0.488, 0.102,0.208, 0.468, 0.115,-0.196, 0.248, 0.061,0.245, 0.213, 0.061,-0.249, 0.030, 0.154,0.257, 0.005, 0.152,-0.117, 0.004, 0.000,0.118, -0.003, -0.002,-0.129, -0.402, -0.023,0.071, -0.394, -0.047,-0.166, -0.745, -0.159,0.056, -0.737, -0.207
221006,19,19,26,47,30,40,9,7,18,18,-0.144, 0.488, 0.100,0.206, 0.469, 0.112,-0.212, 0.250, 0.062,0.245, 0.220, 0.073,-0.273, 0.031, 0.155,0.249, 0.022, 0.193,-0.117, 0.004, 0.000,0.118, -0.003, -0.002,-0.127, -0.403, -0.022,0.072, -0.395, -0.045,-0.162, -0.748, -0.154,0.057, -0.741, -0.201
221006,21,20,23,35,31,41,9,7,17,18,-0.148, 0.487, 0.100,0.202, 0.469, 0.113,-0.225, 0.250, 0.063,0.243, 0.221, 0.086,-0.289, 0.031, 0.158,0.241, 0.030, 0.215,-0.117, 0.004, 0.000,0.118, -0.003, -0.001,-0.126, -0.405, -0.025,0.072, -0.395, -0.045,-0.162, -0.751, -0.156,0.058, -0.741, -0.200
221006,22,20,23,34,31,40,8,8,17,18,-0.152, 0.486, 0.100,0.200, 0.469, 0.117,-0.229, 0.250, 0.062,0.240, 0.221, 0.092,-0.295, 0.031, 0.156,0.239, 0.029, 0.222,-0.117, 0.003, 0.000,0.118, -0.003, -0.001,-0.121, -0.405, -0.036,0.078, -0.395, -0.045,-0.152, -0.751, -0.177,0.066, -0.741, -0.200
221007,22,20,25,36,31,40,7,8,17,17,-0.155, 0.486, 0.100,0.199, 0.469, 0.119,-0.233, 0.252, 0.057,0.241, 0.222, 0.091,-0.298, 0.032, 0.146,0.243, 0.028, 0.219,-0.117, 0.003, -0.001,0.118, -0.003, 0.000,-0.115, -0.407, -0.040,0.084, -0.394, -0.045,-0.144, -0.751, -0.180,0.073, -0.740, -0.201
221007,22,20,28,37,32,39,7,8,18,18,-0.162, 0.487, 0.100,0.193, 0.470, 0.119,-0.235, 0.253, 0.056,0.237, 0.224, 0.088,-0.295, 0.033, 0.147,0.251, 0.026, 0.213,-0.118, 0.003, -0.001,0.118, -0.002, 0.000,-0.115, -0.407, -0.042,0.089, -0.393, -0.045,-0.142, -0.748, -0.192,0.081, -0.737, -0.204
221007,22,19,28,41,32,39,8,8,22,21,-0.165, 0.486, 0.102,0.190, 0.470, 0.119,-0.235, 0.253, 0.061,0.237, 0.224, 0.082,-0.294, 0.033, 0.156,0.266, 0.025, 0.201,-0.118, 0.003, -0.001,0.118, -0.002, 0.000,-0.115, -0.406, -0.041,0.092, -0.390, -0.047,-0.133, -0.729, -0.212,0.090, -0.725, -0.228
221007,22,19,28,46,32,34,10,11,24,24,-0.172, 0.483, 0.115,0.184, 0.468, 0.130,-0.238, 0.253, 0.075,0.236, 0.222, 0.081,-0.292, 0.032, 0.172,0.279, 0.012, 0.172,-0.118, 0.001, -0.002,0.118, -0.001, 0.001,-0.107, -0.409, -0.035,0.109, -0.383, -0.037,-0.119, -0.730, -0.214,0.093, -0.706, -0.229
221007,22,19,27,48,31,32,11,13,25,26,-0.177, 0.480, 0.118,0.179, 0.466, 0.130,-0.240, 0.250, 0.082,0.234, 0.220, 0.072,-0.292, 0.029, 0.177,0.285, 0.005, 0.149,-0.118, 0.000, -0.002,0.118, 0.001, 0.001,-0.099, -0.412, -0.026,0.115, -0.374, -0.025,-0.110, -0.734, -0.201,0.096, -0.698, -0.217
221007,24,19,14,48,30,33,12,37,26,53,-0.184, 0.476, 0.119,0.176, 0.462, 0.128,-0.245, 0.248, 0.102,0.234, 0.215, 0.065,-0.289, 0.027, 0.213,0.288, -0.013, 0.146,-0.118, -0.003, -0.002,0.119, 0.004, 0.001,-0.097, -0.414, -0.024,0.120, -0.296, 0.121,-0.109, -0.738, -0.207,0.088, -0.615, -0.073
221007,27,19,2,47,31,33,14,56,30,74,-0.189, 0.469, 0.122,0.168, 0.452, 0.128,-0.250, 0.243, 0.124,0.228, 0.198, 0.064,-0.279, 0.027, 0.253,0.285, -0.030, 0.148,-0.119, -0.008, -0.002,0.119, 0.009, 0.001,-0.092, -0.419, -0.011,0.125, -0.232, 0.207,-0.110, -0.742, -0.206,0.083, -0.549, -0.002
221007,27,18,2,47,32,33,16,70,34,86,-0.190, 0.464, 0.121,0.165, 0.442, 0.127,-0.256, 0.240, 0.116,0.226, 0.181, 0.063,-0.275, 0.027, 0.239,0.277, -0.046, 0.150,-0.120, -0.012, -0.002,0.120, 0.012, 0.001,-0.092, -0.421, 0.008,0.122, -0.184, 0.273,-0.112, -0.742, -0.196,0.078, -0.509, 0.069
221007,28,18,2,45,35,34,16,79,36,92,-0.188, 0.463, 0.117,0.166, 0.432, 0.121,-0.255, 0.236, 0.119,0.225, 0.164, 0.062,-0.259, 0.029, 0.253,0.265, -0.052, 0.151,-0.120, -0.015, -0.002,0.120, 0.015, 0.000,-0.091, -0.423, 0.016,0.123, -0.138, 0.298,-0.108, -0.743, -0.191,0.082, -0.476, 0.108
221007,28,18,3,46,35,35,16,78,34,90,-0.186, 0.462, 0.114,0.166, 0.431, 0.115,-0.254, 0.234, 0.118,0.223, 0.161, 0.057,-0.253, 0.029, 0.251,0.257, -0.055, 0.150,-0.120, -0.016, -0.001,0.120, 0.017, 0.000,-0.091, -0.423, 0.016,0.133, -0.137, 0.294,-0.108, -0.745, -0.185,0.088, -0.483, 0.114
221007,28,17,6,48,35,36,15,75,34,90,-0.183, 0.463, 0.109,0.169, 0.432, 0.106,-0.254, 0.235, 0.117,0.222, 0.163, 0.046,-0.250, 0.031, 0.248,0.253, -0.053, 0.143,-0.120, -0.017, -0.001,0.120, 0.017, 0.000,-0.091, -0.423, 0.014,0.140, -0.146, 0.290,-0.104, -0.747, -0.185,0.099, -0.483, 0.100
221007,28,16,4,51,34,34,14,69,34,82,-0.177, 0.464, 0.108,0.174, 0.431, 0.107,-0.250, 0.239, 0.115,0.220, 0.166, 0.047,-0.251, 0.032, 0.242,0.252, -0.051, 0.136,-0.120, -0.017, -0.001,0.120, 0.017, 0.000,-0.085, -0.423, 0.013,0.149, -0.174, 0.262,-0.093, -0.749, -0.193,0.103, -0.494, 0.094
221007,27,17,3,50,32,33,12,42,35,56,-0.169, 0.470, 0.113,0.186, 0.432, 0.112,-0.240, 0.248, 0.118,0.220, 0.169, 0.070,-0.252, 0.038, 0.243,0.253, -0.047, 0.168,-0.120, -0.013, -0.002,0.120, 0.013, 0.001,-0.078, -0.421, -0.009,0.147, -0.298, 0.148,-0.087, -0.744, -0.238,0.107, -0.612, -0.033
221007,26,16,0,55,32,33,10,21,33,36,-0.158, 0.479, 0.115,0.193, 0.440, 0.116,-0.232, 0.261, 0.115,0.224, 0.180, 0.071,-0.255, 0.046, 0.242,0.259, -0.037, 0.167,-0.120, -0.007, -0.002,0.120, 0.008, 0.000,-0.078, -0.416, -0.025,0.142, -0.353, 0.018,-0.088, -0.730, -0.252,0.099, -0.674, -0.187
221007,24,16,11,61,33,32,9,16,32,30,-0.154, 0.487, 0.106,0.196, 0.452, 0.108,-0.229, 0.267, 0.090,0.227, 0.190, 0.051,-0.264, 0.050, 0.210,0.264, -0.026, 0.129,-0.120, -0.004, -0.001,0.120, 0.004, 0.000,-0.079, -0.413, -0.022,0.125, -0.377, -0.002,-0.105, -0.729, -0.235,0.081, -0.710, -0.192
221007,23,17,17,61,32,32,7,10,27,22,-0.148, 0.490, 0.106,0.204, 0.456, 0.110,-0.226, 0.266, 0.081,0.236, 0.193, 0.053,-0.279, 0.049, 0.189,0.278, -0.024, 0.132,-0.120, 0.000, -0.001,0.120, 0.001, 0.000,-0.091, -0.406, -0.037,0.093, -0.391, -0.040,-0.124, -0.727, -0.231,0.058, -0.725, -0.220
221007,23,18,21,65,28,31,7,11,25,23,-0.140, 0.486, 0.111,0.214, 0.455, 0.132,-0.225, 0.264, 0.072,0.247, 0.194, 0.068,-0.294, 0.044, 0.153,0.288, -0.024, 0.140,-0.119, 0.002, -0.002,0.120, -0.001, 0.001,-0.097, -0.404, -0.044,0.078, -0.393, -0.038,-0.137, -0.726, -0.231,0.048, -0.725, -0.219
221007,22,18,23,67,29,31,6,10,24,22,-0.136, 0.486, 0.114,0.218, 0.455, 0.137,-0.222, 0.263, 0.070,0.249, 0.194, 0.075,-0.298, 0.041, 0.149,0.289, -0.025, 0.147,-0.119, 0.003, -0.002,0.120, -0.003, 0.001,-0.103, -0.402, -0.049,0.067, -0.394, -0.046,-0.143, -0.725, -0.234,0.040, -0.725, -0.229
221007,21,19,23,64,28,29,6,8,22,19,-0.130, 0.486, 0.115,0.221, 0.455, 0.140,-0.214, 0.262, 0.072,0.252, 0.194, 0.084,-0.298, 0.041, 0.149,0.289, -0.025, 0.152,-0.119, 0.005, -0.002,0.119, -0.005, 0.001,-0.122, -0.397, -0.058,0.057, -0.396, -0.062,-0.169, -0.724, -0.240,0.023, -0.727, -0.241
221008,19,20,28,59,28,27,7,7,23,20,-0.126, 0.487, 0.114,0.224, 0.455, 0.134,-0.204, 0.261, 0.066,0.262, 0.197, 0.078,-0.296, 0.041, 0.138,0.295, -0.022, 0.138,-0.118, 0.006, -0.001,0.119, -0.006, 0.000,-0.138, -0.390, -0.048,0.047, -0.396, -0.060,-0.186, -0.719, -0.234,0.012, -0.726, -0.243
221008,17,24,29,47,29,29,21,14,37,23,-0.117, 0.484, 0.107,0.229, 0.454, 0.130,-0.190, 0.254, 0.059,0.282, 0.198, 0.080,-0.284, 0.040, 0.134,0.308, -0.012, 0.148,-0.118, 0.009, -0.003,0.119, -0.009, 0.002,-0.177, -0.352, 0.040,0.044, -0.397, -0.006,-0.196, -0.673, -0.150,0.003, -0.736, -0.156
221008,15,26,29,22,27,26,42,10,72,27,-0.112, 0.484, 0.054,0.231, 0.453, 0.086,-0.179, 0.248, 0.008,0.287, 0.198, 0.070,-0.268, 0.040, 0.072,0.307, -0.002, 0.150,-0.118, 0.014, -0.007,0.118, -0.013, 0.005,-0.198, -0.269, 0.185,0.038, -0.411, 0.014,-0.193, -0.566, -0.042,-0.007, -0.747, -0.155
221008,12,27,29,22,26,26,45,10,75,28,-0.106, 0.483, 0.048,0.235, 0.452, 0.078,-0.165, 0.243, 0.007,0.294, 0.198, 0.060,-0.242, 0.039, 0.073,0.306, -0.002, 0.137,-0.118, 0.016, -0.007,0.118, -0.016, 0.006,-0.194, -0.248, 0.196,0.034, -0.415, 0.018,-0.188, -0.540, -0.028,-0.012, -0.753, -0.153
221008,10,26,29,22,27,27,49,10,85,28,-0.103, 0.481, 0.044,0.237, 0.450, 0.073,-0.158, 0.234, 0.007,0.290, 0.195, 0.057,-0.231, 0.038, 0.074,0.295, -0.001, 0.138,-0.117, 0.018, -0.008,0.118, -0.018, 0.006,-0.200, -0.230, 0.217,0.028, -0.412, 0.023,-0.176, -0.498, -0.025,-0.027, -0.751, -0.144
221008,9,26,36,23,30,29,57,10,94,29,-0.099, 0.477, 0.045,0.243, 0.447, 0.074,-0.150, 0.231, 0.000,0.294, 0.194, 0.057,-0.222, 0.036, 0.074,0.293, -0.002, 0.143,-0.117, 0.020, -0.008,0.117, -0.019, 0.007,-0.204, -0.209, 0.265,0.027, -0.414, 0.026,-0.167, -0.475, 0.013,-0.023, -0.757, -0.143
221008,9,26,35,20,30,33,59,11,93,29,-0.094, 0.473, 0.044,0.247, 0.443, 0.074,-0.144, 0.226, 0.000,0.292, 0.189, 0.062,-0.212, 0.034, 0.074,0.286, -0.002, 0.168,-0.117, 0.021, -0.008,0.117, -0.021, 0.007,-0.199, -0.191, 0.266,0.029, -0.415, 0.029,-0.166, -0.476, 0.023,-0.020, -0.758, -0.142
221008,9,25,34,18,30,34,54,11,88,30,-0.094, 0.473, 0.045,0.248, 0.443, 0.073,-0.146, 0.227, 0.003,0.290, 0.187, 0.062,-0.211, 0.034, 0.077,0.281, -0.003, 0.174,-0.117, 0.021, -0.008,0.117, -0.021, 0.007,-0.197, -0.209, 0.248,0.030, -0.415, 0.028,-0.169, -0.501, 0.010,-0.018, -0.756, -0.146
221008,9,23,34,14,30,34,53,10,86,32,-0.095, 0.473, 0.046,0.247, 0.443, 0.074,-0.146, 0.227, 0.004,0.279, 0.187, 0.068,-0.212, 0.034, 0.080,0.273, -0.004, 0.190,-0.117, 0.021, -0.008,0.117, -0.021, 0.007,-0.195, -0.219, 0.242,0.030, -0.415, 0.024,-0.177, -0.511, 0.001,-0.018, -0.753, -0.168
221008,8,22,28,18,30,33,49,10,74,31,-0.096, 0.473, 0.050,0.246, 0.442, 0.075,-0.146, 0.227, 0.018,0.273, 0.186, 0.068,-0.214, 0.031, 0.106,0.272, -0.011, 0.189,-0.117, 0.021, -0.007,0.117, -0.021, 0.006,-0.176, -0.256, 0.239,0.028, -0.414, 0.020,-0.190, -0.567, 0.035,-0.020, -0.747, -0.168
221008,10,21,24,44,32,31,24,4,42,24,-0.096, 0.478, 0.086,0.246, 0.447, 0.088,-0.148, 0.232, 0.061,0.273, 0.188, 0.062,-0.215, 0.031, 0.166,0.274, -0.014, 0.158,-0.117, 0.019, 0.000,0.117, -0.019, -0.001,-0.161, -0.344, 0.087,0.029, -0.410, -0.052,-0.206, -0.659, -0.090,-0.021, -0.736, -0.254
221008,10,21,32,52,32,30,12,2,33,24,-0.103, 0.485, 0.098,0.240, 0.452, 0.098,-0.151, 0.240, 0.067,0.270, 0.193, 0.059,-0.223, 0.034, 0.166,0.274, -0.015, 0.142,-0.117, 0.017, 0.002,0.117, -0.017, -0.003,-0.155, -0.380, 0.004,0.030, -0.404, -0.071,-0.210, -0.691, -0.198,-0.020, -0.721, -0.288
221008,13,19,35,60,31,33,11,4,29,24,-0.124, 0.487, 0.115,0.222, 0.452, 0.118,-0.178, 0.244, 0.075,0.255, 0.193, 0.061,-0.251, 0.035, 0.165,0.277, -0.019, 0.143,-0.117, 0.014, 0.002,0.117, -0.013, -0.003,-0.146, -0.398, -0.019,0.034, -0.399, -0.072,-0.207, -0.712, -0.219,-0.018, -0.715, -0.288
221008,15,19,36,59,31,33,9,5,22,22,-0.139, 0.487, 0.120,0.209, 0.453, 0.126,-0.194, 0.245, 0.079,0.247, 0.195, 0.063,-0.263, 0.035, 0.164,0.280, -0.020, 0.144,-0.117, 0.011, 0.001,0.117, -0.011, -0.002,-0.141, -0.400, -0.044,0.038, -0.395, -0.069,-0.206, -0.727, -0.222,-0.009, -0.715, -0.270
221008,16,19,35,56,30,33,9,6,19,22,-0.149, 0.487, 0.122,0.201, 0.454, 0.128,-0.203, 0.245, 0.082,0.244, 0.196, 0.066,-0.270, 0.034, 0.165,0.284, -0.020, 0.144,-0.117, 0.009, 0.001,0.117, -0.009, -0.002,-0.137, -0.402, -0.048,0.043, -0.394, -0.066,-0.202, -0.737, -0.208,0.003, -0.716, -0.262
221008,19,19,27,58,30,35,9,6,21,22,-0.157, 0.487, 0.118,0.193, 0.458, 0.127,-0.220, 0.249, 0.083,0.241, 0.203, 0.055,-0.281, 0.034, 0.176,0.294, -0.014, 0.135,-0.117, 0.008, 0.001,0.117, -0.007, -0.002,-0.129, -0.404, -0.049,0.051, -0.394, -0.062,-0.185, -0.728, -0.219,0.018, -0.717, -0.257
221008,21,18,22,56,31,36,9,6,24,22,-0.162, 0.489, 0.115,0.189, 0.464, 0.119,-0.227, 0.254, 0.088,0.237, 0.211, 0.047,-0.284, 0.036, 0.191,0.299, -0.006, 0.131,-0.117, 0.006, 0.001,0.117, -0.006, -0.002,-0.125, -0.404, -0.038,0.070, -0.390, -0.060,-0.172, -0.725, -0.218,0.026, -0.714, -0.253
221008,22,19,13,54,33,35,10,10,28,28,-0.164, 0.488, 0.114,0.185, 0.464, 0.117,-0.228, 0.254, 0.099,0.237, 0.210, 0.047,-0.283, 0.040, 0.223,0.303, -0.007, 0.132,-0.117, 0.005, 0.001,0.117, -0.004, -0.002,-0.119, -0.404, -0.030,0.096, -0.380, -0.037,-0.144, -0.717, -0.232,0.047, -0.698, -0.246
221008,25,19,5,48,31,38,10,27,29,46,-0.167, 0.486, 0.115,0.185, 0.462, 0.115,-0.231, 0.254, 0.121,0.237, 0.207, 0.055,-0.280, 0.045, 0.261,0.303, -0.007, 0.161,-0.118, 0.003, 0.001,0.118, -0.002, -0.002,-0.113, -0.405, -0.024,0.119, -0.347, 0.072,-0.128, -0.716, -0.222,0.056, -0.662, -0.134
221008,26,17,2,50,31,38,11,37,29,54,-0.177, 0.482, 0.115,0.178, 0.459, 0.117,-0.243, 0.254, 0.117,0.225, 0.204, 0.061,-0.282, 0.049, 0.247,0.295, -0.011, 0.167,-0.119, 0.000, 0.001,0.119, 0.000, -0.002,-0.104, -0.411, -0.021,0.132, -0.322, 0.127,-0.119, -0.722, -0.220,0.078, -0.640, -0.070
221009,26,17,1,47,31,37,12,49,32,65,-0.185, 0.477, 0.113,0.170, 0.456, 0.117,-0.250, 0.253, 0.113,0.222, 0.202, 0.060,-0.282, 0.049, 0.238,0.289, -0.014, 0.165,-0.120, -0.005, 0.001,0.120, 0.005, -0.002,-0.098, -0.414, -0.010,0.142, -0.271, 0.186,-0.114, -0.725, -0.217,0.083, -0.602, -0.007
221009,27,14,7,48,31,38,14,61,37,79,-0.193, 0.474, 0.105,0.158, 0.454, 0.105,-0.255, 0.249, 0.113,0.203, 0.199, 0.054,-0.280, 0.047, 0.243,0.264, -0.015, 0.165,-0.121, -0.011, 0.001,0.121, 0.011, -0.002,-0.095, -0.419, 0.011,0.150, -0.219, 0.246,-0.110, -0.732, -0.210,0.083, -0.548, 0.045
221009,27,14,9,53,32,37,14,64,37,83,-0.193, 0.471, 0.102,0.158, 0.454, 0.093,-0.253, 0.245, 0.114,0.204, 0.199, 0.028,-0.272, 0.043, 0.252,0.258, -0.016, 0.123,-0.121, -0.014, 0.002,0.121, 0.014, -0.003,-0.092, -0.420, 0.016,0.171, -0.201, 0.262,-0.111, -0.736, -0.202,0.086, -0.533, 0.064
221009,26,12,15,53,29,36,13,69,36,87,-0.198, 0.470, 0.095,0.151, 0.454, 0.083,-0.253, 0.239, 0.112,0.192, 0.197, 0.024,-0.268, 0.032, 0.246,0.240, -0.020, 0.120,-0.121, -0.016, 0.003,0.121, 0.016, -0.004,-0.093, -0.420, 0.019,0.175, -0.168, 0.285,-0.113, -0.737, -0.189,0.088, -0.509, 0.100
221009,25,10,14,58,29,37,14,68,35,90,-0.201, 0.466, 0.096,0.146, 0.454, 0.084,-0.252, 0.229, 0.112,0.181, 0.197, 0.021,-0.264, 0.012, 0.245,0.230, -0.023, 0.118,-0.121, -0.017, 0.003,0.121, 0.018, -0.004,-0.094, -0.422, 0.019,0.180, -0.175, 0.281,-0.116, -0.742, -0.187,0.090, -0.501, 0.078
221009,25,11,12,57,29,37,14,68,35,90,-0.199, 0.463, 0.099,0.148, 0.454, 0.088,-0.251, 0.224, 0.111,0.185, 0.196, 0.025,-0.261, 0.001, 0.243,0.235, -0.024, 0.122,-0.121, -0.018, 0.003,0.121, 0.018, -0.004,-0.094, -0.422, 0.019,0.178, -0.174, 0.278,-0.116, -0.743, -0.185,0.090, -0.500, 0.071
221009,24,14,10,51,28,36,14,66,36,88,-0.197, 0.460, 0.099,0.152, 0.454, 0.092,-0.245, 0.221, 0.108,0.199, 0.197, 0.029,-0.257, -0.004, 0.238,0.251, -0.023, 0.123,-0.121, -0.018, 0.003,0.121, 0.018, -0.004,-0.094, -0.421, 0.023,0.171, -0.186, 0.273,-0.115, -0.743, -0.185,0.084, -0.512, 0.059
221009,23,16,0,49,28,35,14,64,38,84,-0.193, 0.459, 0.099,0.160, 0.454, 0.097,-0.243, 0.220, 0.100,0.213, 0.197, 0.035,-0.258, -0.006, 0.217,0.269, -0.021, 0.124,-0.122, -0.018, 0.003,0.122, 0.018, -0.004,-0.094, -0.419, 0.022,0.161, -0.198, 0.262,-0.115, -0.739, -0.200,0.081, -0.528, 0.053
221009,23,17,2,39,28,34,13,37,39,56,-0.185, 0.460, 0.103,0.170, 0.456, 0.104,-0.240, 0.222, 0.101,0.217, 0.200, 0.066,-0.265, -0.004, 0.220,0.276, -0.012, 0.174,-0.122, -0.014, 0.002,0.122, 0.014, -0.004,-0.091, -0.416, 0.011,0.148, -0.310, 0.129,-0.112, -0.725, -0.225,0.079, -0.630, -0.078
221009,23,16,8,43,29,36,12,22,37,42,-0.182, 0.463, 0.109,0.171, 0.460, 0.107,-0.240, 0.228, 0.101,0.216, 0.203, 0.063,-0.273, 0.000, 0.220,0.281, -0.002, 0.168,-0.121, -0.010, 0.002,0.121, 0.011, -0.004,-0.090, -0.414, -0.004,0.136, -0.346, 0.043,-0.113, -0.719, -0.237,0.070, -0.669, -0.168
221009,22,18,16,50,28,37,10,11,32,27,-0.168, 0.465, 0.115,0.184, 0.461, 0.120,-0.235, 0.231, 0.093,0.233, 0.205, 0.063,-0.284, 0.001, 0.196,0.292, -0.001, 0.161,-0.121, -0.006, 0.002,0.121, 0.007, -0.004,-0.094, -0.406, -0.017,0.101, -0.383, -0.032,-0.124, -0.718, -0.232,0.060, -0.710, -0.230
221009,22,19,21,53,28,36,7,9,26,22,-0.156, 0.467, 0.115,0.200, 0.462, 0.126,-0.232, 0.236, 0.082,0.247, 0.208, 0.066,-0.296, 0.009, 0.172,0.302, -0.002, 0.159,-0.121, -0.003, 0.002,0.121, 0.003, -0.003,-0.098, -0.401, -0.042,0.076, -0.393, -0.049,-0.139, -0.718, -0.234,0.052, -0.726, -0.236
221009,22,19,23,55,28,34,5,8,24,22,-0.149, 0.471, 0.115,0.208, 0.462, 0.129,-0.230, 0.242, 0.076,0.251, 0.208, 0.071,-0.304, 0.017, 0.161,0.303, -0.007, 0.159,-0.120, -0.001, 0.001,0.121, 0.001, -0.002,-0.102, -0.399, -0.054,0.069, -0.391, -0.057,-0.142, -0.718, -0.243,0.047, -0.718, -0.250
221009,22,20,23,56,30,33,6,6,24,21,-0.143, 0.477, 0.115,0.213, 0.462, 0.128,-0.224, 0.249, 0.075,0.254, 0.208, 0.072,-0.302, 0.032, 0.162,0.304, -0.010, 0.158,-0.120, 0.001, 0.001,0.120, 0.000, -0.002,-0.108, -0.399, -0.047,0.064, -0.391, -0.070,-0.159, -0.721, -0.232,0.033, -0.717, -0.264
221009,20,21,25,49,30,32,7,4,23,19,-0.137, 0.485, 0.112,0.217, 0.464, 0.123,-0.215, 0.255, 0.072,0.263, 0.209, 0.072,-0.300, 0.048, 0.160,0.307, -0.007, 0.159,-0.120, 0.003, 0.002,0.120, -0.002, -0.003,-0.126, -0.397, -0.043,0.058, -0.393, -0.077,-0.183, -0.722, -0.219,0.020, -0.720, -0.264
221009,18,23,27,45,30,32,9,5,23,20,-0.131, 0.486, 0.112,0.223, 0.463, 0.122,-0.203, 0.254, 0.072,0.275, 0.211, 0.071,-0.288, 0.046, 0.158,0.324, -0.004, 0.158,-0.119, 0.004, 0.002,0.120, -0.004, -0.003,-0.139, -0.393, -0.026,0.054, -0.393, -0.071,-0.189, -0.721, -0.192,0.014, -0.720, -0.263
221009,16,27,30,40,29,29,29,10,38,19,-0.122, 0.479, 0.107,0.228, 0.456, 0.120,-0.190, 0.248, 0.063,0.293, 0.211, 0.068,-0.275, 0.036, 0.141,0.331, -0.003, 0.138,-0.119, 0.007, 0.001,0.119, -0.007, -0.002,-0.149, -0.361, 0.109,0.045, -0.402, -0.030,-0.198, -0.688, -0.023,0.004, -0.749, -0.179
221009,13,28,36,39,30,30,43,13,59,24,-0.113, 0.475, 0.098,0.235, 0.449, 0.117,-0.174, 0.242, 0.048,0.299, 0.209, 0.069,-0.253, 0.032, 0.120,0.332, -0.004, 0.142,-0.119, 0.011, -0.002,0.119, -0.010, 0.001,-0.164, -0.316, 0.195,0.044, -0.409, -0.003,-0.195, -0.632, 0.019,0.003, -0.748, -0.165
221010,11,28,39,32,28,32,57,13,80,26,-0.105, 0.466, 0.082,0.239, 0.439, 0.106,-0.162, 0.225, 0.029,0.298, 0.190, 0.074,-0.233, 0.027, 0.089,0.330, -0.015, 0.170,-0.118, 0.016, -0.002,0.118, -0.016, 0.001,-0.159, -0.225, 0.251,0.036, -0.420, 0.006,-0.180, -0.525, 0.045,-0.016, -0.758, -0.160
221010,9,28,40,22,31,30,61,14,84,26,-0.098, 0.459, 0.084,0.245, 0.430, 0.106,-0.153, 0.213, 0.031,0.298, 0.174, 0.088,-0.221, 0.020, 0.101,0.323, -0.030, 0.190,-0.118, 0.020, -0.002,0.118, -0.019, 0.001,-0.158, -0.202, 0.267,0.036, -0.421, 0.010,-0.171, -0.507, 0.060,-0.021, -0.760, -0.154
221010,8,28,42,20,32,29,72,15,97,27,-0.095, 0.456, 0.084,0.246, 0.426, 0.106,-0.145, 0.210, 0.033,0.298, 0.166, 0.090,-0.214, 0.021, 0.103,0.311, -0.034, 0.186,-0.117, 0.023, -0.002,0.117, -0.023, 0.001,-0.156, -0.143, 0.303,0.033, -0.422, 0.017,-0.162, -0.445, 0.078,-0.021, -0.763, -0.147
221010,8,29,31,15,34,29,80,16,105,28,-0.090, 0.452, 0.085,0.248, 0.415, 0.108,-0.142, 0.207, 0.048,0.297, 0.152, 0.099,-0.209, 0.017, 0.143,0.300, -0.044, 0.193,-0.116, 0.026, -0.002,0.116, -0.026, 0.001,-0.154, -0.106, 0.340,0.035, -0.423, 0.017,-0.153, -0.408, 0.115,-0.018, -0.763, -0.148
221010,8,29,31,15,31,28,76,15,101,28,-0.089, 0.452, 0.084,0.249, 0.414, 0.108,-0.139, 0.206, 0.048,0.297, 0.149, 0.099,-0.209, 0.017, 0.131,0.294, -0.052, 0.191,-0.116, 0.026, -0.003,0.116, -0.026, 0.001,-0.150, -0.125, 0.332,0.034, -0.423, 0.016,-0.153, -0.432, 0.106,-0.017, -0.761, -0.154
221010,10,28,21,18,32,28,75,16,98,29,-0.089, 0.448, 0.089,0.248, 0.409, 0.115,-0.139, 0.200, 0.066,0.294, 0.141, 0.103,-0.209, 0.012, 0.163,0.292, -0.060, 0.195,-0.116, 0.027, -0.003,0.116, -0.027, 0.001,-0.150, -0.140, 0.337,0.033, -0.427, 0.015,-0.153, -0.451, 0.120,-0.020, -0.766, -0.159
221010,11,28,16,20,29,24,60,16,75,28,-0.088, 0.452, 0.089,0.248, 0.409, 0.114,-0.140, 0.201, 0.069,0.293, 0.145, 0.101,-0.204, 0.011, 0.160,0.289, -0.057, 0.170,-0.116, 0.026, -0.002,0.116, -0.026, 0.001,-0.144, -0.220, 0.279,0.033, -0.422, 0.014,-0.177, -0.558, 0.106,-0.019, -0.760, -0.155
221010,11,25,14,37,28,25,52,14,62,26,-0.090, 0.459, 0.079,0.248, 0.416, 0.103,-0.146, 0.207, 0.060,0.288, 0.149, 0.077,-0.205, 0.012, 0.153,0.287, -0.056, 0.143,-0.116, 0.025, -0.002,0.116, -0.025, 0.001,-0.145, -0.261, 0.254,0.033, -0.415, 0.008,-0.191, -0.608, 0.122,-0.022, -0.748, -0.149
221010,11,24,21,43,29,27,24,7,37,24,-0.098, 0.474, 0.084,0.241, 0.437, 0.104,-0.151, 0.228, 0.059,0.282, 0.176, 0.070,-0.218, 0.023, 0.153,0.287, -0.036, 0.142,-0.116, 0.020, -0.001,0.116, -0.020, 0.000,-0.146, -0.358, 0.088,0.030, -0.411, -0.040,-0.207, -0.690, -0.064,-0.023, -0.740, -0.229
221010,11,22,27,51,30,30,12,3,27,22,-0.113, 0.485, 0.087,0.230, 0.450, 0.104,-0.161, 0.239, 0.058,0.270, 0.190, 0.059,-0.232, 0.032, 0.151,0.286, -0.022, 0.138,-0.116, 0.015, 0.000,0.116, -0.015, -0.001,-0.144, -0.396, 0.010,0.031, -0.402, -0.067,-0.209, -0.723, -0.146,-0.022, -0.726, -0.270
221010,13,20,34,52,30,30,11,4,26,23,-0.131, 0.487, 0.098,0.215, 0.453, 0.108,-0.181, 0.243, 0.062,0.256, 0.198, 0.059,-0.250, 0.032, 0.152,0.287, -0.018, 0.136,-0.116, 0.012, 0.000,0.116, -0.012, -0.001,-0.143, -0.402, -0.011,0.031, -0.397, -0.060,-0.206, -0.728, -0.184,-0.020, -0.720, -0.262
221010,15,20,37,52,30,32,10,5,21,21,-0.149, 0.486, 0.116,0.200, 0.454, 0.119,-0.198, 0.242, 0.077,0.246, 0.203, 0.060,-0.262, 0.031, 0.161,0.290, -0.016, 0.138,-0.116, 0.009, 0.000,0.116, -0.009, -0.001,-0.135, -0.402, -0.043,0.035, -0.394, -0.064,-0.204, -0.737, -0.207,-0.003, -0.721, -0.258
221010,18,19,33,53,29,33,10,5,21,21,-0.156, 0.486, 0.114,0.194, 0.459, 0.119,-0.212, 0.245, 0.076,0.240, 0.204, 0.058,-0.275, 0.031, 0.161,0.291, -0.014, 0.138,-0.116, 0.007, 0.000,0.116, -0.007, -0.001,-0.129, -0.405, -0.039,0.044, -0.393, -0.063,-0.195, -0.739, -0.194,0.009, -0.721, -0.250
221010,19,19,29,54,29,33,10,5,21,21,-0.155, 0.487, 0.113,0.195, 0.460, 0.119,-0.218, 0.250, 0.075,0.242, 0.206, 0.055,-0.280, 0.032, 0.162,0.299, -0.012, 0.135,-0.116, 0.006, 0.000,0.117, -0.006, -0.001,-0.128, -0.403, -0.032,0.053, -0.391, -0.060,-0.181, -0.737, -0.189,0.023, -0.719, -0.247
221010,20,20,29,51,30,33,11,5,26,22,-0.163, 0.487, 0.112,0.190, 0.461, 0.118,-0.225, 0.249, 0.075,0.244, 0.207, 0.054,-0.290, 0.033, 0.165,0.305, -0.009, 0.132,-0.117, 0.005, -0.001,0.117, -0.005, 0.000,-0.128, -0.399, -0.029,0.068, -0.387, -0.058,-0.165, -0.725, -0.217,0.038, -0.706, -0.246
221010,21,20,28,51,32,33,11,6,28,24,-0.165, 0.486, 0.112,0.188, 0.464, 0.118,-0.229, 0.251, 0.075,0.243, 0.208, 0.052,-0.295, 0.036, 0.173,0.308, -0.007, 0.132,-0.117, 0.004, -0.001,0.117, -0.003, 0.000,-0.125, -0.401, -0.023,0.079, -0.382, -0.056,-0.151, -0.720, -0.218,0.046, -0.697, -0.263
221010,23,18,18,47,31,35,13,13,27,31,-0.172, 0.482, 0.121,0.181, 0.464, 0.122,-0.237, 0.251, 0.099,0.234, 0.206, 0.064,-0.297, 0.036, 0.208,0.304, -0.008, 0.157,-0.117, 0.002, 0.000,0.118, -0.001, -0.001,-0.116, -0.406, -0.019,0.095, -0.362, -0.011,-0.134, -0.726, -0.206,0.056, -0.676, -0.214
221010,24,18,12,42,32,37,12,31,30,51,-0.178, 0.481, 0.117,0.177, 0.463, 0.117,-0.242, 0.250, 0.102,0.228, 0.206, 0.071,-0.296, 0.034, 0.223,0.299, -0.008, 0.185,-0.118, -0.001, 0.000,0.118, 0.001, -0.001,-0.100, -0.412, -0.016,0.126, -0.336, 0.094,-0.113, -0.727, -0.216,0.059, -0.642, -0.122
221010,26,18,11,41,30,36,15,52,35,72,-0.191, 0.473, 0.114,0.166, 0.459, 0.117,-0.257, 0.245, 0.100,0.221, 0.205, 0.069,-0.296, 0.023, 0.215,0.290, -0.008, 0.179,-0.119, -0.006, 0.000,0.119, 0.007, -0.001,-0.094, -0.420, 0.007,0.138, -0.260, 0.202,-0.111, -0.737, -0.210,0.061, -0.576, -0.015
221011,27,16,7,45,32,38,17,66,38,90,-0.204, 0.465, 0.111,0.151, 0.456, 0.114,-0.267, 0.233, 0.102,0.206, 0.201, 0.059,-0.295, 0.012, 0.226,0.273, -0.009, 0.169,-0.120, -0.012, 0.000,0.120, 0.012, -0.001,-0.096, -0.422, 0.023,0.138, -0.211, 0.276,-0.116, -0.739, -0.197,0.059, -0.515, 0.032
221011,27,15,3,46,31,38,18,68,35,92,-0.209, 0.458, 0.108,0.145, 0.456, 0.109,-0.267, 0.225, 0.105,0.201, 0.201, 0.049,-0.292, 0.004, 0.234,0.263, -0.014, 0.156,-0.120, -0.016, 0.001,0.120, 0.016, -0.002,-0.096, -0.422, 0.031,0.139, -0.188, 0.284,-0.119, -0.746, -0.164,0.057, -0.501, 0.045
221011,27,13,4,52,31,38,18,69,35,92,-0.210, 0.454, 0.108,0.144, 0.455, 0.104,-0.264, 0.218, 0.113,0.192, 0.199, 0.040,-0.273, -0.001, 0.243,0.255, -0.019, 0.145,-0.121, -0.018, 0.001,0.121, 0.018, -0.002,-0.097, -0.422, 0.030,0.144, -0.179, 0.281,-0.120, -0.745, -0.164,0.057, -0.493, 0.046
221011,26,13,5,52,31,38,17,67,34,90,-0.207, 0.453, 0.109,0.146, 0.456, 0.102,-0.258, 0.215, 0.115,0.195, 0.199, 0.035,-0.255, -0.006, 0.243,0.258, -0.024, 0.137,-0.121, -0.018, 0.002,0.121, 0.019, -0.003,-0.095, -0.422, 0.028,0.152, -0.178, 0.262,-0.120, -0.748, -0.158,0.063, -0.494, 0.031
221011,24,15,5,48,30,37,17,66,33,89,-0.206, 0.452, 0.109,0.148, 0.454, 0.103,-0.251, 0.211, 0.114,0.202, 0.198, 0.039,-0.244, -0.010, 0.241,0.260, -0.025, 0.139,-0.121, -0.019, 0.002,0.121, 0.019, -0.003,-0.095, -0.422, 0.027,0.151, -0.185, 0.260,-0.116, -0.750, -0.159,0.061, -0.500, 0.029
221011,23,15,5,48,29,37,17,65,36,88,-0.202, 0.452, 0.109,0.153, 0.456, 0.102,-0.240, 0.212, 0.113,0.207, 0.203, 0.040,-0.239, -0.010, 0.239,0.270, -0.014, 0.138,-0.121, -0.018, 0.001,0.121, 0.019, -0.002,-0.093, -0.420, 0.026,0.150, -0.187, 0.251,-0.108, -0.746, -0.181,0.063, -0.508, 0.018
221011,22,15,4,47,29,36,15,44,36,68,-0.194, 0.454, 0.110,0.163, 0.459, 0.104,-0.231, 0.214, 0.114,0.211, 0.207, 0.050,-0.238, -0.009, 0.239,0.276, -0.010, 0.152,-0.121, -0.017, 0.001,0.121, 0.017, -0.002,-0.091, -0.420, 0.016,0.155, -0.267, 0.162,-0.107, -0.746, -0.204,0.072, -0.575, -0.061
221011,22,16,3,43,29,35,13,26,35,50,-0.190, 0.458, 0.116,0.165, 0.463, 0.108,-0.230, 0.219, 0.119,0.212, 0.209, 0.061,-0.240, -0.008, 0.249,0.280, -0.005, 0.163,-0.121, -0.014, 0.001,0.121, 0.015, -0.002,-0.090, -0.420, 0.000,0.154, -0.322, 0.063,-0.107, -0.743, -0.226,0.071, -0.624, -0.166
221011,22,15,1,43,29,35,13,23,34,48,-0.189, 0.461, 0.119,0.165, 0.465, 0.109,-0.230, 0.222, 0.121,0.212, 0.210, 0.062,-0.241, -0.006, 0.251,0.280, -0.001, 0.163,-0.121, -0.012, 0.001,0.121, 0.013, -0.002,-0.090, -0.420, -0.004,0.154, -0.333, 0.044,-0.107, -0.740, -0.226,0.068, -0.635, -0.189
221011,20,16,28,48,30,32,11,10,31,27,-0.175, 0.467, 0.117,0.179, 0.470, 0.111,-0.230, 0.231, 0.089,0.224, 0.213, 0.059,-0.275, 0.001, 0.194,0.286, 0.000, 0.145,-0.120, -0.010, 0.001,0.120, 0.010, -0.002,-0.091, -0.411, -0.013,0.109, -0.375, -0.036,-0.119, -0.737, -0.220,0.064, -0.702, -0.238
221011,21,18,26,52,31,32,10,11,29,26,-0.153, 0.470, 0.111,0.201, 0.470, 0.110,-0.228, 0.237, 0.074,0.243, 0.214, 0.054,-0.293, 0.011, 0.171,0.296, 0.001, 0.136,-0.120, -0.006, 0.002,0.120, 0.006, -0.003,-0.097, -0.401, -0.016,0.094, -0.381, -0.029,-0.133, -0.728, -0.216,0.061, -0.712, -0.224
221011,21,19,27,54,30,32,6,7,25,23,-0.147, 0.476, 0.109,0.209, 0.470, 0.112,-0.226, 0.246, 0.066,0.250, 0.214, 0.057,-0.302, 0.020, 0.155,0.298, -0.001, 0.136,-0.120, -0.003, 0.002,0.120, 0.004, -0.003,-0.098, -0.399, -0.038,0.078, -0.387, -0.053,-0.137, -0.727, -0.227,0.054, -0.711, -0.246
221011,22,19,24,54,30,31,5,5,23,20,-0.143, 0.480, 0.109,0.213, 0.469, 0.114,-0.226, 0.251, 0.069,0.249, 0.212, 0.066,-0.314, 0.032, 0.161,0.298, -0.011, 0.149,-0.120, -0.001, 0.002,0.120, 0.002, -0.003,-0.102, -0.400, -0.044,0.063, -0.389, -0.069,-0.146, -0.730, -0.224,0.036, -0.718, -0.260
221011,23,19,22,55,30,31,5,2,23,19,-0.137, 0.487, 0.108,0.218, 0.468, 0.114,-0.225, 0.262, 0.071,0.252, 0.211, 0.066,-0.311, 0.049, 0.164,0.299, -0.011, 0.151,-0.119, 0.001, 0.002,0.119, -0.001, -0.003,-0.108, -0.399, -0.045,0.053, -0.389, -0.086,-0.165, -0.730, -0.222,0.019, -0.715, -0.286
221011,23,21,19,41,30,29,12,1,25,20,-0.132, 0.489, 0.103,0.222, 0.466, 0.102,-0.222, 0.261, 0.071,0.264, 0.211, 0.065,-0.309, 0.049, 0.167,0.312, -0.006, 0.152,-0.119, 0.003, 0.003,0.119, -0.002, -0.004,-0.124, -0.390, 0.009,0.043, -0.393, -0.084,-0.190, -0.722, -0.133,0.004, -0.722, -0.285
221011,22,22,19,41,29,30,8,3,21,21,-0.126, 0.491, 0.103,0.225, 0.466, 0.102,-0.214, 0.262, 0.071,0.271, 0.214, 0.061,-0.308, 0.052, 0.163,0.321, -0.003, 0.145,-0.119, 0.005, 0.003,0.119, -0.005, -0.004,-0.132, -0.391, -0.018,0.040, -0.399, -0.070,-0.197, -0.723, -0.159,-0.006, -0.734, -0.266
221011,19,26,19,38,29,26,23,8,35,20,-0.116, 0.490, 0.096,0.234, 0.461, 0.101,-0.197, 0.261, 0.066,0.294, 0.212, 0.056,-0.294, 0.050, 0.160,0.337, -0.005, 0.122,-0.118, 0.008, 0.001,0.119, -0.008, -0.002,-0.162, -0.355, 0.078,0.034, -0.401, -0.025,-0.203, -0.684, -0.066,-0.013, -0.743, -0.174
221011,16,27,20,33,29,27,40,11,55,23,-0.105, 0.487, 0.096,0.243, 0.452, 0.102,-0.179, 0.255, 0.067,0.300, 0.204, 0.065,-0.274, 0.048, 0.160,0.337, -0.015, 0.141,-0.118, 0.012, 0.000,0.118, -0.012, -0.001,-0.179, -0.309, 0.177,0.033, -0.406, -0.007,-0.203, -0.633, 0.011,-0.010, -0.748, -0.160
221011,15,28,25,36,30,25,47,12,68,26,-0.098, 0.486, 0.081,0.249, 0.444, 0.101,-0.173, 0.255, 0.039,0.308, 0.197, 0.061,-0.267, 0.049, 0.122,0.338, -0.026, 0.127,-0.118, 0.016, -0.002,0.118, -0.016, 0.001,-0.188, -0.268, 0.215,0.032, -0.414, 0.000,-0.200, -0.581, 0.027,-0.010, -0.752, -0.170
221012,13,28,24,39,30,25,57,14,82,27,-0.087, 0.478, 0.077,0.256, 0.433, 0.100,-0.159, 0.243, 0.038,0.308, 0.177, 0.062,-0.252, 0.049, 0.116,0.337, -0.045, 0.128,-0.117, 0.020, -0.003,0.118, -0.020, 0.002,-0.184, -0.209, 0.247,0.033, -0.415, 0.013,-0.184, -0.507, 0.042,-0.014, -0.757, -0.151
221012,10,27,26,43,31,25,65,15,95,28,-0.085, 0.468, 0.078,0.257, 0.424, 0.103,-0.149, 0.227, 0.041,0.307, 0.164, 0.062,-0.240, 0.045, 0.117,0.336, -0.055, 0.126,-0.117, 0.023, -0.004,0.117, -0.023, 0.003,-0.187, -0.178, 0.288,0.033, -0.414, 0.019,-0.169, -0.458, 0.061,-0.018, -0.756, -0.152
221012,11,27,21,45,32,25,72,16,98,28,-0.087, 0.459, 0.086,0.255, 0.416, 0.112,-0.147, 0.215, 0.057,0.302, 0.152, 0.070,-0.229, 0.033, 0.149,0.322, -0.067, 0.133,-0.117, 0.025, -0.004,0.117, -0.025, 0.003,-0.185, -0.154, 0.316,0.033, -0.419, 0.017,-0.164, -0.446, 0.095,-0.030, -0.761, -0.157
221012,10,27,22,44,33,25,68,16,97,29,-0.089, 0.459, 0.085,0.254, 0.416, 0.111,-0.147, 0.214, 0.056,0.302, 0.149, 0.070,-0.228, 0.031, 0.149,0.317, -0.066, 0.133,-0.117, 0.026, -0.005,0.117, -0.025, 0.004,-0.206, -0.172, 0.299,0.031, -0.419, 0.021,-0.165, -0.457, 0.070,-0.032, -0.760, -0.159
221012,11,26,20,46,32,26,64,15,90,31,-0.089, 0.459, 0.084,0.254, 0.417, 0.111,-0.149, 0.216, 0.056,0.297, 0.153, 0.072,-0.224, 0.031, 0.151,0.309, -0.064, 0.141,-0.117, 0.026, -0.006,0.117, -0.025, 0.004,-0.201, -0.189, 0.277,0.029, -0.418, 0.019,-0.173, -0.483, 0.062,-0.034, -0.753, -0.170
221012,11,25,18,48,31,26,58,15,83,31,-0.092, 0.461, 0.085,0.252, 0.418, 0.111,-0.151, 0.217, 0.061,0.293, 0.153, 0.071,-0.222, 0.028, 0.158,0.305, -0.063, 0.141,-0.117, 0.025, -0.005,0.117, -0.025, 0.004,-0.194, -0.233, 0.272,0.025, -0.417, 0.017,-0.183, -0.529, 0.057,-0.036, -0.750, -0.175
221012,12,24,20,49,31,27,46,11,63,28,-0.102, 0.471, 0.085,0.243, 0.433, 0.106,-0.158, 0.226, 0.061,0.285, 0.174, 0.062,-0.224, 0.029, 0.159,0.302, -0.044, 0.132,-0.117, 0.023, -0.005,0.117, -0.022, 0.003,-0.186, -0.302, 0.224,0.024, -0.410, -0.003,-0.201, -0.625, 0.048,-0.036, -0.727, -0.189
221012,12,23,25,49,31,28,25,5,38,24,-0.109, 0.481, 0.095,0.234, 0.445, 0.107,-0.163, 0.238, 0.066,0.278, 0.188, 0.060,-0.229, 0.034, 0.164,0.301, -0.033, 0.132,-0.117, 0.019, -0.001,0.117, -0.018, 0.000,-0.160, -0.362, 0.087,0.024, -0.406, -0.051,-0.210, -0.683, -0.070,-0.036, -0.726, -0.251
221012,13,22,33,51,31,29,12,6,31,25,-0.125, 0.487, 0.099,0.220, 0.452, 0.111,-0.180, 0.248, 0.060,0.265, 0.201, 0.059,-0.249, 0.043, 0.146,0.302, -0.021, 0.133,-0.117, 0.015, -0.001,0.117, -0.014, 0.000,-0.146, -0.401, -0.001,0.030, -0.401, -0.045,-0.207, -0.715, -0.191,-0.026, -0.720, -0.247
221012,16,21,34,52,31,32,10,7,24,23,-0.144, 0.487, 0.117,0.207, 0.452, 0.125,-0.201, 0.248, 0.076,0.257, 0.204, 0.065,-0.265, 0.043, 0.164,0.306, -0.015, 0.142,-0.117, 0.012, -0.001,0.117, -0.012, 0.000,-0.139, -0.407, -0.041,0.036, -0.398, -0.051,-0.206, -0.731, -0.217,-0.016, -0.721, -0.243
221012,19,20,31,51,31,32,10,7,19,23,-0.152, 0.487, 0.117,0.199, 0.453, 0.125,-0.216, 0.252, 0.076,0.249, 0.207, 0.064,-0.271, 0.043, 0.163,0.307, -0.012, 0.142,-0.117, 0.009, -0.001,0.117, -0.009, 0.000,-0.129, -0.406, -0.042,0.044, -0.395, -0.049,-0.189, -0.742, -0.193,0.008, -0.722, -0.239
221012,20,20,33,53,33,34,10,7,22,23,-0.159, 0.488, 0.115,0.195, 0.458, 0.123,-0.224, 0.259, 0.070,0.246, 0.209, 0.056,-0.277, 0.048, 0.161,0.307, -0.011, 0.136,-0.117, 0.007, -0.001,0.117, -0.006, 0.000,-0.122, -0.408, -0.037,0.058, -0.391, -0.047,-0.169, -0.740, -0.200,0.025, -0.718, -0.237
221012,21,19,33,58,34,36,10,5,26,23,-0.165, 0.489, 0.115,0.189, 0.463, 0.122,-0.230, 0.265, 0.069,0.240, 0.213, 0.044,-0.276, 0.055, 0.159,0.306, -0.007, 0.125,-0.118, 0.004, -0.001,0.118, -0.004, 0.000,-0.114, -0.406, -0.033,0.069, -0.385, -0.064,-0.150, -0.728, -0.217,0.034, -0.704, -0.274
221012,21,19,31,56,38,36,10,8,28,27,-0.165, 0.489, 0.114,0.189, 0.463, 0.119,-0.230, 0.267, 0.072,0.242, 0.212, 0.043,-0.275, 0.065, 0.182,0.309, -0.007, 0.126,-0.118, 0.002, 0.000,0.118, -0.002, -0.001,-0.108, -0.408, -0.024,0.090, -0.377, -0.048,-0.131, -0.724, -0.215,0.051, -0.692, -0.263
221012,25,20,5,49,37,40,11,48,32,64,-0.166, 0.480, 0.112,0.189, 0.454, 0.113,-0.236, 0.264, 0.104,0.242, 0.205, 0.051,-0.272, 0.063, 0.245,0.309, -0.009, 0.161,-0.119, -0.002, 0.000,0.119, 0.002, -0.001,-0.093, -0.413, -0.016,0.123, -0.269, 0.183,-0.109, -0.722, -0.225,0.059, -0.601, -0.010
221012,28,20,5,49,36,40,10,60,31,80,-0.180, 0.477, 0.108,0.179, 0.453, 0.110,-0.256, 0.262, 0.100,0.239, 0.205, 0.041,-0.277, 0.062, 0.230,0.305, -0.009, 0.148,-0.120, -0.007, 0.000,0.120, 0.007, -0.001,-0.089, -0.419, -0.015,0.133, -0.226, 0.237,-0.107, -0.733, -0.214,0.058, -0.544, 0.019
221012,28,19,2,48,35,39,12,62,32,85,-0.189, 0.473, 0.107,0.169, 0.452, 0.108,-0.262, 0.255, 0.104,0.230, 0.203, 0.039,-0.283, 0.050, 0.238,0.300, -0.012, 0.141,-0.121, -0.011, 0.000,0.121, 0.011, -0.001,-0.089, -0.426, -0.003,0.139, -0.211, 0.248,-0.112, -0.749, -0.203,0.056, -0.521, 0.018
221012,29,18,1,45,34,39,15,74,34,94,-0.197, 0.467, 0.106,0.159, 0.449, 0.108,-0.271, 0.243, 0.103,0.224, 0.196, 0.043,-0.291, 0.033, 0.234,0.284, -0.019, 0.148,-0.121, -0.015, 0.000,0.121, 0.015, -0.002,-0.089, -0.430, 0.017,0.144, -0.164, 0.306,-0.115, -0.756, -0.183,0.059, -0.482, 0.094
221012,29,15,0,47,31,37,15,78,34,93,-0.203, 0.463, 0.103,0.151, 0.447, 0.108,-0.276, 0.232, 0.101,0.206, 0.190, 0.051,-0.295, 0.012, 0.223,0.264, -0.024, 0.156,-0.121, -0.018, 0.001,0.121, 0.018, -0.002,-0.090, -0.429, 0.023,0.147, -0.141, 0.316,-0.117, -0.753, -0.168,0.067, -0.476, 0.125
221013,28,16,0,45,30,36,15,79,34,94,-0.202, 0.457, 0.103,0.151, 0.446, 0.108,-0.272, 0.223, 0.103,0.209, 0.188, 0.052,-0.294, 0.000, 0.224,0.262, -0.030, 0.157,-0.121, -0.019, 0.002,0.121, 0.020, -0.003,-0.091, -0.428, 0.024,0.148, -0.135, 0.320,-0.118, -0.754, -0.164,0.068, -0.473, 0.128
221013,27,16,1,44,30,36,15,78,33,95,-0.201, 0.454, 0.105,0.151, 0.445, 0.111,-0.270, 0.216, 0.102,0.210, 0.186, 0.055,-0.293, -0.007, 0.221,0.264, -0.032, 0.157,-0.121, -0.020, 0.002,0.121, 0.021, -0.003,-0.091, -0.428, 0.023,0.144, -0.141, 0.319,-0.118, -0.756, -0.165,0.071, -0.472, 0.118
221013,27,17,4,44,30,35,16,75,33,92,-0.201, 0.450, 0.110,0.151, 0.443, 0.118,-0.268, 0.214, 0.103,0.212, 0.186, 0.061,-0.292, -0.010, 0.219,0.266, -0.032, 0.159,-0.121, -0.020, 0.002,0.121, 0.021, -0.003,-0.091, -0.429, 0.024,0.143, -0.158, 0.300,-0.118, -0.761, -0.165,0.070, -0.487, 0.091
221013,26,18,8,42,29,35,16,73,36,88,-0.200, 0.450, 0.108,0.152, 0.443, 0.117,-0.267, 0.214, 0.096,0.217, 0.187, 0.061,-0.292, -0.011, 0.202,0.267, -0.031, 0.158,-0.121, -0.020, 0.002,0.121, 0.020, -0.003,-0.088, -0.427, 0.024,0.138, -0.164, 0.288,-0.115, -0.754, -0.181,0.069, -0.513, 0.088
221013,25,18,12,43,28,34,15,48,35,64,-0.192, 0.453, 0.107,0.165, 0.445, 0.117,-0.258, 0.218, 0.091,0.221, 0.193, 0.067,-0.291, -0.009, 0.192,0.278, -0.024, 0.163,-0.121, -0.018, 0.001,0.121, 0.018, -0.002,-0.079, -0.426, 0.017,0.139, -0.270, 0.179,-0.095, -0.753, -0.188,0.069, -0.601, -0.024
221013,22,18,19,46,28,32,11,19,31,34,-0.180, 0.462, 0.108,0.173, 0.457, 0.120,-0.243, 0.228, 0.083,0.227, 0.204, 0.067,-0.294, -0.001, 0.182,0.290, -0.013, 0.151,-0.121, -0.012, 0.001,0.121, 0.013, -0.002,-0.078, -0.419, -0.004,0.126, -0.361, 0.013,-0.098, -0.744, -0.196,0.069, -0.693, -0.186
221013,20,20,26,46,29,31,10,17,28,31,-0.165, 0.468, 0.107,0.190, 0.461, 0.119,-0.230, 0.234, 0.072,0.245, 0.210, 0.066,-0.294, 0.007, 0.165,0.303, -0.007, 0.145,-0.121, -0.007, 0.001,0.121, 0.008, -0.002,-0.079, -0.409, -0.017,0.113, -0.376, 0.006,-0.100, -0.733, -0.205,0.070, -0.712, -0.184
221013,20,22,24,44,31,31,7,8,26,21,-0.153, 0.474, 0.107,0.203, 0.466, 0.119,-0.222, 0.243, 0.072,0.260, 0.215, 0.066,-0.299, 0.026, 0.169,0.308, -0.003, 0.145,-0.120, -0.003, 0.001,0.121, 0.004, -0.002,-0.081, -0.402, -0.037,0.091, -0.396, -0.056,-0.112, -0.727, -0.225,0.060, -0.730, -0.240
221013,19,22,29,47,31,31,8,10,27,24,-0.146, 0.475, 0.106,0.209, 0.466, 0.121,-0.216, 0.242, 0.063,0.263, 0.215, 0.067,-0.300, 0.027, 0.150,0.311, -0.004, 0.145,-0.120, -0.001, 0.000,0.120, 0.001, -0.001,-0.091, -0.398, -0.030,0.076, -0.395, -0.035,-0.125, -0.727, -0.222,0.058, -0.726, -0.218
221013,19,22,29,48,32,31,6,8,24,21,-0.143, 0.477, 0.106,0.211, 0.465, 0.121,-0.213, 0.244, 0.063,0.262, 0.214, 0.069,-0.302, 0.033, 0.154,0.309, -0.005, 0.150,-0.120, 0.001, 0.000,0.120, 0.000, -0.001,-0.092, -0.399, -0.043,0.069, -0.395, -0.052,-0.128, -0.729, -0.221,0.045, -0.725, -0.233
221013,19,21,29,51,30,31,7,8,24,23,-0.140, 0.478, 0.106,0.214, 0.464, 0.126,-0.214, 0.248, 0.060,0.262, 0.211, 0.071,-0.303, 0.036, 0.141,0.309, -0.010, 0.150,-0.120, 0.002, 0.000,0.120, -0.001, -0.001,-0.101, -0.399, -0.039,0.060, -0.395, -0.045,-0.141, -0.729, -0.219,0.033, -0.723, -0.229
221013,20,21,28,51,31,31,7,8,22,22,-0.140, 0.480, 0.106,0.214, 0.464, 0.123,-0.215, 0.250, 0.060,0.262, 0.210, 0.069,-0.303, 0.040, 0.143,0.308, -0.006, 0.148,-0.120, 0.003, 0.000,0.120, -0.002, -0.001,-0.119, -0.397, -0.038,0.052, -0.395, -0.043,-0.162, -0.729, -0.205,0.017, -0.726, -0.218
221013,20,21,28,52,31,32,13,9,25,22,-0.138, 0.480, 0.106,0.213, 0.464, 0.121,-0.214, 0.250, 0.061,0.262, 0.211, 0.064,-0.298, 0.039, 0.145,0.308, -0.002, 0.142,-0.120, 0.004, 0.000,0.120, -0.003, -0.002,-0.130, -0.390, 0.004,0.049, -0.398, -0.039,-0.176, -0.727, -0.149,0.013, -0.731, -0.212
221013,20,24,25,46,31,32,46,12,54,21,-0.128, 0.468, 0.103,0.219, 0.452, 0.117,-0.208, 0.240, 0.061,0.274, 0.206, 0.064,-0.291, 0.032, 0.147,0.313, -0.002, 0.142,-0.119, 0.007, -0.001,0.120, -0.007, 0.000,-0.147, -0.318, 0.215,0.049, -0.404, -0.011,-0.180, -0.657, 0.082,0.005, -0.740, -0.154
221013,17,25,30,43,31,31,49,14,61,24,-0.122, 0.465, 0.102,0.224, 0.444, 0.117,-0.194, 0.237, 0.057,0.281, 0.203, 0.067,-0.272, 0.031, 0.139,0.315, -0.003, 0.144,-0.119, 0.011, -0.003,0.119, -0.011, 0.002,-0.157, -0.300, 0.228,0.046, -0.410, 0.004,-0.179, -0.634, 0.075,0.001, -0.747, -0.144
221013,13,26,32,35,32,33,62,14,81,24,-0.112, 0.458, 0.097,0.231, 0.431, 0.115,-0.174, 0.223, 0.054,0.287, 0.180, 0.079,-0.252, 0.027, 0.136,0.315, -0.024, 0.176,-0.119, 0.016, -0.003,0.119, -0.015, 0.002,-0.158, -0.217, 0.275,0.041, -0.422, 0.004,-0.177, -0.526, 0.082,-0.003, -0.763, -0.151
221013,13,27,28,29,33,31,76,14,94,25,-0.103, 0.451, 0.094,0.238, 0.420, 0.111,-0.167, 0.215, 0.056,0.291, 0.162, 0.084,-0.247, 0.024, 0.147,0.315, -0.044, 0.182,-0.118, 0.021, -0.003,0.119, -0.021, 0.002,-0.155, -0.148, 0.339,0.042, -0.427, 0.004,-0.164, -0.469, 0.149,-0.002, -0.768, -0.155
221013,13,28,22,34,31,27,83,18,100,26,-0.096, 0.439, 0.114,0.243, 0.400, 0.136,-0.156, 0.197, 0.084,0.292, 0.136, 0.108,-0.239, 0.010, 0.171,0.315, -0.066, 0.187,-0.118, 0.024, -0.003,0.118, -0.024, 0.001,-0.145, -0.121, 0.359,0.043, -0.429, 0.005,-0.147, -0.436, 0.161,-0.003, -0.771, -0.160
221013,13,27,18,38,32,28,85,18,103,26,-0.090, 0.436, 0.115,0.247, 0.396, 0.136,-0.146, 0.192, 0.092,0.291, 0.130, 0.105,-0.227, 0.006, 0.191,0.313, -0.072, 0.184,-0.117, 0.026, -0.002,0.118, -0.026, 0.001,-0.133, -0.108, 0.362,0.043, -0.431, 0.005,-0.138, -0.413, 0.162,-0.003, -0.774, -0.163
221014,13,27,21,39,32,25,84,18,103,27,-0.088, 0.437, 0.115,0.247, 0.397, 0.135,-0.142, 0.192, 0.090,0.290, 0.130, 0.103,-0.220, 0.004, 0.187,0.310, -0.075, 0.170,-0.117, 0.027, -0.002,0.117, -0.027, 0.001,-0.121, -0.117, 0.361,0.043, -0.432, 0.005,-0.134, -0.416, 0.153,-0.004, -0.775, -0.166
221014,14,27,19,44,31,25,83,19,101,27,-0.089, 0.437, 0.119,0.247, 0.396, 0.141,-0.144, 0.191, 0.096,0.290, 0.129, 0.104,-0.220, 0.002, 0.188,0.308, -0.077, 0.170,-0.116, 0.027, -0.002,0.117, -0.027, 0.001,-0.122, -0.126, 0.355,0.043, -0.431, 0.005,-0.136, -0.426, 0.150,-0.005, -0.773, -0.170
221014,13,27,21,46,28,26,80,19,98,28,-0.088, 0.437, 0.113,0.248, 0.396, 0.140,-0.145, 0.192, 0.086,0.290, 0.130, 0.103,-0.223, 0.003, 0.165,0.308, -0.076, 0.170,-0.116, 0.027, -0.002,0.117, -0.027, 0.001,-0.122, -0.135, 0.345,0.041, -0.430, 0.008,-0.137, -0.440, 0.140,-0.006, -0.772, -0.170
221014,10,26,26,49,28,24,77,18,96,27,-0.088, 0.445, 0.097,0.248, 0.397, 0.130,-0.146, 0.206, 0.060,0.289, 0.132, 0.091,-0.223, 0.010, 0.133,0.308, -0.075, 0.148,-0.116, 0.027, -0.002,0.116, -0.027, 0.001,-0.125, -0.142, 0.343,0.041, -0.429, 0.006,-0.147, -0.456, 0.140,-0.009, -0.769, -0.170
221014,11,25,23,50,27,23,53,15,58,24,-0.091, 0.460, 0.093,0.248, 0.412, 0.122,-0.153, 0.216, 0.059,0.287, 0.147, 0.082,-0.232, 0.017, 0.131,0.306, -0.067, 0.138,-0.116, 0.025, -0.002,0.116, -0.025, 0.001,-0.131, -0.258, 0.247,0.039, -0.419, 0.000,-0.168, -0.608, 0.137,-0.010, -0.758, -0.156
221014,12,24,26,53,29,24,47,12,53,22,-0.094, 0.470, 0.086,0.245, 0.425, 0.112,-0.160, 0.227, 0.047,0.285, 0.160, 0.066,-0.240, 0.023, 0.125,0.305, -0.058, 0.121,-0.116, 0.022, -0.002,0.116, -0.022, 0.001,-0.147, -0.296, 0.237,0.037, -0.416, -0.010,-0.182, -0.641, 0.134,-0.012, -0.752, -0.161
221014,12,23,27,52,29,25,26,9,34,22,-0.100, 0.481, 0.086,0.242, 0.437, 0.108,-0.164, 0.238, 0.047,0.281, 0.173, 0.062,-0.245, 0.032, 0.129,0.301, -0.047, 0.126,-0.116, 0.019, -0.001,0.116, -0.019, 0.000,-0.146, -0.355, 0.106,0.032, -0.411, -0.029,-0.193, -0.696, -0.009,-0.014, -0.749, -0.193
221014,13,21,35,53,30,28,12,5,23,20,-0.119, 0.485, 0.099,0.226, 0.446, 0.109,-0.177, 0.242, 0.056,0.265, 0.187, 0.059,-0.253, 0.035, 0.138,0.292, -0.029, 0.128,-0.116, 0.014, 0.003,0.116, -0.013, -0.004,-0.136, -0.403, 0.006,0.033, -0.404, -0.058,-0.197, -0.737, -0.129,-0.014, -0.738, -0.234
221014,14,20,35,55,30,30,10,6,24,20,-0.130, 0.488, 0.100,0.215, 0.452, 0.108,-0.188, 0.246, 0.056,0.253, 0.193, 0.054,-0.257, 0.036, 0.139,0.286, -0.021, 0.130,-0.116, 0.011, 0.003,0.116, -0.010, -0.004,-0.131, -0.409, -0.006,0.035, -0.399, -0.056,-0.196, -0.740, -0.159,-0.010, -0.733, -0.233
221014,14,20,38,50,31,31,11,5,24,20,-0.142, 0.490, 0.101,0.204, 0.459, 0.106,-0.193, 0.246, 0.059,0.251, 0.202, 0.050,-0.259, 0.035, 0.146,0.287, -0.018, 0.130,-0.116, 0.008, 0.004,0.116, -0.007, -0.005,-0.127, -0.409, -0.004,0.043, -0.397, -0.058,-0.195, -0.742, -0.153,0.002, -0.731, -0.236
221014,15,20,37,49,31,32,8,5,23,21,-0.146, 0.491, 0.101,0.202, 0.461, 0.107,-0.199, 0.249, 0.059,0.251, 0.206, 0.052,-0.269, 0.035, 0.147,0.287, -0.016, 0.136,-0.116, 0.006, 0.004,0.117, -0.006, -0.005,-0.121, -0.406, -0.025,0.054, -0.394, -0.059,-0.179, -0.739, -0.186,0.026, -0.725, -0.239
221014,17,20,33,47,31,31,7,6,18,20,-0.149, 0.491, 0.102,0.200, 0.463, 0.111,-0.208, 0.250, 0.062,0.249, 0.206, 0.060,-0.281, 0.035, 0.151,0.287, -0.017, 0.146,-0.116, 0.005, 0.003,0.117, -0.004, -0.004,-0.117, -0.405, -0.036,0.061, -0.392, -0.057,-0.168, -0.749, -0.174,0.036, -0.725, -0.237
221014,19,20,30,44,31,31,7,5,19,19,-0.154, 0.493, 0.102,0.197, 0.465, 0.111,-0.217, 0.255, 0.063,0.249, 0.207, 0.062,-0.290, 0.041, 0.155,0.286, -0.017, 0.148,-0.116, 0.004, 0.003,0.117, -0.003, -0.004,-0.111, -0.406, -0.032,0.073, -0.391, -0.067,-0.156, -0.746, -0.175,0.053, -0.723, -0.248
221014,19,21,30,47,31,31,9,6,22,21,-0.156, 0.492, 0.105,0.195, 0.464, 0.120,-0.221, 0.255, 0.064,0.249, 0.205, 0.066,-0.296, 0.041, 0.155,0.287, -0.018, 0.149,-0.117, 0.003, 0.003,0.117, -0.002, -0.004,-0.108, -0.405, -0.018,0.077, -0.390, -0.070,-0.146, -0.742, -0.167,0.061, -0.716, -0.264
221014,20,22,20,28,32,33,10,27,26,43,-0.162, 0.490, 0.105,0.191, 0.459, 0.120,-0.223, 0.254, 0.079,0.245, 0.201, 0.093,-0.295, 0.041, 0.189,0.286, -0.018, 0.212,-0.117, 0.002, 0.001,0.118, -0.002, -0.002,-0.100, -0.412, -0.010,0.105, -0.350, 0.070,-0.118, -0.742, -0.184,0.063, -0.667, -0.125
221014,25,21,11,18,30,34,11,39,29,58,-0.170, 0.487, 0.105,0.186, 0.459, 0.108,-0.232, 0.253, 0.117,0.239, 0.201, 0.091,-0.293, 0.042, 0.260,0.283, -0.012, 0.222,-0.118, -0.001, 0.001,0.119, 0.001, -0.002,-0.090, -0.417, -0.005,0.135, -0.294, 0.134,-0.105, -0.739, -0.189,0.062, -0.613, -0.070
221014,25,20,6,23,29,36,12,45,31,65,-0.180, 0.482, 0.104,0.178, 0.458, 0.104,-0.242, 0.249, 0.111,0.233, 0.200, 0.080,-0.292, 0.037, 0.242,0.282, -0.012, 0.214,-0.119, -0.004, 0.001,0.119, 0.004, -0.002,-0.090, -0.416, 0.006,0.136, -0.270, 0.167,-0.106, -0.738, -0.183,0.060, -0.593, -0.041
221014,27,20,3,28,29,34,15,68,31,90,-0.198, 0.468, 0.106,0.157, 0.451, 0.113,-0.263, 0.236, 0.108,0.225, 0.196, 0.078,-0.298, 0.017, 0.232,0.278, -0.023, 0.192,-0.119, -0.011, 0.001,0.119, 0.011, -0.002,-0.091, -0.421, 0.015,0.132, -0.190, 0.272,-0.110, -0.753, -0.165,0.059, -0.502, 0.047
221014,28,20,2,34,28,33,16,74,31,93,-0.200, 0.458, 0.107,0.155, 0.445, 0.117,-0.265, 0.224, 0.107,0.224, 0.188, 0.073,-0.299, 0.003, 0.224,0.277, -0.038, 0.175,-0.119, -0.015, 0.001,0.120, 0.015, -0.002,-0.090, -0.424, 0.019,0.129, -0.165, 0.302,-0.111, -0.759, -0.161,0.058, -0.482, 0.085
221015,27,19,4,38,28,33,16,75,31,91,-0.200, 0.453, 0.107,0.154, 0.442, 0.117,-0.262, 0.215, 0.110,0.220, 0.183, 0.067,-0.291, -0.003, 0.231,0.271, -0.040, 0.166,-0.119, -0.018, 0.001,0.120, 0.018, -0.002,-0.091, -0.424, 0.021,0.134, -0.150, 0.287,-0.112, -0.758, -0.156,0.063, -0.484, 0.087
221015,27,19,5,39,29,34,16,73,31,91,-0.200, 0.452, 0.111,0.156, 0.442, 0.117,-0.260, 0.215, 0.116,0.221, 0.183, 0.065,-0.283, -0.004, 0.243,0.270, -0.040, 0.163,-0.120, -0.018, 0.001,0.120, 0.019, -0.002,-0.091, -0.424, 0.023,0.143, -0.161, 0.280,-0.111, -0.759, -0.156,0.069, -0.487, 0.066
221015,27,18,8,41,31,34,17,75,32,94,-0.198, 0.451, 0.111,0.157, 0.440, 0.117,-0.257, 0.210, 0.118,0.220, 0.179, 0.063,-0.270, -0.006, 0.249,0.267, -0.041, 0.161,-0.120, -0.019, 0.001,0.120, 0.019, -0.002,-0.091, -0.424, 0.024,0.142, -0.158, 0.293,-0.112, -0.758, -0.159,0.070, -0.480, 0.072
221015,25,18,6,42,30,35,17,73,33,91,-0.197, 0.449, 0.113,0.157, 0.438, 0.119,-0.249, 0.208, 0.117,0.220, 0.176, 0.062,-0.261, -0.008, 0.245,0.267, -0.041, 0.159,-0.120, -0.019, 0.001,0.120, 0.019, -0.002,-0.091, -0.424, 0.027,0.140, -0.169, 0.294,-0.110, -0.757, -0.159,0.076, -0.492, 0.077
221015,24,18,5,43,30,35,17,72,33,89,-0.197, 0.450, 0.109,0.158, 0.438, 0.117,-0.246, 0.209, 0.112,0.220, 0.177, 0.060,-0.260, -0.006, 0.239,0.267, -0.039, 0.157,-0.120, -0.019, 0.001,0.120, 0.019, -0.002,-0.091, -0.423, 0.028,0.139, -0.176, 0.286,-0.107, -0.756, -0.160,0.077, -0.499, 0.074
221015,24,17,2,47,31,35,17,65,37,85,-0.191, 0.452, 0.107,0.165, 0.439, 0.113,-0.242, 0.213, 0.109,0.221, 0.180, 0.055,-0.256, -0.005, 0.237,0.275, -0.030, 0.149,-0.121, -0.018, 0.001,0.121, 0.018, -0.002,-0.090, -0.419, 0.028,0.143, -0.216, 0.272,-0.105, -0.742, -0.185,0.081, -0.533, 0.043
221015,23,17,2,43,30,34,16,45,37,71,-0.186, 0.461, 0.107,0.174, 0.444, 0.114,-0.237, 0.226, 0.108,0.222, 0.187, 0.070,-0.256, 0.003, 0.236,0.280, -0.024, 0.171,-0.121, -0.015, 0.000,0.121, 0.016, -0.001,-0.090, -0.418, 0.022,0.155, -0.287, 0.170,-0.102, -0.742, -0.200,0.088, -0.571, -0.075
221015,23,18,1,45,31,34,13,27,36,51,-0.176, 0.468, 0.111,0.180, 0.453, 0.116,-0.232, 0.237, 0.109,0.226, 0.198, 0.071,-0.257, 0.013, 0.241,0.284, -0.012, 0.171,-0.121, -0.011, 0.000,0.121, 0.011, -0.001,-0.091, -0.413, -0.001,0.152, -0.343, 0.058,-0.103, -0.730, -0.234,0.083, -0.631, -0.181
221015,21,18,20,49,30,31,12,11,34,28,-0.163, 0.472, 0.111,0.192, 0.461, 0.116,-0.229, 0.244, 0.085,0.237, 0.203, 0.064,-0.271, 0.021, 0.185,0.292, -0.009, 0.145,-0.121, -0.007, 0.000,0.121, 0.008, -0.001,-0.096, -0.408, -0.006,0.109, -0.376, -0.033,-0.126, -0.731, -0.229,0.061, -0.694, -0.241
221015,22,18,23,54,29,31,11,8,29,24,-0.154, 0.478, 0.109,0.200, 0.465, 0.111,-0.229, 0.252, 0.076,0.243, 0.207, 0.052,-0.283, 0.027, 0.166,0.298, -0.009, 0.126,-0.120, -0.004, 0.002,0.120, 0.005, -0.003,-0.100, -0.400, -0.003,0.087, -0.386, -0.048,-0.145, -0.730, -0.182,0.046, -0.713, -0.248
221015,22,18,24,56,29,31,10,5,27,21,-0.148, 0.483, 0.109,0.208, 0.465, 0.111,-0.228, 0.256, 0.072,0.247, 0.207, 0.052,-0.288, 0.032, 0.157,0.300, -0.010, 0.128,-0.120, -0.002, 0.004,0.120, 0.003, -0.005,-0.101, -0.398, -0.009,0.075, -0.388, -0.070,-0.150, -0.730, -0.179,0.041, -0.713, -0.269
221015,22,18,23,55,30,31,8,1,25,19,-0.147, 0.485, 0.109,0.207, 0.467, 0.109,-0.226, 0.257, 0.074,0.246, 0.207, 0.052,-0.292, 0.038, 0.167,0.299, -0.010, 0.131,-0.120, -0.001, 0.006,0.120, 0.002, -0.007,-0.101, -0.398, -0.017,0.055, -0.389, -0.098,-0.167, -0.730, -0.179,0.018, -0.711, -0.306
221015,21,18,23,53,30,31,7,2,24,19,-0.147, 0.487, 0.107,0.207, 0.467, 0.104,-0.222, 0.256, 0.074,0.246, 0.207, 0.051,-0.292, 0.042, 0.169,0.299, -0.010, 0.132,-0.119, 0.000, 0.007,0.119, 0.001, -0.008,-0.108, -0.399, -0.019,0.048, -0.390, -0.082,-0.183, -0.734, -0.168,0.009, -0.718, -0.271
221015,21,19,22,53,29,31,7,3,22,19,-0.140, 0.487, 0.107,0.212, 0.467, 0.105,-0.218, 0.256, 0.075,0.252, 0.208, 0.051,-0.291, 0.041, 0.167,0.302, -0.011, 0.132,-0.119, 0.001, 0.007,0.119, -0.001, -0.008,-0.117, -0.398, -0.024,0.040, -0.393, -0.075,-0.193, -0.734, -0.170,-0.004, -0.724, -0.259
221015,19,22,22,49,28,30,7,5,20,20,-0.128, 0.487, 0.103,0.223, 0.463, 0.103,-0.204, 0.256, 0.071,0.268, 0.208, 0.051,-0.280, 0.041, 0.159,0.315, -0.009, 0.129,-0.118, 0.004, 0.007,0.119, -0.004, -0.008,-0.124, -0.395, -0.018,0.031, -0.398, -0.058,-0.198, -0.734, -0.154,-0.020, -0.734, -0.234
221015,17,23,23,48,28,31,8,6,20,18,-0.121, 0.486, 0.105,0.227, 0.459, 0.105,-0.193, 0.253, 0.074,0.274, 0.207, 0.052,-0.270, 0.040, 0.160,0.323, -0.010, 0.129,-0.118, 0.006, 0.007,0.118, -0.006, -0.008,-0.130, -0.395, -0.018,0.029, -0.403, -0.053,-0.208, -0.734, -0.152,-0.029, -0.747, -0.211
221015,15,24,25,47,28,30,14,7,25,14,-0.117, 0.486, 0.105,0.230, 0.453, 0.108,-0.182, 0.251, 0.074,0.280, 0.202, 0.055,-0.253, 0.038, 0.160,0.327, -0.018, 0.130,-0.118, 0.009, 0.006,0.118, -0.009, -0.007,-0.134, -0.377, 0.026,0.023, -0.407, -0.051,-0.203, -0.712, -0.108,-0.038, -0.753, -0.183
221015,14,26,23,46,29,28,42,9,54,19,-0.108, 0.482, 0.101,0.238, 0.442, 0.108,-0.173, 0.248, 0.071,0.291, 0.192, 0.055,-0.242, 0.035, 0.161,0.333, -0.032, 0.124,-0.118, 0.013, 0.005,0.118, -0.012, -0.006,-0.137, -0.311, 0.197,0.026, -0.414, -0.034,-0.201, -0.636, 0.052,-0.037, -0.754, -0.181
221015,15,26,20,44,29,25,61,12,75,22,-0.103, 0.472, 0.101,0.241, 0.427, 0.110,-0.170, 0.239, 0.073,0.290, 0.172, 0.065,-0.235, 0.031, 0.167,0.331, -0.051, 0.130,-0.117, 0.018, 0.005,0.117, -0.018, -0.006,-0.135, -0.223, 0.289,0.027, -0.427, -0.023,-0.199, -0.542, 0.135,-0.038, -0.766, -0.181
221015,14,26,18,42,30,24,65,13,81,24,-0.099, 0.465, 0.101,0.243, 0.418, 0.113,-0.162, 0.231, 0.076,0.289, 0.160, 0.074,-0.224, 0.026, 0.176,0.330, -0.062, 0.139,-0.117, 0.021, 0.003,0.117, -0.021, -0.004,-0.138, -0.198, 0.295,0.028, -0.431, -0.012,-0.193, -0.513, 0.123,-0.036, -0.768, -0.178
221016,13,26,17,45,30,23,73,16,92,26,-0.090, 0.455, 0.106,0.250, 0.410, 0.123,-0.148, 0.217, 0.084,0.291, 0.145, 0.085,-0.218, 0.017, 0.180,0.329, -0.081, 0.149,-0.116, 0.024, 0.003,0.116, -0.024, -0.004,-0.132, -0.165, 0.328,0.029, -0.433, -0.006,-0.166, -0.461, 0.133,-0.036, -0.771, -0.179
221016,14,26,18,51,30,24,84,18,101,27,-0.085, 0.440, 0.126,0.252, 0.394, 0.145,-0.141, 0.198, 0.104,0.290, 0.128, 0.104,-0.218, 0.005, 0.199,0.322, -0.095, 0.165,-0.116, 0.027, 0.003,0.116, -0.027, -0.004,-0.132, -0.113, 0.355,0.030, -0.432, -0.007,-0.153, -0.422, 0.153,-0.035, -0.769, -0.188
221016,14,26,18,52,30,24,85,18,103,27,-0.083, 0.442, 0.125,0.254, 0.395, 0.141,-0.139, 0.200, 0.103,0.289, 0.126, 0.100,-0.218, 0.006, 0.198,0.316, -0.095, 0.164,-0.115, 0.029, 0.003,0.116, -0.029, -0.004,-0.122, -0.110, 0.360,0.030, -0.431, -0.006,-0.152, -0.401, 0.154,-0.034, -0.768, -0.188
221016,13,26,18,54,30,24,84,18,100,26,-0.082, 0.441, 0.123,0.255, 0.392, 0.140,-0.137, 0.198, 0.102,0.289, 0.123, 0.098,-0.216, 0.003, 0.197,0.312, -0.102, 0.162,-0.115, 0.030, 0.002,0.115, -0.030, -0.004,-0.117, -0.111, 0.358,0.029, -0.433, -0.004,-0.153, -0.414, 0.169,-0.037, -0.770, -0.179
221016,14,25,16,55,30,24,83,18,97,26,-0.083, 0.442, 0.120,0.255, 0.393, 0.139,-0.139, 0.199, 0.101,0.286, 0.123, 0.098,-0.216, 0.004, 0.196,0.308, -0.100, 0.162,-0.115, 0.031, 0.002,0.115, -0.030, -0.004,-0.116, -0.114, 0.354,0.026, -0.433, -0.004,-0.154, -0.425, 0.173,-0.041, -0.770, -0.178
221016,14,25,16,56,29,24,82,18,95,26,-0.084, 0.443, 0.120,0.255, 0.394, 0.138,-0.141, 0.200, 0.100,0.285, 0.125, 0.097,-0.217, 0.004, 0.192,0.307, -0.099, 0.161,-0.114, 0.031, 0.002,0.115, -0.030, -0.003,-0.116, -0.120, 0.352,0.025, -0.433, -0.004,-0.155, -0.435, 0.180,-0.042, -0.770, -0.178
221016,12,25,23,57,27,22,62,17,67,22,-0.085, 0.450, 0.112,0.253, 0.400, 0.137,-0.147, 0.208, 0.080,0.285, 0.136, 0.095,-0.228, 0.007, 0.155,0.307, -0.087, 0.150,-0.114, 0.029, 0.002,0.115, -0.029, -0.003,-0.120, -0.227, 0.284,0.025, -0.426, -0.004,-0.182, -0.559, 0.169,-0.042, -0.768, -0.152
221016,12,24,26,55,28,23,40,13,43,20,-0.095, 0.472, 0.103,0.245, 0.422, 0.127,-0.159, 0.231, 0.065,0.282, 0.159, 0.081,-0.240, 0.020, 0.142,0.304, -0.066, 0.135,-0.114, 0.024, 0.002,0.115, -0.023, -0.003,-0.137, -0.320, 0.183,0.017, -0.415, -0.022,-0.206, -0.660, 0.091,-0.046, -0.754, -0.170
221016,13,21,31,59,29,27,13,7,26,22,-0.110, 0.484, 0.107,0.234, 0.438, 0.125,-0.169, 0.242, 0.066,0.269, 0.180, 0.072,-0.247, 0.031, 0.147,0.298, -0.044, 0.137,-0.115, 0.018, 0.003,0.115, -0.018, -0.004,-0.142, -0.386, 0.004,0.015, -0.403, -0.059,-0.221, -0.714, -0.150,-0.043, -0.733, -0.248
221016,13,19,35,62,29,31,10,5,24,20,-0.123, 0.488, 0.111,0.224, 0.450, 0.118,-0.179, 0.244, 0.069,0.256, 0.192, 0.060,-0.253, 0.031, 0.149,0.291, -0.032, 0.136,-0.115, 0.014, 0.006,0.115, -0.013, -0.007,-0.140, -0.399, -0.012,0.016, -0.398, -0.071,-0.222, -0.724, -0.164,-0.041, -0.727, -0.257
221016,15,19,36,58,29,31,9,6,20,20,-0.137, 0.489, 0.112,0.211, 0.454, 0.117,-0.191, 0.245, 0.070,0.249, 0.197, 0.058,-0.261, 0.032, 0.151,0.291, -0.025, 0.135,-0.115, 0.011, 0.006,0.115, -0.011, -0.007,-0.140, -0.399, -0.035,0.018, -0.395, -0.069,-0.217, -0.734, -0.189,-0.031, -0.725, -0.250
221016,16,19,35,56,30,32,9,6,21,20,-0.141, 0.488, 0.115,0.210, 0.456, 0.117,-0.197, 0.246, 0.075,0.250, 0.201, 0.059,-0.267, 0.032, 0.160,0.291, -0.024, 0.142,-0.115, 0.009, 0.006,0.115, -0.008, -0.007,-0.132, -0.404, -0.031,0.031, -0.393, -0.066,-0.200, -0.739, -0.189,-0.013, -0.722, -0.245
221016,16,19,32,56,30,33,8,5,16,18,-0.141, 0.489, 0.113,0.210, 0.457, 0.117,-0.200, 0.247, 0.074,0.249, 0.201, 0.060,-0.274, 0.033, 0.160,0.291, -0.023, 0.147,-0.115, 0.008, 0.004,0.115, -0.007, -0.005,-0.130, -0.405, -0.042,0.037, -0.392, -0.065,-0.186, -0.751, -0.177,0.002, -0.724, -0.233
221016,18,19,29,56,30,33,7,6,18,18,-0.141, 0.491, 0.112,0.210, 0.460, 0.118,-0.207, 0.253, 0.074,0.249, 0.203, 0.061,-0.283, 0.037, 0.162,0.292, -0.023, 0.149,-0.115, 0.006, 0.004,0.116, -0.006, -0.005,-0.122, -0.406, -0.041,0.048, -0.392, -0.064,-0.175, -0.748, -0.185,0.015, -0.724, -0.233
221016,19,20,27,51,31,32,6,6,16,18,-0.145, 0.491, 0.112,0.206, 0.460, 0.118,-0.211, 0.255, 0.077,0.249, 0.202, 0.066,-0.291, 0.044, 0.174,0.294, -0.023, 0.154,-0.115, 0.006, 0.003,0.116, -0.005, -0.004,-0.118, -0.407, -0.048,0.054, -0.391, -0.065,-0.170, -0.750, -0.188,0.027, -0.723, -0.233
221016,21,20,21,49,30,31,6,6,16,16,-0.151, 0.494, 0.099,0.201, 0.464, 0.115,-0.221, 0.263, 0.067,0.246, 0.205, 0.067,-0.301, 0.052, 0.164,0.292, -0.023, 0.157,-0.115, 0.005, 0.003,0.116, -0.005, -0.004,-0.113, -0.405, -0.043,0.063, -0.391, -0.061,-0.162, -0.750, -0.177,0.039, -0.724, -0.211
221016,21,20,21,48,31,31,5,6,16,16,-0.151, 0.494, 0.099,0.201, 0.466, 0.114,-0.222, 0.264, 0.067,0.247, 0.206, 0.067,-0.301, 0.052, 0.169,0.293, -0.022, 0.159,-0.115, 0.004, 0.003,0.116, -0.004, -0.004,-0.109, -0.406, -0.042,0.070, -0.391, -0.063,-0.151, -0.751, -0.174,0.049, -0.724, -0.217
221016,20,20,23,46,31,31,6,6,18,18,-0.161, 0.494, 0.099,0.192, 0.466, 0.116,-0.226, 0.263, 0.068,0.242, 0.206, 0.068,-0.301, 0.052, 0.169,0.289, -0.022, 0.158,-0.116, 0.003, 0.001,0.116, -0.003, -0.003,-0.104, -0.408, -0.044,0.076, -0.389, -0.063,-0.134, -0.749, -0.195,0.059, -0.716, -0.233
221017,22,19,6,42,32,33,7,9,25,28,-0.173, 0.490, 0.104,0.182, 0.466, 0.115,-0.232, 0.260, 0.096,0.235, 0.205, 0.069,-0.300, 0.048, 0.226,0.286, -0.015, 0.167,-0.116, 0.002, 0.002,0.116, -0.001, -0.003,-0.093, -0.411, -0.033,0.106, -0.370, -0.051,-0.115, -0.736, -0.216,0.053, -0.677, -0.267
221017,24,19,5,41,30,33,11,14,32,37,-0.177, 0.484, 0.109,0.177, 0.466, 0.113,-0.238, 0.253, 0.102,0.233, 0.206, 0.065,-0.299, 0.035, 0.227,0.287, -0.013, 0.162,-0.116, -0.001, 0.003,0.117, 0.002, -0.004,-0.080, -0.415, -0.006,0.128, -0.357, -0.020,-0.102, -0.737, -0.212,0.054, -0.665, -0.261
221017,25,19,0,35,28,34,12,23,33,46,-0.186, 0.481, 0.115,0.171, 0.466, 0.111,-0.245, 0.248, 0.117,0.230, 0.206, 0.068,-0.299, 0.028, 0.243,0.286, -0.012, 0.177,-0.117, -0.003, 0.005,0.117, 0.004, -0.006,-0.080, -0.415, 0.000,0.142, -0.332, 0.037,-0.104, -0.737, -0.207,0.059, -0.637, -0.189
221017,27,19,3,37,26,35,15,56,35,85,-0.193, 0.469, 0.111,0.164, 0.457, 0.111,-0.254, 0.237, 0.115,0.225, 0.205, 0.065,-0.298, 0.011, 0.233,0.286, -0.012, 0.174,-0.118, -0.008, 0.004,0.118, 0.008, -0.005,-0.081, -0.417, 0.019,0.155, -0.250, 0.219,-0.096, -0.738, -0.189,0.056, -0.534, -0.048
221017,27,19,2,35,27,35,15,61,35,90,-0.205, 0.461, 0.111,0.153, 0.455, 0.114,-0.264, 0.229, 0.113,0.222, 0.205, 0.065,-0.300, 0.001, 0.231,0.284, -0.014, 0.172,-0.119, -0.011, 0.003,0.119, 0.011, -0.004,-0.082, -0.417, 0.019,0.150, -0.232, 0.249,-0.101, -0.739, -0.184,0.055, -0.515, -0.015
221017,26,19,0,36,27,34,16,68,36,93,-0.208, 0.455, 0.111,0.150, 0.450, 0.117,-0.263, 0.221, 0.110,0.219, 0.200, 0.068,-0.296, -0.006, 0.228,0.280, -0.023, 0.171,-0.119, -0.014, 0.003,0.120, 0.015, -0.004,-0.082, -0.417, 0.023,0.156, -0.194, 0.267,-0.100, -0.739, -0.182,0.059, -0.493, 0.019
221017,27,18,3,38,29,35,16,77,35,97,-0.205, 0.450, 0.111,0.152, 0.447, 0.111,-0.261, 0.213, 0.114,0.219, 0.194, 0.057,-0.274, -0.011, 0.235,0.277, -0.031, 0.160,-0.120, -0.017, 0.004,0.120, 0.018, -0.005,-0.081, -0.418, 0.024,0.166, -0.144, 0.291,-0.100, -0.739, -0.177,0.078, -0.470, 0.068
221017,26,18,3,37,29,34,16,77,36,94,-0.204, 0.449, 0.111,0.154, 0.446, 0.105,-0.256, 0.210, 0.115,0.219, 0.190, 0.053,-0.262, -0.013, 0.234,0.276, -0.035, 0.155,-0.120, -0.019, 0.004,0.120, 0.019, -0.005,-0.080, -0.418, 0.024,0.175, -0.139, 0.293,-0.098, -0.738, -0.180,0.090, -0.476, 0.091
221017,25,18,2,39,28,34,16,77,36,94,-0.202, 0.448, 0.111,0.154, 0.443, 0.107,-0.253, 0.207, 0.114,0.217, 0.186, 0.054,-0.261, -0.016, 0.233,0.274, -0.039, 0.155,-0.120, -0.020, 0.004,0.120, 0.020, -0.005,-0.084, -0.418, 0.025,0.169, -0.145, 0.305,-0.098, -0.739, -0.178,0.090, -0.481, 0.104
221017,24,18,1,41,28,35,16,75,35,94,-0.201, 0.446, 0.113,0.155, 0.441, 0.111,-0.249, 0.205, 0.114,0.217, 0.183, 0.056,-0.259, -0.016, 0.232,0.273, -0.041, 0.156,-0.120, -0.020, 0.004,0.120, 0.020, -0.005,-0.084, -0.418, 0.025,0.168, -0.157, 0.294,-0.099, -0.740, -0.172,0.088, -0.486, 0.076
221017,24,17,0,46,29,35,16,68,36,93,-0.191, 0.448, 0.111,0.167, 0.442, 0.106,-0.242, 0.208, 0.111,0.220, 0.186, 0.047,-0.258, -0.014, 0.232,0.277, -0.033, 0.144,-0.121, -0.019, 0.004,0.121, 0.019, -0.005,-0.084, -0.415, 0.025,0.173, -0.198, 0.281,-0.092, -0.736, -0.184,0.088, -0.501, 0.036
221017,23,16,1,50,29,36,16,56,40,80,-0.185, 0.450, 0.111,0.174, 0.443, 0.106,-0.237, 0.211, 0.110,0.220, 0.187, 0.048,-0.256, -0.011, 0.231,0.280, -0.026, 0.143,-0.121, -0.017, 0.004,0.121, 0.018, -0.005,-0.084, -0.413, 0.025,0.174, -0.247, 0.220,-0.090, -0.727, -0.209,0.093, -0.549, -0.017
221017,23,16,3,53,31,37,13,36,40,58,-0.178, 0.462, 0.113,0.180, 0.451, 0.106,-0.232, 0.223, 0.110,0.220, 0.191, 0.050,-0.257, 0.002, 0.239,0.281, -0.012, 0.147,-0.121, -0.012, 0.004,0.121, 0.013, -0.005,-0.087, -0.409, 0.007,0.172, -0.321, 0.108,-0.096, -0.712, -0.243,0.087, -0.629, -0.115
221017,21,15,17,55,30,35,7,19,31,35,-0.173, 0.472, 0.112,0.184, 0.459, 0.107,-0.230, 0.237, 0.095,0.223, 0.199, 0.050,-0.261, 0.014, 0.206,0.281, -0.008, 0.140,-0.121, -0.007, 0.003,0.121, 0.008, -0.004,-0.088, -0.407, -0.032,0.137, -0.358, 0.014,-0.112, -0.713, -0.253,0.083, -0.683, -0.186
221017,20,16,22,58,30,35,6,11,28,23,-0.162, 0.479, 0.109,0.195, 0.465, 0.107,-0.223, 0.243, 0.085,0.229, 0.202, 0.050,-0.261, 0.020, 0.188,0.281, -0.006, 0.139,-0.121, -0.004, 0.003,0.121, 0.005, -0.004,-0.090, -0.404, -0.038,0.108, -0.380, -0.038,-0.124, -0.719, -0.246,0.067, -0.712, -0.218
221017,19,16,22,60,30,34,6,7,28,21,-0.152, 0.480, 0.109,0.204, 0.467, 0.107,-0.216, 0.242, 0.082,0.236, 0.205, 0.050,-0.264, 0.022, 0.182,0.282, -0.007, 0.137,-0.120, -0.002, 0.004,0.120, 0.003, -0.005,-0.095, -0.402, -0.039,0.081, -0.385, -0.055,-0.140, -0.720, -0.245,0.046, -0.715, -0.240
221017,18,16,26,59,29,34,5,3,26,18,-0.152, 0.487, 0.109,0.204, 0.472, 0.101,-0.213, 0.247, 0.080,0.236, 0.208, 0.044,-0.266, 0.027, 0.174,0.281, -0.007, 0.131,-0.120, -0.001, 0.008,0.120, 0.002, -0.009,-0.095, -0.402, -0.038,0.070, -0.389, -0.080,-0.156, -0.725, -0.226,0.032, -0.718, -0.263
221017,18,16,28,58,30,33,5,3,24,17,-0.150, 0.488, 0.113,0.204, 0.472, 0.101,-0.213, 0.251, 0.080,0.236, 0.207, 0.044,-0.266, 0.032, 0.177,0.280, -0.012, 0.130,-0.119, 0.000, 0.010,0.119, 0.001, -0.011,-0.098, -0.402, -0.037,0.057, -0.392, -0.083,-0.166, -0.732, -0.209,0.021, -0.725, -0.259
221017,18,16,28,57,30,33,4,2,22,17,-0.147, 0.492, 0.111,0.205, 0.472, 0.093,-0.211, 0.255, 0.081,0.236, 0.207, 0.036,-0.261, 0.038, 0.177,0.280, -0.014, 0.123,-0.119, 0.001, 0.012,0.119, 0.000, -0.014,-0.101, -0.402, -0.036,0.053, -0.394, -0.085,-0.173, -0.733, -0.193,0.012, -0.727, -0.259
221017,19,16,26,58,30,33,5,3,22,17,-0.144, 0.493, 0.111,0.208, 0.472, 0.093,-0.211, 0.261, 0.081,0.238, 0.211, 0.036,-0.260, 0.043, 0.178,0.283, -0.012, 0.123,-0.118, 0.001, 0.013,0.119, 0.000, -0.014,-0.110, -0.402, -0.028,0.050, -0.393, -0.079,-0.184, -0.733, -0.175,-0.002, -0.727, -0.252
221018,19,17,25,59,30,34,6,2,21,16,-0.141, 0.493, 0.110,0.212, 0.472, 0.090,-0.211, 0.262, 0.082,0.242, 0.214, 0.033,-0.261, 0.047, 0.178,0.287, -0.006, 0.123,-0.118, 0.002, 0.014,0.118, -0.001, -0.015,-0.117, -0.401, -0.024,0.040, -0.396, -0.084,-0.206, -0.733, -0.160,-0.019, -0.730, -0.254
221018,20,18,23,58,30,34,6,2,21,16,-0.135, 0.495, 0.110,0.217, 0.472, 0.089,-0.209, 0.264, 0.082,0.248, 0.214, 0.033,-0.261, 0.051, 0.177,0.293, -0.006, 0.123,-0.118, 0.003, 0.015,0.118, -0.002, -0.016,-0.123, -0.399, -0.023,0.038, -0.396, -0.083,-0.217, -0.733, -0.156,-0.022, -0.731, -0.247
221018,18,18,23,59,29,34,5,2,20,16,-0.125, 0.499, 0.106,0.228, 0.472, 0.088,-0.198, 0.265, 0.079,0.256, 0.214, 0.032,-0.256, 0.054, 0.171,0.297, -0.006, 0.122,-0.118, 0.004, 0.015,0.118, -0.004, -0.016,-0.130, -0.397, -0.023,0.032, -0.396, -0.082,-0.225, -0.733, -0.156,-0.028, -0.731, -0.243
221018,17,18,21,63,28,34,4,3,20,16,-0.116, 0.500, 0.104,0.234, 0.469, 0.087,-0.188, 0.265, 0.079,0.259, 0.209, 0.033,-0.251, 0.057, 0.172,0.297, -0.012, 0.123,-0.118, 0.006, 0.015,0.118, -0.005, -0.016,-0.131, -0.396, -0.023,0.030, -0.397, -0.079,-0.222, -0.733, -0.158,-0.031, -0.732, -0.239
221018,16,20,17,63,29,30,6,5,23,17,-0.104, 0.497, 0.109,0.245, 0.454, 0.103,-0.177, 0.264, 0.087,0.270, 0.193, 0.050,-0.246, 0.056, 0.184,0.301, -0.041, 0.130,-0.117, 0.011, 0.012,0.118, -0.010, -0.013,-0.138, -0.378, -0.019,0.025, -0.403, -0.069,-0.220, -0.693, -0.176,-0.036, -0.738, -0.229
221018,16,21,15,66,29,28,10,7,28,19,-0.094, 0.495, 0.113,0.253, 0.441, 0.115,-0.168, 0.263, 0.091,0.276, 0.178, 0.065,-0.241, 0.055, 0.191,0.304, -0.055, 0.141,-0.117, 0.014, 0.007,0.117, -0.014, -0.008,-0.146, -0.362, -0.004,0.025, -0.404, -0.061,-0.217, -0.674, -0.180,-0.036, -0.737, -0.228
221018,17,22,14,63,29,27,30,10,48,21,-0.093, 0.488, 0.115,0.253, 0.429, 0.120,-0.169, 0.258, 0.093,0.278, 0.165, 0.070,-0.241, 0.052, 0.194,0.305, -0.066, 0.142,-0.117, 0.017, 0.006,0.117, -0.017, -0.007,-0.149, -0.324, 0.113,0.021, -0.410, -0.044,-0.217, -0.624, -0.067,-0.037, -0.745, -0.216
221018,16,23,14,63,30,25,55,16,82,26,-0.086, 0.473, 0.120,0.255, 0.410, 0.136,-0.164, 0.244, 0.096,0.279, 0.141, 0.091,-0.242, 0.043, 0.194,0.305, -0.085, 0.156,-0.117, 0.020, 0.004,0.117, -0.020, -0.005,-0.148, -0.250, 0.241,0.022, -0.418, -0.018,-0.201, -0.513, 0.007,-0.037, -0.758, -0.201
221018,16,25,15,64,29,24,68,19,94,27,-0.081, 0.456, 0.133,0.257, 0.393, 0.155,-0.157, 0.226, 0.106,0.280, 0.124, 0.113,-0.241, 0.031, 0.196,0.305, -0.097, 0.176,-0.116, 0.023, 0.003,0.117, -0.023, -0.005,-0.140, -0.197, 0.286,0.023, -0.422, -0.011,-0.177, -0.458, 0.046,-0.037, -0.761, -0.197
221018,16,24,16,66,29,26,74,19,99,27,-0.079, 0.455, 0.132,0.259, 0.393, 0.148,-0.156, 0.225, 0.104,0.281, 0.125, 0.104,-0.241, 0.030, 0.193,0.305, -0.096, 0.172,-0.116, 0.026, 0.003,0.116, -0.025, -0.004,-0.135, -0.171, 0.312,0.023, -0.423, -0.003,-0.171, -0.432, 0.077,-0.040, -0.764, -0.184
221018,15,24,17,66,30,25,77,19,103,27,-0.075, 0.452, 0.131,0.261, 0.390, 0.147,-0.148, 0.220, 0.105,0.282, 0.119, 0.103,-0.235, 0.028, 0.194,0.304, -0.102, 0.169,-0.116, 0.027, 0.003,0.116, -0.027, -0.004,-0.127, -0.153, 0.331,0.023, -0.425, -0.004,-0.167, -0.413, 0.095,-0.039, -0.765, -0.187
221018,15,24,17,68,29,26,74,19,100,27,-0.075, 0.453, 0.130,0.262, 0.392, 0.145,-0.148, 0.220, 0.104,0.282, 0.121, 0.100,-0.228, 0.027, 0.194,0.303, -0.100, 0.167,-0.115, 0.028, 0.003,0.116, -0.028, -0.005,-0.118, -0.168, 0.321,0.024, -0.427, -0.008,-0.165, -0.427, 0.086,-0.044, -0.764, -0.188
221018,15,24,13,65,29,25,69,18,94,27,-0.076, 0.454, 0.117,0.261, 0.393, 0.135,-0.147, 0.220, 0.096,0.282, 0.124, 0.096,-0.222, 0.027, 0.190,0.298, -0.098, 0.164,-0.115, 0.028, 0.003,0.115, -0.028, -0.004,-0.130, -0.181, 0.299,0.021, -0.426, -0.005,-0.172, -0.452, 0.071,-0.049, -0.763, -0.187
221018,14,24,16,65,27,24,63,16,84,27,-0.077, 0.455, 0.110,0.259, 0.396, 0.129,-0.148, 0.221, 0.085,0.281, 0.130, 0.088,-0.223, 0.023, 0.169,0.295, -0.092, 0.152,-0.115, 0.028, 0.003,0.115, -0.028, -0.004,-0.132, -0.214, 0.289,0.015, -0.426, -0.006,-0.195, -0.510, 0.084,-0.054, -0.765, -0.184
221018,13,22,18,61,27,27,31,10,44,23,-0.090, 0.474, 0.108,0.250, 0.423, 0.118,-0.153, 0.233, 0.085,0.276, 0.159, 0.074,-0.223, 0.031, 0.170,0.289, -0.065, 0.146,-0.115, 0.025, 0.003,0.115, -0.025, -0.005,-0.155, -0.321, 0.117,0.011, -0.413, -0.037,-0.222, -0.642, -0.041,-0.054, -0.743, -0.212
221018,13,20,23,62,27,29,10,5,23,18,-0.102, 0.490, 0.109,0.238, 0.445, 0.110,-0.158, 0.246, 0.084,0.262, 0.183, 0.064,-0.224, 0.041, 0.169,0.279, -0.043, 0.145,-0.115, 0.019, 0.006,0.115, -0.019, -0.007,-0.153, -0.390, -0.009,0.011, -0.402, -0.064,-0.237, -0.718, -0.158,-0.054, -0.731, -0.229
221018,14,18,28,61,28,31,9,5,23,20,-0.121, 0.495, 0.107,0.223, 0.454, 0.107,-0.176, 0.249, 0.077,0.249, 0.195, 0.060,-0.245, 0.042, 0.163,0.278, -0.028, 0.145,-0.115, 0.015, 0.005,0.115, -0.015, -0.006,-0.152, -0.398, -0.026,0.014, -0.396, -0.063,-0.230, -0.725, -0.197,-0.043, -0.724, -0.242
221018,15,18,28,59,28,31,8,4,18,18,-0.132, 0.497, 0.106,0.216, 0.459, 0.105,-0.189, 0.253, 0.076,0.244, 0.199, 0.056,-0.254, 0.045, 0.162,0.278, -0.025, 0.144,-0.115, 0.012, 0.006,0.115, -0.011, -0.007,-0.150, -0.401, -0.036,0.019, -0.394, -0.070,-0.226, -0.740, -0.185,-0.036, -0.725, -0.241
221018,17,18,26,56,28,31,9,3,18,17,-0.138, 0.497, 0.106,0.213, 0.463, 0.106,-0.198, 0.255, 0.076,0.245, 0.203, 0.056,-0.260, 0.045, 0.163,0.278, -0.023, 0.144,-0.115, 0.009, 0.006,0.115, -0.009, -0.007,-0.145, -0.401, -0.032,0.024, -0.393, -0.073,-0.221, -0.746, -0.171,-0.026, -0.726, -0.241
221019,19,19,25,51,29,30,7,3,16,16,-0.145, 0.497, 0.102,0.208, 0.463, 0.107,-0.212, 0.261, 0.070,0.246, 0.205, 0.060,-0.280, 0.049, 0.160,0.280, -0.026, 0.149,-0.115, 0.008, 0.004,0.115, -0.008, -0.006,-0.131, -0.404, -0.044,0.038, -0.393, -0.070,-0.196, -0.747, -0.181,-0.006, -0.727, -0.229
221019,19,19,21,48,29,30,6,3,16,15,-0.146, 0.498, 0.098,0.207, 0.466, 0.104,-0.213, 0.263, 0.070,0.247, 0.206, 0.060,-0.286, 0.054, 0.165,0.286, -0.024, 0.150,-0.115, 0.007, 0.004,0.115, -0.007, -0.005,-0.123, -0.404, -0.046,0.049, -0.394, -0.068,-0.183, -0.746, -0.184,0.011, -0.727, -0.222
221019,20,19,18,45,30,30,6,3,17,15,-0.150, 0.499, 0.095,0.204, 0.468, 0.101,-0.219, 0.266, 0.070,0.247, 0.207, 0.058,-0.291, 0.059, 0.172,0.287, -0.024, 0.149,-0.115, 0.006, 0.004,0.116, -0.006, -0.005,-0.119, -0.406, -0.039,0.056, -0.394, -0.067,-0.177, -0.748, -0.176,0.020, -0.728, -0.219
221019,21,20,15,42,31,30,5,3,17,15,-0.156, 0.499, 0.089,0.199, 0.471, 0.098,-0.225, 0.269, 0.068,0.248, 0.209, 0.056,-0.293, 0.068, 0.175,0.287, -0.020, 0.149,-0.116, 0.005, 0.004,0.116, -0.005, -0.005,-0.114, -0.404, -0.045,0.065, -0.393, -0.066,-0.163, -0.743, -0.187,0.032, -0.728, -0.218
221019,22,20,15,40,32,30,5,4,19,16,-0.158, 0.499, 0.090,0.196, 0.473, 0.098,-0.227, 0.270, 0.068,0.248, 0.210, 0.055,-0.293, 0.069, 0.178,0.287, -0.019, 0.148,-0.116, 0.005, 0.004,0.116, -0.004, -0.005,-0.112, -0.404, -0.044,0.074, -0.392, -0.066,-0.153, -0.741, -0.196,0.043, -0.724, -0.225
221019,23,20,10,40,33,31,6,6,21,22,-0.166, 0.498, 0.096,0.188, 0.474, 0.098,-0.233, 0.270, 0.082,0.243, 0.212, 0.052,-0.292, 0.067, 0.206,0.287, -0.014, 0.143,-0.116, 0.002, 0.004,0.116, -0.001, -0.005,-0.100, -0.411, -0.034,0.100, -0.384, -0.066,-0.136, -0.739, -0.191,0.049, -0.705, -0.262
221019,25,18,1,37,32,34,10,12,27,33,-0.177, 0.491, 0.106,0.176, 0.473, 0.099,-0.238, 0.263, 0.109,0.228, 0.212, 0.057,-0.291, 0.057, 0.246,0.285, -0.011, 0.165,-0.116, -0.001, 0.005,0.117, 0.002, -0.006,-0.095, -0.414, -0.010,0.136, -0.360, -0.042,-0.122, -0.738, -0.190,0.051, -0.667, -0.265
221019,26,18,0,37,32,34,12,44,31,70,-0.190, 0.480, 0.104,0.170, 0.470, 0.097,-0.255, 0.251, 0.105,0.224, 0.211, 0.054,-0.291, 0.034, 0.243,0.285, -0.010, 0.164,-0.118, -0.006, 0.004,0.118, 0.006, -0.005,-0.093, -0.413, 0.003,0.157, -0.273, 0.157,-0.104, -0.736, -0.194,0.063, -0.573, -0.077
221019,26,17,1,38,30,35,14,55,33,84,-0.200, 0.467, 0.104,0.161, 0.460, 0.102,-0.258, 0.233, 0.106,0.218, 0.208, 0.056,-0.288, 0.012, 0.236,0.283, -0.011, 0.166,-0.119, -0.010, 0.003,0.119, 0.010, -0.004,-0.093, -0.415, 0.015,0.165, -0.242, 0.216,-0.094, -0.740, -0.189,0.063, -0.530, -0.030
221019,26,18,0,36,29,35,16,68,35,96,-0.214, 0.458, 0.107,0.143, 0.457, 0.111,-0.266, 0.220, 0.107,0.211, 0.206, 0.063,-0.286, -0.004, 0.231,0.277, -0.013, 0.169,-0.119, -0.016, 0.002,0.119, 0.016, -0.003,-0.090, -0.420, 0.021,0.151, -0.189, 0.279,-0.102, -0.746, -0.183,0.060, -0.477, 0.027
221019,26,17,1,38,29,35,17,75,34,100,-0.219, 0.448, 0.111,0.140, 0.451, 0.118,-0.269, 0.210, 0.109,0.208, 0.199, 0.065,-0.285, -0.016, 0.229,0.268, -0.023, 0.169,-0.119, -0.019, 0.002,0.120, 0.019, -0.003,-0.091, -0.420, 0.022,0.152, -0.159, 0.299,-0.105, -0.747, -0.176,0.060, -0.452, 0.049
221019,27,17,1,38,30,35,18,83,35,102,-0.215, 0.436, 0.116,0.141, 0.446, 0.120,-0.268, 0.193, 0.117,0.210, 0.190, 0.067,-0.272, -0.028, 0.237,0.267, -0.035, 0.168,-0.120, -0.022, 0.002,0.120, 0.023, -0.003,-0.091, -0.421, 0.023,0.157, -0.115, 0.322,-0.108, -0.747, -0.176,0.069, -0.442, 0.100
221019,26,17,3,38,30,34,18,83,35,102,-0.213, 0.433, 0.116,0.144, 0.444, 0.119,-0.261, 0.189, 0.119,0.211, 0.185, 0.066,-0.258, -0.031, 0.240,0.267, -0.038, 0.168,-0.120, -0.024, 0.002,0.120, 0.024, -0.004,-0.090, -0.422, 0.024,0.156, -0.112, 0.319,-0.107, -0.748, -0.174,0.072, -0.438, 0.096
221019,25,17,4,40,30,35,18,81,34,101,-0.212, 0.434, 0.116,0.145, 0.444, 0.119,-0.254, 0.190, 0.119,0.211, 0.185, 0.064,-0.249, -0.027, 0.243,0.267, -0.038, 0.166,-0.120, -0.025, 0.002,0.120, 0.025, -0.004,-0.089, -0.423, 0.025,0.156, -0.123, 0.313,-0.107, -0.752, -0.170,0.079, -0.443, 0.087
221019,24,17,6,41,30,36,17,77,34,98,-0.208, 0.436, 0.114,0.149, 0.444, 0.116,-0.249, 0.193, 0.118,0.213, 0.185, 0.060,-0.244, -0.025, 0.243,0.268, -0.033, 0.164,-0.120, -0.024, 0.002,0.120, 0.025, -0.003,-0.089, -0.423, 0.024,0.150, -0.142, 0.296,-0.105, -0.752, -0.171,0.078, -0.456, 0.063
221019,24,17,8,40,31,36,17,70,34,99,-0.204, 0.438, 0.112,0.154, 0.446, 0.110,-0.246, 0.198, 0.119,0.215, 0.190, 0.057,-0.246, -0.017, 0.252,0.270, -0.026, 0.163,-0.120, -0.024, 0.002,0.120, 0.024, -0.003,-0.090, -0.423, 0.023,0.150, -0.176, 0.280,-0.104, -0.752, -0.174,0.075, -0.459, 0.008
221019,24,17,3,43,31,36,16,53,34,83,-0.198, 0.451, 0.112,0.165, 0.450, 0.108,-0.246, 0.217, 0.115,0.219, 0.196, 0.056,-0.256, -0.001, 0.248,0.278, -0.018, 0.159,-0.120, -0.021, 0.002,0.121, 0.021, -0.003,-0.089, -0.419, 0.022,0.151, -0.237, 0.201,-0.104, -0.751, -0.176,0.074, -0.512, -0.066
221019,24,17,0,46,30,33,14,33,31,61,-0.195, 0.467, 0.112,0.171, 0.459, 0.108,-0.246, 0.235, 0.113,0.220, 0.203, 0.055,-0.272, 0.012, 0.241,0.283, -0.017, 0.148,-0.121, -0.016, 0.002,0.121, 0.016, -0.003,-0.090, -0.410, 0.008,0.149, -0.297, 0.095,-0.107, -0.750, -0.188,0.073, -0.573, -0.156
221019,24,17,16,49,28,32,11,8,26,24,-0.180, 0.475, 0.113,0.183, 0.468, 0.111,-0.246, 0.249, 0.094,0.229, 0.210, 0.055,-0.295, 0.023, 0.197,0.288, -0.013, 0.141,-0.120, -0.011, 0.003,0.120, 0.012, -0.004,-0.086, -0.408, -0.008,0.122, -0.363, -0.089,-0.117, -0.749, -0.175,0.061, -0.678, -0.315
221019,23,18,25,53,29,32,9,3,24,19,-0.165, 0.482, 0.112,0.196, 0.472, 0.112,-0.241, 0.257, 0.075,0.237, 0.215, 0.055,-0.300, 0.035, 0.161,0.292, -0.010, 0.139,-0.120, -0.008, 0.004,0.120, 0.008, -0.005,-0.092, -0.402, -0.016,0.083, -0.382, -0.100,-0.139, -0.744, -0.173,0.046, -0.703, -0.315
221020,24,18,24,55,30,31,9,3,24,20,-0.154, 0.484, 0.112,0.204, 0.472, 0.113,-0.236, 0.263, 0.075,0.245, 0.215, 0.055,-0.302, 0.045, 0.166,0.297, -0.010, 0.135,-0.119, -0.006, 0.005,0.120, 0.006, -0.006,-0.092, -0.402, -0.014,0.068, -0.383, -0.121,-0.148, -0.741, -0.164,0.020, -0.695, -0.358
221020,22,18,21,53,30,30,7,1,24,20,-0.144, 0.489, 0.105,0.211, 0.473, 0.104,-0.223, 0.265, 0.074,0.248, 0.215, 0.054,-0.300, 0.052, 0.171,0.297, -0.010, 0.135,-0.119, -0.003, 0.005,0.119, 0.003, -0.006,-0.092, -0.402, -0.026,0.053, -0.385, -0.096,-0.150, -0.741, -0.186,0.004, -0.703, -0.305
221020,21,18,20,53,30,31,7,1,22,18,-0.142, 0.490, 0.102,0.212, 0.472, 0.096,-0.220, 0.264, 0.074,0.248, 0.214, 0.047,-0.297, 0.052, 0.172,0.295, -0.010, 0.134,-0.118, -0.002, 0.008,0.119, 0.002, -0.009,-0.098, -0.401, -0.013,0.047, -0.390, -0.102,-0.178, -0.741, -0.131,-0.004, -0.713, -0.307
221020,20,18,20,50,29,32,7,1,22,17,-0.137, 0.494, 0.099,0.215, 0.472, 0.085,-0.211, 0.263, 0.075,0.247, 0.213, 0.043,-0.284, 0.054, 0.173,0.295, -0.006, 0.138,-0.118, 0.000, 0.010,0.118, 0.001, -0.011,-0.104, -0.400, -0.012,0.042, -0.392, -0.104,-0.188, -0.739, -0.130,-0.015, -0.716, -0.301
221020,19,19,19,51,30,33,7,0,21,19,-0.128, 0.494, 0.099,0.224, 0.470, 0.085,-0.205, 0.264, 0.075,0.255, 0.212, 0.042,-0.272, 0.058, 0.174,0.302, -0.004, 0.138,-0.118, 0.001, 0.010,0.118, -0.001, -0.011,-0.111, -0.400, -0.012,0.032, -0.391, -0.092,-0.194, -0.740, -0.131,-0.024, -0.718, -0.291
221020,18,20,20,49,29,33,7,1,20,18,-0.121, 0.496, 0.098,0.231, 0.468, 0.086,-0.195, 0.266, 0.074,0.265, 0.212, 0.042,-0.262, 0.060, 0.168,0.309, -0.004, 0.137,-0.117, 0.003, 0.010,0.118, -0.002, -0.011,-0.112, -0.400, -0.012,0.036, -0.392, -0.083,-0.191, -0.743, -0.131,-0.019, -0.722, -0.269
221020,16,22,20,49,29,32,12,3,24,15,-0.111, 0.496, 0.098,0.240, 0.459, 0.086,-0.182, 0.264, 0.075,0.274, 0.206, 0.043,-0.250, 0.059, 0.169,0.316, -0.011, 0.133,-0.117, 0.005, 0.009,0.118, -0.005, -0.010,-0.117, -0.390, 0.023,0.037, -0.395, -0.077,-0.189, -0.734, -0.098,-0.017, -0.727, -0.233
221020,16,22,21,54,30,30,10,6,26,16,-0.110, 0.495, 0.105,0.240, 0.447, 0.108,-0.181, 0.264, 0.077,0.276, 0.194, 0.058,-0.251, 0.058, 0.171,0.315, -0.026, 0.137,-0.117, 0.009, 0.007,0.117, -0.009, -0.008,-0.132, -0.382, 0.004,0.033, -0.398, -0.065,-0.198, -0.715, -0.159,-0.020, -0.734, -0.217
221020,16,24,18,51,31,28,54,12,73,25,-0.099, 0.479, 0.104,0.246, 0.425, 0.111,-0.173, 0.252, 0.076,0.284, 0.164, 0.064,-0.241, 0.056, 0.173,0.316, -0.058, 0.137,-0.117, 0.016, 0.004,0.117, -0.015, -0.005,-0.137, -0.249, 0.245,0.032, -0.415, -0.019,-0.187, -0.553, 0.061,-0.019, -0.755, -0.192
221020,16,25,18,52,31,25,63,15,85,27,-0.093, 0.464, 0.110,0.248, 0.410, 0.127,-0.167, 0.237, 0.081,0.288, 0.146, 0.081,-0.238, 0.043, 0.173,0.315, -0.074, 0.144,-0.117, 0.020, 0.004,0.117, -0.019, -0.005,-0.135, -0.216, 0.284,0.030, -0.420, -0.013,-0.170, -0.507, 0.076,-0.019, -0.760, -0.199
221020,17,27,14,49,28,23,83,20,104,28,-0.088, 0.446, 0.137,0.249, 0.389, 0.155,-0.160, 0.215, 0.115,0.288, 0.122, 0.113,-0.236, 0.032, 0.200,0.314, -0.092, 0.172,-0.116, 0.024, 0.004,0.117, -0.024, -0.005,-0.123, -0.128, 0.350,0.031, -0.420, -0.012,-0.150, -0.411, 0.130,-0.015, -0.757, -0.204
221020,18,27,12,49,29,24,86,20,108,29,-0.085, 0.442, 0.138,0.251, 0.388, 0.155,-0.156, 0.210, 0.119,0.288, 0.121, 0.116,-0.237, 0.028, 0.205,0.312, -0.094, 0.178,-0.116, 0.027, 0.004,0.116, -0.026, -0.005,-0.120, -0.108, 0.357,0.032, -0.421, -0.010,-0.149, -0.386, 0.129,-0.015, -0.757, -0.205
221020,17,27,13,50,29,24,87,19,109,29,-0.087, 0.444, 0.135,0.251, 0.392, 0.151,-0.153, 0.207, 0.116,0.288, 0.123, 0.111,-0.233, 0.024, 0.206,0.309, -0.094, 0.175,-0.115, 0.028, 0.004,0.116, -0.028, -0.006,-0.108, -0.101, 0.365,0.033, -0.423, -0.010,-0.142, -0.377, 0.140,-0.015, -0.759, -0.205
221020,16,27,13,52,30,25,87,19,108,29,-0.087, 0.444, 0.134,0.253, 0.391, 0.150,-0.152, 0.205, 0.114,0.288, 0.122, 0.109,-0.234, 0.020, 0.208,0.308, -0.094, 0.173,-0.115, 0.029, 0.004,0.115, -0.029, -0.006,-0.107, -0.101, 0.365,0.034, -0.424, -0.011,-0.144, -0.378, 0.147,-0.016, -0.761, -0.204
221020,16,27,13,53,30,24,84,21,106,28,-0.087, 0.443, 0.136,0.253, 0.391, 0.158,-0.151, 0.204, 0.116,0.288, 0.121, 0.117,-0.234, 0.019, 0.210,0.308, -0.093, 0.178,-0.115, 0.029, 0.004,0.115, -0.029, -0.006,-0.107, -0.122, 0.355,0.034, -0.425, -0.007,-0.145, -0.388, 0.131,-0.016, -0.766, -0.194
221020,14,26,17,52,30,23,80,20,103,26,-0.088, 0.445, 0.115,0.252, 0.396, 0.144,-0.152, 0.205, 0.088,0.288, 0.125, 0.105,-0.233, 0.020, 0.173,0.308, -0.090, 0.164,-0.115, 0.029, 0.004,0.115, -0.028, -0.005,-0.114, -0.125, 0.347,0.031, -0.424, 0.000,-0.157, -0.423, 0.118,-0.022, -0.766, -0.167
221020,13,25,22,50,30,24,46,17,62,26,-0.099, 0.456, 0.111,0.241, 0.416, 0.135,-0.159, 0.215, 0.082,0.282, 0.154, 0.093,-0.237, 0.027, 0.167,0.306, -0.062, 0.154,-0.115, 0.028, 0.003,0.115, -0.027, -0.004,-0.139, -0.260, 0.182,0.022, -0.423, -0.001,-0.202, -0.556, 0.005,-0.027, -0.766, -0.171
221020,13,24,25,48,29,25,25,13,36,23,-0.107, 0.473, 0.106,0.236, 0.433, 0.126,-0.165, 0.234, 0.073,0.279, 0.172, 0.082,-0.240, 0.037, 0.155,0.306, -0.044, 0.145,-0.115, 0.024, 0.003,0.115, -0.024, -0.004,-0.152, -0.330, 0.077,0.019, -0.415, -0.017,-0.221, -0.640, -0.066,-0.027, -0.762, -0.174
221020,12,22,31,50,30,28,9,6,28,22,-0.117, 0.485, 0.107,0.225, 0.449, 0.118,-0.166, 0.243, 0.075,0.269, 0.192, 0.068,-0.240, 0.043, 0.160,0.305, -0.025, 0.137,-0.115, 0.020, 0.003,0.115, -0.019, -0.004,-0.154, -0.381, -0.036,0.024, -0.406, -0.058,-0.216, -0.693, -0.244,-0.021, -0.736, -0.248
221020,13,21,32,49,29,29,10,5,22,21,-0.128, 0.486, 0.107,0.215, 0.454, 0.110,-0.176, 0.243, 0.075,0.262, 0.197, 0.056,-0.246, 0.043, 0.158,0.305, -0.020, 0.127,-0.115, 0.016, 0.003,0.115, -0.015, -0.004,-0.152, -0.386, -0.027,0.030, -0.403, -0.057,-0.217, -0.712, -0.192,-0.007, -0.736, -0.235
221021,15,21,33,44,29,28,9,5,20,19,-0.144, 0.484, 0.111,0.201, 0.454, 0.111,-0.192, 0.242, 0.079,0.255, 0.197, 0.059,-0.257, 0.040, 0.163,0.304, -0.016, 0.129,-0.115, 0.012, 0.003,0.115, -0.012, -0.004,-0.148, -0.393, -0.050,0.040, -0.401, -0.064,-0.210, -0.720, -0.218,0.011, -0.736, -0.235
221021,17,21,28,43,29,30,9,5,18,19,-0.155, 0.483, 0.112,0.192, 0.454, 0.116,-0.207, 0.241, 0.083,0.247, 0.198, 0.065,-0.271, 0.038, 0.169,0.304, -0.012, 0.143,-0.115, 0.011, 0.001,0.116, -0.011, -0.003,-0.145, -0.392, -0.071,0.045, -0.401, -0.061,-0.197, -0.714, -0.244,0.016, -0.736, -0.231
221021,18,20,24,44,29,31,7,5,22,18,-0.156, 0.485, 0.109,0.192, 0.458, 0.115,-0.212, 0.245, 0.082,0.246, 0.203, 0.064,-0.277, 0.038, 0.175,0.306, -0.007, 0.144,-0.115, 0.010, -0.001,0.116, -0.009, 0.000,-0.133, -0.397, -0.072,0.056, -0.399, -0.058,-0.170, -0.707, -0.269,0.030, -0.734, -0.228
221021,20,20,18,41,30,32,7,5,23,19,-0.158, 0.490, 0.106,0.191, 0.461, 0.113,-0.220, 0.256, 0.085,0.245, 0.205, 0.067,-0.284, 0.044, 0.188,0.307, -0.003, 0.158,-0.116, 0.009, -0.002,0.116, -0.008, 0.001,-0.124, -0.399, -0.064,0.071, -0.397, -0.057,-0.147, -0.712, -0.258,0.054, -0.728, -0.227
221021,22,21,12,37,30,31,8,10,26,24,-0.167, 0.490, 0.110,0.185, 0.461, 0.115,-0.227, 0.256, 0.096,0.246, 0.204, 0.071,-0.289, 0.050, 0.205,0.307, -0.005, 0.157,-0.116, 0.005, -0.002,0.116, -0.005, 0.001,-0.107, -0.406, -0.046,0.106, -0.378, -0.036,-0.118, -0.723, -0.247,0.085, -0.699, -0.219
221021,27,24,17,15,29,32,8,30,27,46,-0.174, 0.482, 0.120,0.182, 0.457, 0.123,-0.232, 0.252, 0.137,0.244, 0.199, 0.106,-0.286, 0.051, 0.275,0.303, -0.008, 0.224,-0.117, 0.001, -0.002,0.118, -0.001, 0.001,-0.095, -0.410, -0.045,0.130, -0.343, 0.086,-0.097, -0.720, -0.248,0.090, -0.658, -0.107
221021,28,24,17,14,29,30,12,51,33,65,-0.187, 0.472, 0.119,0.171, 0.451, 0.127,-0.244, 0.243, 0.136,0.238, 0.196, 0.112,-0.293, 0.047, 0.272,0.295, -0.010, 0.223,-0.118, -0.006, -0.002,0.118, 0.006, 0.001,-0.093, -0.411, -0.020,0.138, -0.256, 0.187,-0.101, -0.724, -0.246,0.094, -0.588, 0.002
221021,28,23,14,19,29,30,13,61,35,74,-0.194, 0.466, 0.119,0.162, 0.447, 0.130,-0.251, 0.235, 0.131,0.232, 0.190, 0.108,-0.296, 0.036, 0.260,0.287, -0.017, 0.214,-0.119, -0.011, -0.003,0.119, 0.012, 0.002,-0.093, -0.414, -0.012,0.139, -0.210, 0.216,-0.105, -0.728, -0.243,0.089, -0.546, 0.025
221021,27,22,2,24,28,31,17,78,38,90,-0.199, 0.457, 0.117,0.154, 0.441, 0.134,-0.258, 0.226, 0.117,0.226, 0.184, 0.106,-0.305, 0.018, 0.231,0.280, -0.024, 0.208,-0.119, -0.017, -0.003,0.119, 0.018, 0.002,-0.090, -0.418, 0.014,0.145, -0.140, 0.285,-0.104, -0.733, -0.211,0.090, -0.481, 0.094
221021,27,22,4,29,26,30,18,80,36,91,-0.206, 0.453, 0.117,0.148, 0.436, 0.144,-0.264, 0.220, 0.109,0.222, 0.179, 0.109,-0.314, 0.007, 0.209,0.277, -0.037, 0.204,-0.119, -0.020, -0.003,0.119, 0.021, 0.002,-0.089, -0.424, 0.021,0.158, -0.134, 0.286,-0.104, -0.749, -0.188,0.094, -0.473, 0.098
221021,26,21,7,34,27,30,19,87,35,96,-0.206, 0.448, 0.121,0.145, 0.434, 0.151,-0.262, 0.212, 0.108,0.216, 0.176, 0.111,-0.313, -0.005, 0.208,0.274, -0.039, 0.202,-0.119, -0.023, -0.003,0.119, 0.023, 0.002,-0.086, -0.427, 0.025,0.162, -0.103, 0.304,-0.105, -0.754, -0.171,0.108, -0.448, 0.117
221021,25,21,12,35,24,30,19,88,37,97,-0.204, 0.446, 0.121,0.147, 0.432, 0.152,-0.262, 0.210, 0.102,0.217, 0.176, 0.110,-0.314, -0.012, 0.188,0.275, -0.041, 0.197,-0.119, -0.024, -0.003,0.119, 0.024, 0.002,-0.083, -0.428, 0.031,0.162, -0.100, 0.311,-0.102, -0.754, -0.172,0.114, -0.447, 0.122
221021,25,21,13,36,25,30,19,88,37,96,-0.204, 0.444, 0.121,0.146, 0.431, 0.151,-0.261, 0.208, 0.102,0.215, 0.174, 0.109,-0.311, -0.014, 0.191,0.273, -0.041, 0.195,-0.119, -0.025, -0.003,0.119, 0.025, 0.002,-0.083, -0.428, 0.030,0.159, -0.100, 0.311,-0.103, -0.754, -0.174,0.112, -0.452, 0.128
221021,25,21,14,36,25,29,19,77,37,86,-0.204, 0.445, 0.121,0.148, 0.431, 0.151,-0.261, 0.208, 0.102,0.216, 0.174, 0.109,-0.305, -0.011, 0.189,0.274, -0.040, 0.194,-0.119, -0.025, -0.003,0.119, 0.025, 0.002,-0.084, -0.427, 0.029,0.158, -0.155, 0.272,-0.098, -0.752, -0.176,0.108, -0.492, 0.083
221021,25,20,14,38,25,29,17,61,35,74,-0.201, 0.451, 0.122,0.155, 0.439, 0.149,-0.258, 0.216, 0.103,0.219, 0.183, 0.105,-0.300, -0.010, 0.191,0.281, -0.037, 0.187,-0.119, -0.023, -0.003,0.120, 0.023, 0.002,-0.083, -0.426, 0.013,0.157, -0.210, 0.208,-0.092, -0.753, -0.198,0.100, -0.533, 0.013
221021,23,20,14,41,24,25,17,44,36,59,-0.191, 0.467, 0.121,0.168, 0.443, 0.144,-0.248, 0.230, 0.102,0.226, 0.191, 0.100,-0.294, 0.001, 0.185,0.286, -0.027, 0.163,-0.119, -0.017, -0.004,0.120, 0.017, 0.003,-0.081, -0.424, 0.014,0.159, -0.289, 0.140,-0.086, -0.752, -0.203,0.097, -0.589, -0.059
221021,23,20,19,44,24,25,13,24,33,39,-0.182, 0.470, 0.127,0.177, 0.450, 0.144,-0.245, 0.239, 0.100,0.231, 0.198, 0.097,-0.296, 0.007, 0.179,0.292, -0.022, 0.159,-0.119, -0.012, -0.003,0.120, 0.012, 0.002,-0.080, -0.421, -0.012,0.136, -0.342, 0.033,-0.087, -0.748, -0.232,0.072, -0.660, -0.168
221022,23,19,28,53,28,28,9,10,27,23,-0.165, 0.475, 0.121,0.191, 0.459, 0.136,-0.240, 0.249, 0.076,0.239, 0.208, 0.075,-0.304, 0.017, 0.153,0.300, -0.010, 0.134,-0.119, -0.006, -0.003,0.119, 0.007, 0.002,-0.086, -0.412, -0.035,0.100, -0.378, -0.053,-0.110, -0.742, -0.235,0.049, -0.703, -0.253
221022,23,19,30,57,28,29,8,9,27,23,-0.150, 0.477, 0.114,0.203, 0.460, 0.134,-0.233, 0.252, 0.060,0.248, 0.209, 0.073,-0.306, 0.024, 0.127,0.308, -0.008, 0.134,-0.119, -0.003, -0.003,0.119, 0.003, 0.002,-0.096, -0.407, -0.039,0.073, -0.385, -0.051,-0.122, -0.733, -0.238,0.032, -0.708, -0.250
221022,20,19,31,53,29,30,6,5,25,20,-0.143, 0.480, 0.112,0.209, 0.460, 0.122,-0.219, 0.251, 0.062,0.248, 0.208, 0.073,-0.301, 0.028, 0.137,0.308, -0.009, 0.151,-0.118, 0.000, -0.002,0.119, 0.000, 0.001,-0.098, -0.407, -0.048,0.055, -0.391, -0.067,-0.144, -0.735, -0.234,0.019, -0.720, -0.254
221022,20,20,27,49,27,32,6,4,22,20,-0.134, 0.484, 0.106,0.219, 0.459, 0.112,-0.210, 0.254, 0.065,0.253, 0.208, 0.072,-0.291, 0.039, 0.139,0.309, 0.001, 0.160,-0.118, 0.003, -0.001,0.118, -0.003, 0.000,-0.116, -0.403, -0.047,0.042, -0.390, -0.062,-0.174, -0.734, -0.218,0.004, -0.719, -0.243
221022,20,22,21,45,26,30,16,4,26,17,-0.125, 0.484, 0.094,0.224, 0.457, 0.093,-0.205, 0.254, 0.064,0.265, 0.208, 0.050,-0.282, 0.039, 0.143,0.320, 0.001, 0.131,-0.118, 0.006, -0.001,0.118, -0.005, 0.000,-0.133, -0.389, 0.029,0.027, -0.397, -0.045,-0.189, -0.729, -0.101,-0.023, -0.741, -0.193
221022,19,22,20,49,26,29,15,6,26,17,-0.118, 0.484, 0.096,0.229, 0.450, 0.098,-0.198, 0.254, 0.065,0.271, 0.203, 0.049,-0.276, 0.041, 0.145,0.325, -0.002, 0.116,-0.117, 0.009, -0.001,0.118, -0.008, 0.000,-0.139, -0.379, 0.021,0.022, -0.401, -0.034,-0.197, -0.717, -0.121,-0.033, -0.745, -0.177
221022,18,23,20,50,26,29,23,8,32,17,-0.110, 0.484, 0.097,0.233, 0.440, 0.105,-0.192, 0.253, 0.065,0.277, 0.189, 0.054,-0.274, 0.041, 0.142,0.327, -0.017, 0.121,-0.117, 0.011, -0.001,0.117, -0.011, 0.000,-0.142, -0.358, 0.072,0.020, -0.405, -0.030,-0.197, -0.689, -0.057,-0.035, -0.751, -0.168
221022,17,24,23,53,27,27,60,11,73,21,-0.100, 0.475, 0.086,0.238, 0.424, 0.106,-0.182, 0.246, 0.044,0.281, 0.165, 0.056,-0.265, 0.041, 0.115,0.326, -0.054, 0.120,-0.117, 0.018, -0.002,0.117, -0.018, 0.001,-0.143, -0.220, 0.274,0.021, -0.417, -0.009,-0.190, -0.546, 0.128,-0.031, -0.764, -0.157
221022,16,24,24,55,28,25,67,14,86,23,-0.094, 0.462, 0.101,0.245, 0.411, 0.120,-0.172, 0.235, 0.060,0.285, 0.150, 0.069,-0.256, 0.035, 0.135,0.326, -0.076, 0.126,-0.116, 0.021, -0.001,0.117, -0.021, 0.000,-0.135, -0.203, 0.311,0.023, -0.425, -0.007,-0.160, -0.495, 0.124,-0.033, -0.772, -0.166
221022,16,25,19,57,30,24,81,17,102,25,-0.091, 0.450, 0.120,0.247, 0.397, 0.139,-0.166, 0.219, 0.088,0.285, 0.130, 0.087,-0.251, 0.027, 0.172,0.318, -0.089, 0.142,-0.116, 0.024, -0.001,0.116, -0.024, -0.001,-0.124, -0.139, 0.358,0.025, -0.427, -0.005,-0.147, -0.413, 0.153,-0.030, -0.773, -0.173
221022,18,26,14,54,30,24,91,18,109,26,-0.091, 0.442, 0.131,0.246, 0.389, 0.145,-0.162, 0.207, 0.110,0.284, 0.119, 0.096,-0.248, 0.019, 0.203,0.305, -0.106, 0.152,-0.115, 0.027, 0.001,0.115, -0.027, -0.003,-0.101, -0.079, 0.372,0.026, -0.430, -0.007,-0.141, -0.358, 0.175,-0.031, -0.776, -0.183
221022,18,26,15,55,30,24,93,20,111,27,-0.091, 0.436, 0.139,0.245, 0.384, 0.153,-0.159, 0.202, 0.117,0.283, 0.114, 0.102,-0.247, 0.014, 0.209,0.296, -0.113, 0.157,-0.114, 0.029, 0.003,0.114, -0.029, -0.004,-0.088, -0.073, 0.379,0.026, -0.433, -0.008,-0.141, -0.348, 0.180,-0.031, -0.776, -0.190
221022,18,26,14,55,29,24,91,20,109,27,-0.091, 0.436, 0.139,0.245, 0.385, 0.155,-0.159, 0.200, 0.118,0.283, 0.116, 0.106,-0.246, 0.009, 0.209,0.295, -0.111, 0.161,-0.114, 0.029, 0.003,0.114, -0.029, -0.004,-0.090, -0.090, 0.376,0.027, -0.433, -0.007,-0.139, -0.356, 0.179,-0.032, -0.780, -0.189
221022,18,26,13,57,29,24,91,20,106,27,-0.088, 0.433, 0.142,0.248, 0.383, 0.157,-0.153, 0.194, 0.123,0.282, 0.114, 0.108,-0.240, 0.002, 0.218,0.296, -0.111, 0.165,-0.113, 0.030, 0.003,0.114, -0.030, -0.004,-0.089, -0.089, 0.377,0.027, -0.434, -0.007,-0.138, -0.373, 0.184,-0.032, -0.782, -0.190
221022,15,26,14,56,30,23,85,20,102,26,-0.089, 0.436, 0.121,0.249, 0.387, 0.144,-0.152, 0.196, 0.100,0.283, 0.118, 0.100,-0.239, 0.003, 0.197,0.298, -0.108, 0.158,-0.113, 0.030, 0.002,0.114, -0.030, -0.003,-0.099, -0.105, 0.363,0.027, -0.433, 0.004,-0.139, -0.388, 0.180,-0.032, -0.781, -0.166
221022,12,25,22,54,26,21,69,17,80,24,-0.089, 0.451, 0.097,0.250, 0.399, 0.123,-0.152, 0.209, 0.064,0.283, 0.135, 0.083,-0.237, 0.010, 0.134,0.303, -0.090, 0.135,-0.113, 0.030, 0.001,0.114, -0.030, -0.002,-0.122, -0.175, 0.310,0.025, -0.428, 0.008,-0.164, -0.491, 0.167,-0.036, -0.775, -0.140
221022,12,24,30,53,26,23,51,15,57,24,-0.096, 0.465, 0.090,0.244, 0.417, 0.112,-0.159, 0.224, 0.048,0.280, 0.155, 0.070,-0.238, 0.021, 0.110,0.302, -0.066, 0.125,-0.114, 0.026, 0.001,0.114, -0.026, -0.002,-0.143, -0.264, 0.246,0.022, -0.413, 0.004,-0.185, -0.605, 0.137,-0.036, -0.752, -0.146
221022,13,23,29,51,28,23,45,13,50,23,-0.103, 0.473, 0.092,0.236, 0.425, 0.114,-0.165, 0.233, 0.052,0.277, 0.164, 0.069,-0.238, 0.025, 0.126,0.302, -0.058, 0.123,-0.114, 0.024, 0.000,0.115, -0.023, -0.001,-0.145, -0.307, 0.226,0.021, -0.411, -0.007,-0.197, -0.646, 0.127,-0.037, -0.748, -0.156
221022,12,22,30,52,28,24,10,10,25,23,-0.117, 0.485, 0.093,0.223, 0.441, 0.116,-0.171, 0.244, 0.056,0.266, 0.182, 0.068,-0.245, 0.037, 0.132,0.301, -0.038, 0.125,-0.114, 0.020, 0.000,0.115, -0.019, -0.001,-0.145, -0.390, -0.015,0.021, -0.406, -0.026,-0.203, -0.718, -0.187,-0.036, -0.741, -0.196
221023,13,20,36,51,29,25,9,8,21,22,-0.138, 0.487, 0.100,0.208, 0.449, 0.117,-0.183, 0.243, 0.062,0.251, 0.193, 0.067,-0.253, 0.037, 0.143,0.299, -0.026, 0.126,-0.115, 0.016, -0.001,0.115, -0.015, 0.000,-0.144, -0.397, -0.044,0.023, -0.401, -0.040,-0.200, -0.727, -0.214,-0.032, -0.734, -0.215
221023,15,20,36,51,29,26,10,8,19,21,-0.146, 0.484, 0.107,0.200, 0.448, 0.120,-0.196, 0.242, 0.066,0.246, 0.193, 0.067,-0.263, 0.035, 0.143,0.299, -0.025, 0.128,-0.115, 0.012, -0.002,0.115, -0.012, 0.000,-0.143, -0.400, -0.039,0.028, -0.398, -0.039,-0.197, -0.740, -0.190,-0.019, -0.732, -0.210
221023,16,20,34,51,29,27,9,8,20,21,-0.147, 0.483, 0.107,0.200, 0.451, 0.120,-0.199, 0.241, 0.067,0.247, 0.197, 0.065,-0.269, 0.034, 0.144,0.299, -0.021, 0.129,-0.115, 0.011, -0.002,0.115, -0.010, 0.001,-0.135, -0.400, -0.041,0.034, -0.398, -0.041,-0.189, -0.737, -0.197,-0.009, -0.733, -0.210
221023,16,20,33,53,29,29,9,8,18,20,-0.149, 0.483, 0.107,0.199, 0.452, 0.125,-0.203, 0.241, 0.068,0.245, 0.197, 0.069,-0.280, 0.034, 0.145,0.299, -0.022, 0.140,-0.115, 0.009, -0.004,0.116, -0.009, 0.003,-0.130, -0.405, -0.049,0.044, -0.398, -0.039,-0.177, -0.744, -0.199,0.002, -0.733, -0.209
221023,18,20,29,49,29,29,8,8,17,20,-0.152, 0.484, 0.106,0.194, 0.452, 0.126,-0.211, 0.245, 0.068,0.246, 0.196, 0.073,-0.291, 0.037, 0.149,0.300, -0.020, 0.145,-0.115, 0.008, -0.006,0.116, -0.008, 0.004,-0.122, -0.406, -0.053,0.054, -0.397, -0.038,-0.160, -0.746, -0.199,0.019, -0.734, -0.202
221023,19,21,20,37,28,26,10,8,19,18,-0.162, 0.490, 0.098,0.184, 0.456, 0.114,-0.219, 0.248, 0.074,0.244, 0.197, 0.072,-0.291, 0.046, 0.162,0.299, -0.013, 0.142,-0.115, 0.007, -0.006,0.116, -0.007, 0.004,-0.111, -0.403, -0.029,0.071, -0.391, -0.027,-0.132, -0.749, -0.175,0.041, -0.725, -0.169
221023,22,22,14,32,27,25,10,17,23,29,-0.176, 0.489, 0.108,0.177, 0.455, 0.133,-0.236, 0.249, 0.088,0.242, 0.196, 0.098,-0.307, 0.045, 0.176,0.298, -0.015, 0.169,-0.116, 0.004, -0.006,0.116, -0.004, 0.005,-0.096, -0.414, -0.033,0.102, -0.368, 0.011,-0.106, -0.753, -0.206,0.056, -0.691, -0.161
221023,23,24,9,27,24,24,18,48,36,58,-0.183, 0.478, 0.108,0.172, 0.445, 0.137,-0.244, 0.238, 0.093,0.242, 0.192, 0.107,-0.309, 0.032, 0.175,0.297, -0.015, 0.176,-0.117, -0.001, -0.006,0.117, 0.002, 0.005,-0.091, -0.410, 0.026,0.123, -0.285, 0.179,-0.099, -0.745, -0.182,0.053, -0.615, 0.012
221023,26,24,10,34,23,26,18,69,36,80,-0.199, 0.465, 0.111,0.159, 0.438, 0.154,-0.262, 0.232, 0.091,0.236, 0.189, 0.114,-0.328, 0.019, 0.167,0.294, -0.024, 0.184,-0.117, -0.010, -0.007,0.118, 0.010, 0.006,-0.093, -0.417, 0.022,0.119, -0.195, 0.251,-0.107, -0.750, -0.183,0.054, -0.521, 0.062
221023,26,23,17,37,26,28,20,74,35,82,-0.207, 0.452, 0.120,0.151, 0.431, 0.167,-0.267, 0.218, 0.092,0.227, 0.182, 0.123,-0.330, 0.000, 0.172,0.289, -0.035, 0.200,-0.118, -0.015, -0.007,0.118, 0.015, 0.006,-0.094, -0.424, 0.020,0.111, -0.175, 0.260,-0.110, -0.756, -0.179,0.050, -0.507, 0.070
221023,26,24,16,36,25,27,21,90,35,95,-0.206, 0.447, 0.120,0.152, 0.427, 0.164,-0.268, 0.212, 0.093,0.228, 0.181, 0.121,-0.332, -0.010, 0.174,0.289, -0.036, 0.195,-0.118, -0.020, -0.007,0.118, 0.020, 0.006,-0.091, -0.427, 0.030,0.118, -0.097, 0.312,-0.106, -0.759, -0.159,0.053, -0.461, 0.135
221023,26,23,16,35,24,27,20,90,35,96,-0.209, 0.444, 0.119,0.148, 0.426, 0.162,-0.270, 0.210, 0.093,0.226, 0.179, 0.119,-0.331, -0.016, 0.170,0.285, -0.041, 0.191,-0.118, -0.022, -0.007,0.118, 0.022, 0.005,-0.085, -0.430, 0.029,0.120, -0.092, 0.314,-0.108, -0.765, -0.158,0.067, -0.448, 0.136
221023,26,23,17,36,24,27,20,93,35,99,-0.208, 0.440, 0.119,0.147, 0.424, 0.161,-0.268, 0.203, 0.093,0.224, 0.174, 0.117,-0.323, -0.024, 0.169,0.283, -0.046, 0.188,-0.118, -0.024, -0.006,0.118, 0.024, 0.005,-0.086, -0.432, 0.028,0.117, -0.076, 0.324,-0.112, -0.765, -0.159,0.071, -0.437, 0.144
221023,24,23,18,37,25,27,21,92,35,99,-0.207, 0.434, 0.123,0.148, 0.422, 0.160,-0.260, 0.194, 0.099,0.224, 0.168, 0.114,-0.300, -0.030, 0.182,0.280, -0.047, 0.187,-0.118, -0.024, -0.006,0.119, 0.024, 0.005,-0.087, -0.431, 0.028,0.113, -0.088, 0.335,-0.112, -0.762, -0.165,0.070, -0.444, 0.144
221023,23,22,22,37,26,28,21,88,37,95,-0.207, 0.434, 0.124,0.149, 0.421, 0.159,-0.256, 0.195, 0.098,0.224, 0.166, 0.113,-0.286, -0.029, 0.181,0.280, -0.046, 0.185,-0.119, -0.024, -0.006,0.119, 0.024, 0.005,-0.087, -0.430, 0.029,0.111, -0.111, 0.319,-0.111, -0.757, -0.171,0.068, -0.463, 0.123
221023,22,22,28,39,26,27,20,71,39,84,-0.204, 0.440, 0.122,0.159, 0.423, 0.158,-0.253, 0.201, 0.089,0.229, 0.168, 0.110,-0.284, -0.028, 0.165,0.288, -0.044, 0.178,-0.119, -0.021, -0.006,0.119, 0.022, 0.005,-0.088, -0.428, 0.024,0.120, -0.202, 0.281,-0.107, -0.757, -0.202,0.060, -0.520, 0.075
221023,21,21,28,39,25,28,17,58,41,71,-0.198, 0.449, 0.118,0.166, 0.433, 0.141,-0.246, 0.210, 0.088,0.229, 0.177, 0.095,-0.275, -0.020, 0.165,0.289, -0.032, 0.167,-0.119, -0.019, -0.006,0.120, 0.019, 0.004,-0.087, -0.423, 0.013,0.122, -0.245, 0.225,-0.103, -0.741, -0.234,0.051, -0.571, 0.030
221023,21,19,22,40,25,26,13,30,37,45,-0.185, 0.470, 0.112,0.174, 0.448, 0.121,-0.239, 0.232, 0.088,0.230, 0.192, 0.075,-0.272, 0.001, 0.170,0.294, -0.011, 0.134,-0.119, -0.012, -0.005,0.120, 0.012, 0.003,-0.086, -0.416, -0.006,0.123, -0.332, 0.092,-0.102, -0.731, -0.243,0.051, -0.658, -0.092
221023,20,18,29,48,28,27,10,14,34,31,-0.177, 0.480, 0.106,0.176, 0.459, 0.112,-0.235, 0.248, 0.073,0.230, 0.202, 0.053,-0.274, 0.015, 0.160,0.295, -0.003, 0.107,-0.119, -0.008, -0.003,0.119, 0.008, 0.002,-0.085, -0.410, -0.020,0.116, -0.367, -0.005,-0.103, -0.721, -0.247,0.043, -0.701, -0.204
221024,20,18,23,54,25,26,5,12,27,23,-0.160, 0.484, 0.093,0.191, 0.460, 0.110,-0.227, 0.249, 0.061,0.235, 0.205, 0.055,-0.275, 0.019, 0.134,0.297, -0.002, 0.106,-0.118, -0.002, -0.003,0.119, 0.003, 0.002,-0.089, -0.402, -0.044,0.098, -0.381, -0.009,-0.122, -0.723, -0.237,0.042, -0.721, -0.169
221024,21,18,18,53,23,25,5,11,23,22,-0.149, 0.488, 0.088,0.202, 0.461, 0.105,-0.225, 0.252, 0.058,0.242, 0.206, 0.055,-0.278, 0.026, 0.127,0.298, -0.003, 0.109,-0.118, 0.001, -0.003,0.118, -0.001, 0.002,-0.099, -0.390, -0.036,0.080, -0.385, -0.010,-0.134, -0.720, -0.205,0.036, -0.724, -0.166
221024,21,18,17,55,23,25,3,4,22,17,-0.140, 0.490, 0.088,0.208, 0.460, 0.106,-0.218, 0.255, 0.059,0.244, 0.205, 0.057,-0.281, 0.035, 0.128,0.298, -0.004, 0.112,-0.117, 0.004, -0.002,0.118, -0.004, 0.001,-0.101, -0.389, -0.052,0.060, -0.389, -0.061,-0.148, -0.717, -0.224,0.013, -0.719, -0.230
221024,20,18,8,56,24,26,4,4,18,16,-0.135, 0.491, 0.088,0.213, 0.460, 0.104,-0.208, 0.253, 0.073,0.245, 0.204, 0.059,-0.281, 0.038, 0.159,0.297, -0.008, 0.121,-0.117, 0.006, -0.001,0.117, -0.006, 0.000,-0.119, -0.385, -0.048,0.041, -0.393, -0.053,-0.170, -0.718, -0.192,-0.002, -0.728, -0.204
221024,22,19,0,48,22,27,6,5,18,15,-0.130, 0.492, 0.103,0.218, 0.460, 0.105,-0.206, 0.253, 0.102,0.252, 0.204, 0.066,-0.281, 0.046, 0.192,0.298, -0.008, 0.138,-0.117, 0.008, 0.003,0.117, -0.007, -0.004,-0.124, -0.384, -0.034,0.036, -0.395, -0.058,-0.181, -0.720, -0.170,-0.013, -0.731, -0.202
221024,21,23,3,39,22,26,13,7,21,15,-0.119, 0.492, 0.103,0.227, 0.458, 0.103,-0.199, 0.252, 0.098,0.272, 0.202, 0.066,-0.279, 0.045, 0.185,0.312, -0.009, 0.138,-0.116, 0.010, 0.003,0.117, -0.010, -0.004,-0.141, -0.371, 0.011,0.030, -0.398, -0.037,-0.198, -0.715, -0.114,-0.022, -0.742, -0.159
221024,20,25,9,38,24,26,23,10,31,17,-0.114, 0.491, 0.102,0.234, 0.450, 0.109,-0.198, 0.252, 0.086,0.287, 0.195, 0.069,-0.281, 0.044, 0.169,0.324, -0.018, 0.138,-0.116, 0.012, 0.002,0.117, -0.012, -0.003,-0.151, -0.348, 0.075,0.024, -0.402, -0.026,-0.207, -0.681, -0.044,-0.025, -0.751, -0.156
221024,17,25,19,42,27,26,46,10,66,19,-0.106, 0.484, 0.091,0.240, 0.444, 0.104,-0.183, 0.248, 0.059,0.288, 0.184, 0.063,-0.273, 0.043, 0.141,0.323, -0.034, 0.134,-0.116, 0.015, 0.002,0.116, -0.015, -0.003,-0.158, -0.259, 0.200,0.021, -0.409, -0.021,-0.199, -0.566, 0.012,-0.030, -0.754, -0.160
221024,14,25,25,46,28,25,57,12,76,22,-0.103, 0.475, 0.090,0.241, 0.431, 0.109,-0.173, 0.240, 0.051,0.287, 0.169, 0.067,-0.266, 0.041, 0.125,0.322, -0.060, 0.133,-0.116, 0.018, 0.001,0.116, -0.018, -0.002,-0.153, -0.222, 0.256,0.019, -0.415, -0.007,-0.187, -0.526, 0.079,-0.038, -0.761, -0.154
221024,13,26,26,49,30,23,74,17,102,24,-0.092, 0.460, 0.112,0.248, 0.409, 0.138,-0.159, 0.227, 0.072,0.292, 0.144, 0.094,-0.252, 0.034, 0.150,0.322, -0.084, 0.153,-0.116, 0.023, 0.001,0.116, -0.022, -0.002,-0.135, -0.166, 0.335,0.022, -0.422, -0.006,-0.156, -0.422, 0.105,-0.035, -0.768, -0.169
221024,14,27,23,50,30,24,85,18,109,27,-0.092, 0.445, 0.127,0.247, 0.395, 0.146,-0.158, 0.209, 0.094,0.290, 0.126, 0.099,-0.248, 0.021, 0.176,0.314, -0.102, 0.159,-0.116, 0.025, 0.002,0.116, -0.025, -0.004,-0.104, -0.120, 0.378,0.022, -0.427, -0.009,-0.145, -0.375, 0.157,-0.033, -0.769, -0.195
221024,15,26,19,51,31,24,88,18,109,27,-0.090, 0.443, 0.128,0.249, 0.391, 0.145,-0.156, 0.207, 0.101,0.289, 0.123, 0.098,-0.243, 0.019, 0.191,0.309, -0.105, 0.158,-0.115, 0.027, 0.003,0.115, -0.027, -0.004,-0.098, -0.100, 0.377,0.024, -0.428, -0.008,-0.143, -0.370, 0.167,-0.032, -0.771, -0.194
221024,15,26,16,53,30,24,86,19,107,27,-0.086, 0.441, 0.128,0.251, 0.390, 0.147,-0.149, 0.202, 0.105,0.287, 0.121, 0.102,-0.229, 0.010, 0.199,0.301, -0.104, 0.164,-0.115, 0.028, 0.003,0.115, -0.028, -0.004,-0.100, -0.113, 0.377,0.025, -0.429, -0.008,-0.137, -0.385, 0.165,-0.031, -0.772, -0.191
221024,14,24,15,59,31,24,83,18,103,27,-0.085, 0.442, 0.115,0.251, 0.393, 0.135,-0.147, 0.202, 0.094,0.279, 0.124, 0.094,-0.228, 0.008, 0.196,0.291, -0.100, 0.157,-0.114, 0.029, 0.002,0.115, -0.029, -0.003,-0.094, -0.117, 0.365,0.026, -0.429, -0.004,-0.136, -0.400, 0.165,-0.031, -0.773, -0.183
221024,12,24,21,60,29,22,77,18,92,26,-0.085, 0.443, 0.108,0.251, 0.394, 0.134,-0.148, 0.203, 0.077,0.279, 0.126, 0.092,-0.230, 0.009, 0.158,0.288, -0.097, 0.146,-0.114, 0.029, 0.002,0.115, -0.029, -0.003,-0.095, -0.144, 0.344,0.025, -0.428, 0.002,-0.153, -0.457, 0.168,-0.036, -0.772, -0.166
221024,11,23,23,62,25,21,60,17,67,24,-0.086, 0.453, 0.102,0.250, 0.403, 0.126,-0.148, 0.207, 0.070,0.276, 0.135, 0.084,-0.232, 0.009, 0.136,0.286, -0.086, 0.133,-0.114, 0.028, 0.002,0.115, -0.028, -0.003,-0.109, -0.230, 0.282,0.023, -0.423, 0.002,-0.168, -0.571, 0.159,-0.038, -0.766, -0.153
221024,11,21,25,67,24,21,45,12,44,20,-0.090, 0.472, 0.088,0.248, 0.422, 0.106,-0.154, 0.224, 0.053,0.272, 0.155, 0.056,-0.236, 0.016, 0.117,0.283, -0.068, 0.098,-0.114, 0.024, 0.003,0.115, -0.023, -0.004,-0.112, -0.300, 0.222,0.023, -0.411, -0.012,-0.178, -0.665, 0.163,-0.042, -0.751, -0.150
221024,13,20,25,64,25,23,32,7,41,22,-0.096, 0.489, 0.088,0.243, 0.436, 0.101,-0.162, 0.249, 0.054,0.269, 0.170, 0.053,-0.245, 0.033, 0.124,0.281, -0.054, 0.105,-0.114, 0.020, 0.004,0.115, -0.020, -0.005,-0.119, -0.349, 0.155,0.022, -0.408, -0.042,-0.187, -0.684, 0.047,-0.042, -0.740, -0.220
221024,14,20,34,59,28,29,13,7,27,21,-0.117, 0.487, 0.114,0.223, 0.440, 0.115,-0.176, 0.247, 0.074,0.258, 0.177, 0.056,-0.258, 0.035, 0.149,0.280, -0.048, 0.125,-0.115, 0.016, 0.004,0.115, -0.015, -0.005,-0.124, -0.398, 0.004,0.025, -0.404, -0.050,-0.189, -0.730, -0.159,-0.037, -0.733, -0.231
221024,16,19,34,57,28,31,10,8,23,21,-0.134, 0.487, 0.121,0.209, 0.443, 0.122,-0.194, 0.248, 0.080,0.248, 0.184, 0.061,-0.269, 0.036, 0.157,0.280, -0.041, 0.137,-0.115, 0.013, 0.003,0.115, -0.012, -0.004,-0.124, -0.407, -0.027,0.029, -0.400, -0.051,-0.186, -0.742, -0.193,-0.027, -0.729, -0.229
221025,19,19,31,57,29,32,10,9,19,21,-0.149, 0.487, 0.127,0.201, 0.444, 0.135,-0.216, 0.251, 0.083,0.244, 0.188, 0.070,-0.295, 0.037, 0.162,0.285, -0.038, 0.146,-0.115, 0.010, 0.001,0.115, -0.010, -0.003,-0.124, -0.406, -0.038,0.043, -0.397, -0.049,-0.178, -0.747, -0.191,0.003, -0.728, -0.223
221025,21,19,28,57,28,32,9,8,21,20,-0.151, 0.487, 0.125,0.198, 0.448, 0.136,-0.225, 0.256, 0.083,0.242, 0.190, 0.072,-0.305, 0.038, 0.162,0.288, -0.034, 0.149,-0.115, 0.008, 0.001,0.116, -0.008, -0.002,-0.113, -0.409, -0.043,0.052, -0.396, -0.059,-0.160, -0.745, -0.211,0.011, -0.722, -0.242
221025,22,19,29,56,29,32,9,8,25,21,-0.154, 0.489, 0.120,0.196, 0.449, 0.135,-0.227, 0.260, 0.074,0.243, 0.192, 0.071,-0.309, 0.041, 0.155,0.294, -0.028, 0.146,-0.116, 0.007, 0.000,0.116, -0.007, -0.001,-0.110, -0.407, -0.040,0.068, -0.390, -0.058,-0.144, -0.735, -0.232,0.025, -0.709, -0.242
221025,24,21,11,41,27,28,12,35,27,44,-0.164, 0.489, 0.117,0.187, 0.447, 0.134,-0.236, 0.261, 0.099,0.243, 0.191, 0.088,-0.306, 0.050, 0.193,0.298, -0.025, 0.162,-0.116, 0.004, -0.001,0.116, -0.004, 0.000,-0.096, -0.411, -0.013,0.102, -0.340, 0.113,-0.115, -0.738, -0.189,0.044, -0.661, -0.042
221025,25,23,1,25,28,29,18,55,37,62,-0.177, 0.488, 0.114,0.174, 0.442, 0.130,-0.242, 0.258, 0.112,0.240, 0.185, 0.102,-0.306, 0.056, 0.225,0.296, -0.020, 0.192,-0.117, -0.001, -0.002,0.117, 0.001, 0.001,-0.085, -0.408, 0.033,0.126, -0.264, 0.210,-0.093, -0.732, -0.169,0.058, -0.604, 0.066
221025,26,23,7,22,27,28,16,57,39,68,-0.184, 0.482, 0.103,0.170, 0.441, 0.120,-0.246, 0.254, 0.108,0.240, 0.185, 0.095,-0.303, 0.055, 0.221,0.293, -0.021, 0.184,-0.118, -0.005, -0.002,0.118, 0.005, 0.001,-0.082, -0.410, 0.028,0.127, -0.241, 0.218,-0.090, -0.729, -0.196,0.059, -0.579, 0.048
221025,28,23,0,31,24,28,17,68,37,79,-0.200, 0.471, 0.109,0.156, 0.437, 0.138,-0.269, 0.250, 0.102,0.234, 0.185, 0.099,-0.312, 0.040, 0.188,0.289, -0.032, 0.180,-0.119, -0.011, -0.002,0.119, 0.011, 0.001,-0.084, -0.422, 0.028,0.141, -0.199, 0.250,-0.097, -0.752, -0.183,0.067, -0.531, 0.066
221025,27,22,3,33,23,28,19,83,38,91,-0.206, 0.457, 0.111,0.147, 0.432, 0.141,-0.269, 0.232, 0.101,0.225, 0.180, 0.099,-0.310, 0.015, 0.186,0.283, -0.041, 0.178,-0.119, -0.018, -0.002,0.119, 0.018, 0.001,-0.085, -0.428, 0.038,0.151, -0.125, 0.298,-0.101, -0.758, -0.168,0.074, -0.483, 0.124
221025,27,22,1,31,22,27,19,86,35,92,-0.208, 0.456, 0.106,0.148, 0.432, 0.135,-0.270, 0.227, 0.100,0.225, 0.181, 0.096,-0.308, 0.007, 0.184,0.283, -0.040, 0.172,-0.119, -0.021, -0.002,0.119, 0.022, 0.001,-0.085, -0.430, 0.040,0.151, -0.100, 0.303,-0.098, -0.768, -0.144,0.084, -0.464, 0.147
221025,26,22,2,30,23,27,19,84,35,91,-0.209, 0.453, 0.106,0.145, 0.432, 0.135,-0.268, 0.219, 0.099,0.225, 0.181, 0.095,-0.293, -0.002, 0.184,0.282, -0.040, 0.172,-0.119, -0.023, -0.002,0.119, 0.023, 0.001,-0.085, -0.430, 0.040,0.147, -0.113, 0.302,-0.100, -0.768, -0.145,0.088, -0.471, 0.134
221025,27,22,0,30,26,27,20,83,36,90,-0.208, 0.446, 0.110,0.145, 0.431, 0.135,-0.267, 0.207, 0.105,0.224, 0.178, 0.095,-0.277, -0.010, 0.200,0.277, -0.040, 0.172,-0.119, -0.024, -0.002,0.119, 0.024, 0.000,-0.085, -0.430, 0.043,0.144, -0.114, 0.300,-0.100, -0.766, -0.145,0.085, -0.479, 0.134
221025,25,22,4,30,27,28,20,80,37,87,-0.207, 0.447, 0.109,0.146, 0.432, 0.135,-0.260, 0.208, 0.101,0.226, 0.178, 0.095,-0.265, -0.009, 0.198,0.277, -0.036, 0.172,-0.119, -0.023, -0.003,0.119, 0.023, 0.001,-0.086, -0.426, 0.040,0.134, -0.132, 0.293,-0.096, -0.759, -0.162,0.080, -0.492, 0.121
221025,23,22,14,33,27,28,18,72,39,82,-0.204, 0.448, 0.109,0.154, 0.432, 0.137,-0.252, 0.209, 0.093,0.229, 0.178, 0.096,-0.262, -0.009, 0.181,0.281, -0.035, 0.172,-0.119, -0.023, -0.004,0.119, 0.023, 0.002,-0.083, -0.426, 0.026,0.133, -0.183, 0.284,-0.091, -0.758, -0.202,0.078, -0.521, 0.101
221025,21,22,12,34,25,26,17,52,39,63,-0.190, 0.454, 0.106,0.168, 0.436, 0.133,-0.237, 0.214, 0.092,0.233, 0.185, 0.095,-0.258, -0.008, 0.179,0.287, -0.025, 0.164,-0.119, -0.018, -0.004,0.119, 0.018, 0.003,-0.078, -0.419, 0.027,0.134, -0.270, 0.202,-0.086, -0.745, -0.194,0.066, -0.596, 0.027
221025,22,21,9,38,25,24,12,23,34,36,-0.175, 0.470, 0.106,0.178, 0.451, 0.130,-0.232, 0.233, 0.092,0.236, 0.201, 0.089,-0.263, 0.004, 0.182,0.294, -0.006, 0.148,-0.119, -0.010, -0.004,0.119, 0.010, 0.003,-0.077, -0.412, -0.006,0.131, -0.349, 0.038,-0.086, -0.731, -0.223,0.066, -0.674, -0.145
221025,21,21,20,41,24,23,11,23,32,34,-0.165, 0.473, 0.106,0.186, 0.452, 0.130,-0.230, 0.237, 0.076,0.244, 0.202, 0.086,-0.279, 0.005, 0.148,0.307, -0.006, 0.139,-0.119, -0.005, -0.004,0.119, 0.005, 0.003,-0.077, -0.406, -0.017,0.124, -0.368, 0.038,-0.089, -0.721, -0.229,0.066, -0.699, -0.137
221025,20,21,22,45,23,23,7,13,27,22,-0.159, 0.480, 0.096,0.191, 0.458, 0.125,-0.228, 0.242, 0.060,0.247, 0.208, 0.077,-0.292, 0.011, 0.124,0.308, -0.001, 0.126,-0.118, -0.002, -0.004,0.118, 0.002, 0.003,-0.079, -0.403, -0.033,0.098, -0.386, -0.018,-0.099, -0.724, -0.224,0.062, -0.722, -0.178
221025,21,21,24,47,24,23,4,8,22,21,-0.150, 0.480, 0.094,0.199, 0.458, 0.125,-0.228, 0.248, 0.050,0.252, 0.211, 0.077,-0.317, 0.021, 0.110,0.310, -0.002, 0.127,-0.118, 0.000, -0.005,0.118, 0.000, 0.004,-0.088, -0.399, -0.053,0.070, -0.390, -0.039,-0.115, -0.726, -0.224,0.047, -0.720, -0.208
221025,21,21,24,49,25,24,3,6,21,19,-0.146, 0.484, 0.092,0.202, 0.460, 0.124,-0.224, 0.253, 0.048,0.252, 0.211, 0.076,-0.318, 0.031, 0.114,0.309, -0.003, 0.129,-0.117, 0.002, -0.006,0.118, -0.001, 0.005,-0.090, -0.399, -0.062,0.059, -0.391, -0.054,-0.116, -0.726, -0.235,0.031, -0.720, -0.228
221026,22,21,19,49,24,25,4,7,18,19,-0.143, 0.484, 0.094,0.205, 0.459, 0.124,-0.223, 0.252, 0.058,0.251, 0.208, 0.079,-0.318, 0.031, 0.124,0.307, -0.007, 0.141,-0.117, 0.003, -0.006,0.117, -0.003, 0.005,-0.101, -0.395, -0.053,0.047, -0.392, -0.040,-0.131, -0.728, -0.203,0.019, -0.726, -0.196
221026,21,21,15,44,22,26,6,7,16,19,-0.133, 0.489, 0.086,0.213, 0.461, 0.103,-0.216, 0.255, 0.059,0.255, 0.208, 0.066,-0.306, 0.041, 0.125,0.306, -0.004, 0.137,-0.117, 0.005, -0.003,0.117, -0.004, 0.002,-0.110, -0.391, -0.033,0.046, -0.392, -0.030,-0.154, -0.730, -0.152,0.010, -0.728, -0.179
221026,22,23,9,39,19,26,19,9,26,20,-0.128, 0.489, 0.095,0.217, 0.460, 0.106,-0.215, 0.254, 0.077,0.267, 0.204, 0.068,-0.299, 0.040, 0.142,0.307, -0.004, 0.137,-0.117, 0.006, 0.000,0.117, -0.006, -0.001,-0.125, -0.364, 0.057,0.042, -0.392, -0.022,-0.173, -0.718, -0.049,0.000, -0.729, -0.171
221026,21,25,10,38,20,23,29,10,31,14,-0.120, 0.481, 0.094,0.226, 0.450, 0.106,-0.206, 0.242, 0.074,0.280, 0.193, 0.066,-0.290, 0.029, 0.139,0.312, -0.021, 0.124,-0.117, 0.009, 0.000,0.117, -0.009, -0.001,-0.129, -0.340, 0.113,0.039, -0.404, -0.020,-0.188, -0.693, 0.031,-0.010, -0.757, -0.129
221026,19,24,11,39,20,22,43,12,49,18,-0.114, 0.477, 0.093,0.228, 0.442, 0.107,-0.194, 0.236, 0.074,0.279, 0.184, 0.069,-0.277, 0.026, 0.139,0.311, -0.031, 0.125,-0.117, 0.012, 0.000,0.117, -0.012, -0.001,-0.132, -0.290, 0.188,0.037, -0.404, -0.006,-0.184, -0.641, 0.078,-0.014, -0.751, -0.123
221026,17,24,24,45,25,22,59,12,69,21,-0.108, 0.473, 0.082,0.233, 0.436, 0.107,-0.189, 0.236, 0.039,0.278, 0.177, 0.067,-0.278, 0.026, 0.100,0.310, -0.043, 0.121,-0.116, 0.016, 0.000,0.117, -0.016, -0.001,-0.136, -0.215, 0.267,0.036, -0.410, -0.004,-0.180, -0.558, 0.137,-0.015, -0.753, -0.139
221026,14,24,24,50,26,20,75,15,88,22,-0.099, 0.457, 0.083,0.237, 0.416, 0.118,-0.173, 0.220, 0.039,0.278, 0.150, 0.079,-0.268, 0.019, 0.101,0.307, -0.073, 0.127,-0.116, 0.021, -0.001,0.116, -0.021, 0.000,-0.134, -0.138, 0.329,0.033, -0.419, 0.002,-0.158, -0.470, 0.177,-0.020, -0.765, -0.139
221026,12,25,28,57,29,21,81,18,98,25,-0.093, 0.444, 0.104,0.242, 0.400, 0.142,-0.160, 0.207, 0.058,0.280, 0.133, 0.095,-0.249, 0.012, 0.127,0.307, -0.089, 0.143,-0.116, 0.024, -0.002,0.116, -0.024, 0.000,-0.131, -0.127, 0.356,0.034, -0.425, 0.003,-0.144, -0.434, 0.170,-0.019, -0.769, -0.156
221026,13,26,23,56,27,20,85,21,100,25,-0.090, 0.438, 0.122,0.243, 0.391, 0.162,-0.154, 0.199, 0.084,0.280, 0.123, 0.118,-0.240, 0.004, 0.153,0.305, -0.097, 0.164,-0.115, 0.027, -0.002,0.116, -0.027, 0.001,-0.131, -0.106, 0.352,0.035, -0.426, 0.007,-0.143, -0.404, 0.169,-0.018, -0.773, -0.156
221026,15,26,17,58,30,22,88,22,100,26,-0.089, 0.436, 0.128,0.245, 0.388, 0.166,-0.153, 0.198, 0.099,0.280, 0.122, 0.122,-0.233, -0.001, 0.191,0.304, -0.107, 0.174,-0.115, 0.029, -0.002,0.116, -0.028, 0.001,-0.130, -0.102, 0.366,0.035, -0.428, 0.008,-0.142, -0.404, 0.188,-0.019, -0.776, -0.161
221026,16,26,16,58,30,23,87,23,101,27,-0.088, 0.432, 0.138,0.247, 0.385, 0.170,-0.148, 0.192, 0.114,0.280, 0.118, 0.127,-0.229, -0.007, 0.208,0.302, -0.108, 0.184,-0.115, 0.029, -0.003,0.116, -0.029, 0.001,-0.130, -0.114, 0.365,0.035, -0.429, 0.008,-0.142, -0.408, 0.173,-0.021, -0.776, -0.164
221026,16,25,20,60,30,24,86,22,97,26,-0.087, 0.433, 0.137,0.249, 0.387, 0.165,-0.148, 0.193, 0.108,0.280, 0.120, 0.121,-0.229, -0.008, 0.199,0.302, -0.106, 0.182,-0.115, 0.030, -0.003,0.115, -0.030, 0.002,-0.130, -0.118, 0.357,0.035, -0.431, 0.010,-0.147, -0.421, 0.181,-0.024, -0.780, -0.158
221026,12,23,25,63,28,22,62,17,66,23,-0.088, 0.452, 0.100,0.249, 0.402, 0.132,-0.154, 0.213, 0.060,0.280, 0.136, 0.082,-0.232, 0.006, 0.138,0.303, -0.091, 0.129,-0.115, 0.028, -0.004,0.115, -0.028, 0.003,-0.140, -0.223, 0.287,0.031, -0.410, 0.010,-0.186, -0.572, 0.176,-0.030, -0.750, -0.134
221026,13,23,24,60,27,21,51,14,51,22,-0.091, 0.468, 0.091,0.247, 0.414, 0.118,-0.161, 0.231, 0.052,0.280, 0.151, 0.069,-0.242, 0.017, 0.126,0.305, -0.074, 0.115,-0.115, 0.025, -0.003,0.115, -0.025, 0.002,-0.142, -0.269, 0.243,0.030, -0.403, 0.002,-0.199, -0.621, 0.173,-0.033, -0.741, -0.136
221026,14,23,22,57,26,22,46,12,44,20,-0.095, 0.478, 0.084,0.243, 0.424, 0.107,-0.169, 0.241, 0.046,0.279, 0.159, 0.058,-0.251, 0.025, 0.121,0.312, -0.064, 0.105,-0.115, 0.023, -0.002,0.115, -0.023, 0.001,-0.141, -0.294, 0.224,0.030, -0.401, -0.002,-0.200, -0.647, 0.167,-0.034, -0.742, -0.134
221026,13,22,32,55,28,24,13,11,26,23,-0.113, 0.485, 0.100,0.229, 0.437, 0.111,-0.174, 0.244, 0.059,0.269, 0.179, 0.058,-0.255, 0.031, 0.136,0.315, -0.042, 0.107,-0.115, 0.018, 0.000,0.115, -0.017, -0.001,-0.141, -0.397, 0.009,0.030, -0.397, -0.014,-0.198, -0.726, -0.147,-0.034, -0.733, -0.179
221026,16,21,32,49,28,27,12,8,26,23,-0.133, 0.485, 0.121,0.212, 0.442, 0.114,-0.193, 0.245, 0.085,0.256, 0.187, 0.060,-0.267, 0.031, 0.168,0.317, -0.034, 0.120,-0.115, 0.014, 0.000,0.116, -0.013, -0.001,-0.136, -0.409, -0.023,0.030, -0.397, -0.037,-0.195, -0.733, -0.207,-0.032, -0.730, -0.222
221026,19,18,26,54,28,31,10,8,20,21,-0.144, 0.486, 0.128,0.200, 0.446, 0.115,-0.208, 0.246, 0.100,0.240, 0.195, 0.056,-0.273, 0.033, 0.189,0.317, -0.021, 0.122,-0.115, 0.011, 0.000,0.116, -0.011, -0.001,-0.135, -0.404, -0.043,0.034, -0.398, -0.044,-0.192, -0.737, -0.205,-0.015, -0.732, -0.214
221026,21,19,26,53,27,30,9,8,19,21,-0.148, 0.489, 0.124,0.198, 0.447, 0.121,-0.222, 0.259, 0.088,0.240, 0.194, 0.064,-0.294, 0.041, 0.166,0.312, -0.021, 0.132,-0.115, 0.010, -0.001,0.116, -0.009, 0.000,-0.124, -0.403, -0.049,0.060, -0.395, -0.042,-0.167, -0.738, -0.209,0.027, -0.724, -0.213
221027,23,20,21,46,25,28,11,9,23,21,-0.149, 0.492, 0.123,0.196, 0.445, 0.121,-0.225, 0.260, 0.094,0.242, 0.192, 0.073,-0.291, 0.045, 0.170,0.309, -0.018, 0.141,-0.115, 0.009, -0.001,0.116, -0.009, 0.000,-0.112, -0.398, -0.025,0.074, -0.390, -0.037,-0.139, -0.732, -0.190,0.040, -0.714, -0.202
221027,24,20,14,43,30,30,9,9,29,25,-0.155, 0.494, 0.122,0.193, 0.451, 0.122,-0.229, 0.267, 0.104,0.242, 0.197, 0.075,-0.292, 0.057, 0.212,0.307, -0.013, 0.151,-0.116, 0.007, -0.001,0.116, -0.006, 0.000,-0.104, -0.406, -0.037,0.092, -0.384, -0.047,-0.123, -0.725, -0.252,0.047, -0.699, -0.249
221027,28,21,6,33,31,31,13,39,31,54,-0.175, 0.488, 0.121,0.180, 0.449, 0.117,-0.243, 0.265, 0.129,0.240, 0.196, 0.077,-0.291, 0.067, 0.262,0.300, -0.014, 0.169,-0.117, 0.001, -0.002,0.117, -0.001, 0.001,-0.102, -0.408, -0.009,0.116, -0.306, 0.142,-0.115, -0.729, -0.211,0.061, -0.626, -0.040
221027,31,22,11,31,31,32,16,58,33,75,-0.190, 0.471, 0.121,0.164, 0.443, 0.121,-0.260, 0.256, 0.135,0.235, 0.196, 0.077,-0.293, 0.064, 0.268,0.290, -0.015, 0.166,-0.118, -0.007, -0.002,0.119, 0.008, 0.001,-0.098, -0.419, 0.007,0.123, -0.228, 0.221,-0.118, -0.739, -0.194,0.058, -0.551, 0.019
221027,32,22,0,31,30,30,18,77,34,86,-0.202, 0.461, 0.119,0.153, 0.437, 0.131,-0.279, 0.243, 0.116,0.230, 0.188, 0.087,-0.304, 0.040, 0.223,0.282, -0.026, 0.170,-0.119, -0.015, -0.002,0.119, 0.015, 0.001,-0.093, -0.426, 0.020,0.118, -0.142, 0.276,-0.116, -0.752, -0.175,0.062, -0.493, 0.104
221027,31,22,0,29,25,28,20,84,33,88,-0.209, 0.457, 0.118,0.149, 0.431, 0.136,-0.282, 0.227, 0.115,0.225, 0.181, 0.097,-0.305, 0.011, 0.203,0.278, -0.030, 0.178,-0.119, -0.018, -0.002,0.119, 0.018, 0.001,-0.093, -0.424, 0.037,0.126, -0.110, 0.296,-0.117, -0.754, -0.134,0.072, -0.474, 0.150
221027,29,22,1,31,25,29,21,87,35,93,-0.207, 0.447, 0.118,0.148, 0.429, 0.140,-0.276, 0.213, 0.112,0.225, 0.180, 0.099,-0.293, -0.010, 0.197,0.278, -0.030, 0.178,-0.119, -0.021, -0.002,0.119, 0.021, 0.001,-0.093, -0.425, 0.040,0.124, -0.101, 0.310,-0.118, -0.753, -0.138,0.074, -0.467, 0.143
221027,28,22,2,32,27,29,21,85,37,92,-0.204, 0.445, 0.116,0.150, 0.430, 0.139,-0.270, 0.208, 0.109,0.225, 0.180, 0.098,-0.274, -0.012, 0.199,0.277, -0.029, 0.177,-0.119, -0.022, -0.002,0.119, 0.022, 0.001,-0.094, -0.424, 0.039,0.122, -0.111, 0.305,-0.114, -0.751, -0.157,0.074, -0.471, 0.125
221027,27,22,5,32,28,29,20,81,38,88,-0.202, 0.445, 0.115,0.151, 0.430, 0.138,-0.266, 0.207, 0.104,0.225, 0.180, 0.097,-0.267, -0.012, 0.194,0.278, -0.028, 0.177,-0.119, -0.022, -0.003,0.119, 0.022, 0.001,-0.093, -0.423, 0.039,0.122, -0.128, 0.290,-0.108, -0.750, -0.168,0.073, -0.488, 0.115
221027,25,22,10,34,27,28,19,65,40,74,-0.200, 0.446, 0.117,0.161, 0.435, 0.138,-0.254, 0.209, 0.103,0.229, 0.186, 0.097,-0.259, -0.010, 0.192,0.285, -0.023, 0.172,-0.119, -0.021, -0.003,0.119, 0.021, 0.002,-0.088, -0.423, 0.028,0.132, -0.209, 0.249,-0.100, -0.747, -0.209,0.073, -0.547, 0.074
221027,23,20,12,38,26,28,15,40,40,54,-0.190, 0.460, 0.116,0.171, 0.451, 0.129,-0.243, 0.224, 0.103,0.232, 0.202, 0.084,-0.254, 0.001, 0.193,0.292, -0.007, 0.156,-0.119, -0.015, -0.003,0.119, 0.015, 0.001,-0.085, -0.415, 0.009,0.132, -0.314, 0.146,-0.099, -0.726, -0.236,0.072, -0.636, -0.041
221027,21,20,16,42,26,25,11,15,35,29,-0.169, 0.477, 0.094,0.181, 0.462, 0.103,-0.231, 0.244, 0.074,0.238, 0.213, 0.053,-0.256, 0.019, 0.158,0.296, 0.007, 0.106,-0.119, -0.007, -0.002,0.119, 0.008, 0.001,-0.089, -0.404, -0.003,0.117, -0.373, 0.010,-0.110, -0.724, -0.226,0.062, -0.711, -0.161
221027,22,21,22,42,24,24,9,11,29,24,-0.158, 0.478, 0.094,0.190, 0.463, 0.106,-0.232, 0.246, 0.060,0.246, 0.215, 0.057,-0.286, 0.024, 0.127,0.299, 0.005, 0.111,-0.118, -0.002, -0.003,0.118, 0.003, 0.001,-0.101, -0.395, -0.015,0.080, -0.391, -0.006,-0.130, -0.723, -0.209,0.040, -0.733, -0.168
221027,21,21,21,44,23,26,8,9,27,21,-0.147, 0.483, 0.091,0.199, 0.463, 0.108,-0.225, 0.250, 0.056,0.254, 0.213, 0.059,-0.294, 0.033, 0.120,0.301, 0.004, 0.117,-0.118, 0.001, -0.003,0.118, -0.001, 0.002,-0.111, -0.389, -0.021,0.060, -0.394, -0.025,-0.150, -0.720, -0.207,0.027, -0.729, -0.185
221027,21,21,19,46,24,25,8,9,24,22,-0.142, 0.487, 0.082,0.202, 0.464, 0.103,-0.219, 0.254, 0.049,0.253, 0.212, 0.056,-0.292, 0.041, 0.118,0.301, 0.001, 0.112,-0.117, 0.003, -0.002,0.118, -0.003, 0.001,-0.119, -0.386, -0.018,0.055, -0.392, -0.019,-0.158, -0.720, -0.186,0.014, -0.728, -0.175
221027,20,21,15,40,24,24,13,12,28,25,-0.138, 0.487, 0.092,0.205, 0.463, 0.109,-0.213, 0.253, 0.067,0.255, 0.210, 0.070,-0.289, 0.045, 0.140,0.300, 0.001, 0.130,-0.117, 0.005, -0.001,0.118, -0.005, 0.000,-0.135, -0.376, 0.012,0.052, -0.388, 0.000,-0.169, -0.713, -0.157,0.007, -0.719, -0.160
221027,20,23,20,43,26,23,34,12,41,24,-0.130, 0.486, 0.090,0.220, 0.462, 0.107,-0.211, 0.255, 0.056,0.271, 0.207, 0.062,-0.288, 0.044, 0.130,0.302, -0.005, 0.115,-0.117, 0.007, -0.001,0.118, -0.006, 0.000,-0.158, -0.329, 0.140,0.041, -0.391, 0.003,-0.188, -0.676, 0.021,0.000, -0.727, -0.147
221027,19,25,23,42,28,24,40,13,49,24,-0.123, 0.484, 0.087,0.224, 0.452, 0.107,-0.202, 0.254, 0.048,0.282, 0.200, 0.059,-0.271, 0.039, 0.126,0.314, -0.011, 0.111,-0.117, 0.010, -0.002,0.117, -0.009, 0.001,-0.169, -0.313, 0.175,0.035, -0.409, 0.011,-0.196, -0.651, 0.047,-0.006, -0.762, -0.139
221028,16,25,24,42,26,25,50,14,61,24,-0.114, 0.477, 0.083,0.230, 0.441, 0.106,-0.186, 0.244, 0.043,0.285, 0.188, 0.062,-0.252, 0.034, 0.111,0.315, -0.018, 0.122,-0.117, 0.014, -0.003,0.117, -0.013, 0.002,-0.163, -0.252, 0.215,0.037, -0.415, 0.015,-0.190, -0.588, 0.075,-0.009, -0.765, -0.130
221028,14,25,26,42,26,24,54,13,70,24,-0.109, 0.476, 0.068,0.234, 0.438, 0.094,-0.176, 0.241, 0.028,0.287, 0.183, 0.052,-0.240, 0.035, 0.094,0.318, -0.024, 0.109,-0.117, 0.017, -0.003,0.117, -0.017, 0.002,-0.171, -0.214, 0.235,0.036, -0.418, 0.017,-0.186, -0.551, 0.079,-0.008, -0.767, -0.128
221028,12,26,27,42,28,25,74,13,94,26,-0.101, 0.468, 0.069,0.238, 0.426, 0.095,-0.163, 0.233, 0.029,0.292, 0.169, 0.053,-0.228, 0.034, 0.101,0.321, -0.043, 0.114,-0.116, 0.022, -0.004,0.117, -0.022, 0.003,-0.168, -0.129, 0.321,0.037, -0.426, 0.018,-0.158, -0.460, 0.135,-0.007, -0.779, -0.139
221028,11,27,27,32,30,25,81,14,100,27,-0.099, 0.458, 0.074,0.238, 0.414, 0.104,-0.157, 0.220, 0.037,0.291, 0.154, 0.076,-0.224, 0.031, 0.116,0.320, -0.054, 0.150,-0.116, 0.025, -0.004,0.116, -0.025, 0.003,-0.167, -0.093, 0.345,0.038, -0.427, 0.014,-0.153, -0.427, 0.159,-0.008, -0.776, -0.154
221028,11,27,21,41,30,23,82,17,96,26,-0.094, 0.452, 0.088,0.241, 0.403, 0.127,-0.151, 0.211, 0.058,0.290, 0.138, 0.093,-0.216, 0.019, 0.144,0.319, -0.073, 0.152,-0.115, 0.027, -0.005,0.116, -0.027, 0.004,-0.162, -0.099, 0.343,0.039, -0.426, 0.015,-0.151, -0.432, 0.179,-0.010, -0.777, -0.150
221028,12,27,16,43,31,22,84,17,97,26,-0.093, 0.448, 0.091,0.243, 0.401, 0.127,-0.150, 0.208, 0.068,0.290, 0.137, 0.091,-0.214, 0.014, 0.166,0.319, -0.079, 0.151,-0.115, 0.029, -0.005,0.116, -0.029, 0.004,-0.159, -0.093, 0.358,0.039, -0.428, 0.013,-0.151, -0.421, 0.195,-0.011, -0.779, -0.152
221028,12,26,17,46,30,22,79,17,91,26,-0.091, 0.449, 0.091,0.247, 0.403, 0.126,-0.149, 0.209, 0.066,0.289, 0.139, 0.090,-0.214, 0.014, 0.162,0.318, -0.080, 0.149,-0.115, 0.029, -0.005,0.115, -0.029, 0.004,-0.150, -0.123, 0.343,0.035, -0.428, 0.013,-0.160, -0.447, 0.187,-0.018, -0.779, -0.149
221028,12,26,18,48,31,23,71,17,85,25,-0.092, 0.450, 0.095,0.247, 0.405, 0.128,-0.151, 0.210, 0.069,0.289, 0.141, 0.089,-0.214, 0.014, 0.165,0.318, -0.078, 0.149,-0.115, 0.029, -0.005,0.115, -0.029, 0.004,-0.142, -0.174, 0.325,0.030, -0.429, 0.013,-0.168, -0.484, 0.166,-0.026, -0.778, -0.148
221028,13,25,19,51,27,22,42,14,43,22,-0.102, 0.467, 0.095,0.241, 0.419, 0.127,-0.164, 0.226, 0.066,0.284, 0.154, 0.082,-0.231, 0.014, 0.151,0.310, -0.072, 0.133,-0.115, 0.023, -0.004,0.115, -0.023, 0.003,-0.143, -0.312, 0.188,0.020, -0.417, 0.001,-0.184, -0.655, 0.102,-0.034, -0.770, -0.148
221028,14,23,21,55,26,23,37,12,40,20,-0.108, 0.476, 0.095,0.235, 0.428, 0.122,-0.170, 0.237, 0.064,0.278, 0.164, 0.070,-0.237, 0.017, 0.145,0.304, -0.063, 0.120,-0.115, 0.020, -0.003,0.115, -0.019, 0.002,-0.143, -0.332, 0.167,0.018, -0.413, -0.012,-0.195, -0.674, 0.076,-0.035, -0.763, -0.158
221028,14,21,33,57,30,26,13,10,27,22,-0.122, 0.482, 0.119,0.223, 0.440, 0.125,-0.178, 0.243, 0.080,0.261, 0.181, 0.069,-0.249, 0.030, 0.166,0.294, -0.049, 0.129,-0.115, 0.015, -0.001,0.116, -0.015, 0.000,-0.124, -0.405, -0.006,0.021, -0.405, -0.034,-0.188, -0.731, -0.175,-0.032, -0.743, -0.205
221028,17,19,32,56,29,28,11,9,26,22,-0.141, 0.485, 0.129,0.203, 0.444, 0.126,-0.198, 0.245, 0.094,0.242, 0.187, 0.067,-0.263, 0.033, 0.180,0.289, -0.040, 0.132,-0.116, 0.012, -0.001,0.116, -0.012, -0.001,-0.122, -0.409, -0.032,0.023, -0.401, -0.042,-0.186, -0.733, -0.213,-0.029, -0.735, -0.221
221028,19,18,30,56,29,30,9,8,20,19,-0.152, 0.486, 0.128,0.194, 0.449, 0.126,-0.214, 0.248, 0.092,0.234, 0.192, 0.065,-0.267, 0.037, 0.179,0.286, -0.026, 0.133,-0.116, 0.011, 0.000,0.116, -0.010, -0.001,-0.120, -0.408, -0.051,0.031, -0.401, -0.049,-0.178, -0.741, -0.210,-0.011, -0.737, -0.215
221028,20,18,28,56,30,31,8,8,20,19,-0.155, 0.486, 0.126,0.191, 0.449, 0.130,-0.218, 0.252, 0.090,0.234, 0.196, 0.066,-0.271, 0.040, 0.178,0.287, -0.022, 0.133,-0.116, 0.009, -0.001,0.116, -0.008, 0.000,-0.112, -0.407, -0.054,0.046, -0.398, -0.051,-0.157, -0.741, -0.217,0.014, -0.732, -0.221
221028,21,18,25,54,31,30,9,7,24,21,-0.159, 0.489, 0.117,0.188, 0.454, 0.123,-0.226, 0.261, 0.083,0.236, 0.198, 0.059,-0.277, 0.046, 0.177,0.288, -0.017, 0.125,-0.116, 0.007, -0.001,0.116, -0.006, 0.000,-0.110, -0.404, -0.040,0.062, -0.393, -0.048,-0.147, -0.731, -0.221,0.025, -0.721, -0.225
221028,25,20,11,45,31,28,10,20,24,34,-0.164, 0.489, 0.116,0.186, 0.453, 0.122,-0.236, 0.263, 0.100,0.239, 0.198, 0.069,-0.277, 0.062, 0.207,0.289, -0.015, 0.138,-0.116, 0.005, -0.001,0.116, -0.005, 0.000,-0.099, -0.408, -0.027,0.101, -0.372, 0.029,-0.117, -0.730, -0.193,0.038, -0.690, -0.152
221028,29,21,10,35,32,30,14,38,30,55,-0.173, 0.484, 0.116,0.182, 0.451, 0.122,-0.243, 0.262, 0.128,0.240, 0.197, 0.082,-0.276, 0.070, 0.265,0.289, -0.015, 0.170,-0.117, 0.001, -0.002,0.118, -0.001, 0.001,-0.092, -0.415, 0.000,0.129, -0.329, 0.138,-0.100, -0.736, -0.189,0.063, -0.645, -0.055
221028,30,22,13,30,33,30,15,48,34,66,-0.187, 0.474, 0.117,0.170, 0.448, 0.125,-0.255, 0.257, 0.132,0.237, 0.197, 0.088,-0.281, 0.067, 0.272,0.283, -0.016, 0.177,-0.118, -0.005, -0.003,0.119, 0.005, 0.001,-0.087, -0.419, 0.005,0.128, -0.279, 0.183,-0.093, -0.740, -0.200,0.065, -0.594, -0.021
221028,31,21,12,33,34,30,16,56,35,74,-0.194, 0.468, 0.118,0.163, 0.443, 0.132,-0.263, 0.252, 0.131,0.232, 0.194, 0.089,-0.286, 0.063, 0.270,0.278, -0.021, 0.173,-0.119, -0.010, -0.003,0.119, 0.010, 0.002,-0.081, -0.426, 0.014,0.131, -0.245, 0.212,-0.094, -0.753, -0.194,0.067, -0.558, -0.001
221029,29,21,5,34,29,29,18,67,35,79,-0.200, 0.466, 0.114,0.158, 0.440, 0.133,-0.269, 0.247, 0.104,0.231, 0.190, 0.088,-0.301, 0.049, 0.199,0.277, -0.027, 0.167,-0.119, -0.013, -0.003,0.119, 0.014, 0.002,-0.077, -0.430, 0.031,0.129, -0.196, 0.255,-0.093, -0.761, -0.161,0.069, -0.524, 0.075
221029,27,21,9,35,25,26,17,68,32,78,-0.204, 0.466, 0.100,0.156, 0.438, 0.129,-0.269, 0.245, 0.084,0.230, 0.189, 0.084,-0.303, 0.037, 0.165,0.276, -0.030, 0.148,-0.119, -0.015, -0.004,0.119, 0.015, 0.003,-0.073, -0.431, 0.031,0.127, -0.181, 0.250,-0.090, -0.771, -0.136,0.068, -0.512, 0.088
221029,26,22,8,35,22,25,16,70,31,77,-0.204, 0.465, 0.094,0.157, 0.434, 0.128,-0.266, 0.235, 0.078,0.230, 0.185, 0.086,-0.301, 0.016, 0.151,0.276, -0.031, 0.148,-0.119, -0.016, -0.005,0.119, 0.016, 0.004,-0.072, -0.428, 0.032,0.125, -0.166, 0.255,-0.087, -0.767, -0.130,0.070, -0.509, 0.109
221029,25,22,10,33,20,23,17,66,31,75,-0.202, 0.463, 0.095,0.158, 0.433, 0.131,-0.263, 0.229, 0.077,0.231, 0.185, 0.093,-0.301, 0.003, 0.142,0.276, -0.031, 0.151,-0.119, -0.016, -0.006,0.119, 0.016, 0.004,-0.070, -0.427, 0.036,0.124, -0.190, 0.244,-0.087, -0.769, -0.123,0.066, -0.525, 0.084
221029,22,24,13,27,22,23,18,56,32,61,-0.196, 0.463, 0.097,0.163, 0.435, 0.138,-0.249, 0.228, 0.078,0.232, 0.187, 0.111,-0.290, 0.004, 0.150,0.276, -0.023, 0.176,-0.119, -0.015, -0.007,0.119, 0.015, 0.005,-0.065, -0.421, 0.039,0.124, -0.251, 0.215,-0.073, -0.766, -0.125,0.063, -0.587, 0.075
221029,21,23,12,29,22,22,16,40,31,49,-0.185, 0.466, 0.097,0.172, 0.439, 0.138,-0.238, 0.228, 0.079,0.234, 0.191, 0.111,-0.287, 0.007, 0.152,0.278, -0.017, 0.175,-0.119, -0.012, -0.008,0.119, 0.012, 0.006,-0.063, -0.417, 0.025,0.123, -0.311, 0.143,-0.071, -0.763, -0.142,0.062, -0.636, -0.011
221029,21,21,23,45,24,21,10,17,28,29,-0.163, 0.474, 0.086,0.183, 0.453, 0.128,-0.231, 0.242, 0.047,0.242, 0.208, 0.080,-0.287, 0.014, 0.110,0.284, -0.005, 0.122,-0.118, -0.006, -0.008,0.118, 0.007, 0.007,-0.065, -0.411, -0.014,0.121, -0.373, 0.009,-0.085, -0.744, -0.190,0.065, -0.705, -0.165
221029,21,21,21,51,25,23,9,14,27,24,-0.146, 0.477, 0.087,0.200, 0.458, 0.128,-0.225, 0.247, 0.045,0.251, 0.212, 0.077,-0.287, 0.016, 0.109,0.286, 0.000, 0.123,-0.118, -0.003, -0.007,0.118, 0.003, 0.006,-0.077, -0.402, -0.019,0.095, -0.390, -0.008,-0.112, -0.736, -0.186,0.057, -0.729, -0.174
221029,22,20,23,57,26,27,6,10,21,20,-0.138, 0.479, 0.082,0.207, 0.462, 0.123,-0.222, 0.251, 0.033,0.251, 0.220, 0.071,-0.293, 0.022, 0.095,0.279, 0.020, 0.126,-0.117, 0.001, -0.008,0.118, 0.000, 0.007,-0.090, -0.402, -0.040,0.065, -0.395, -0.018,-0.121, -0.737, -0.189,0.041, -0.736, -0.171
221029,22,21,24,53,27,35,6,8,21,19,-0.139, 0.482, 0.083,0.209, 0.468, 0.120,-0.223, 0.256, 0.032,0.253, 0.232, 0.072,-0.305, 0.031, 0.102,0.273, 0.042, 0.156,-0.117, 0.002, -0.006,0.118, -0.001, 0.005,-0.097, -0.404, -0.034,0.051, -0.399, -0.031,-0.132, -0.744, -0.185,0.017, -0.741, -0.190
221029,23,30,24,20,30,54,6,7,21,22,-0.133, 0.482, 0.079,0.209, 0.469, 0.108,-0.222, 0.261, 0.028,0.263, 0.241, 0.133,-0.310, 0.052, 0.106,0.232, 0.113, 0.336,-0.117, 0.003, -0.006,0.118, -0.003, 0.004,-0.112, -0.404, -0.030,0.047, -0.399, -0.029,-0.140, -0.741, -0.185,0.016, -0.736, -0.197
221029,24,36,22,38,36,61,6,3,22,19,-0.124, 0.482, 0.083,0.216, 0.467, 0.111,-0.222, 0.265, 0.033,0.274, 0.238, 0.165,-0.314, 0.066, 0.135,0.214, 0.155, 0.378,-0.117, 0.004, -0.004,0.118, -0.004, 0.003,-0.112, -0.404, -0.027,0.044, -0.401, -0.061,-0.150, -0.741, -0.186,0.007, -0.735, -0.243
221029,27,38,21,40,36,78,30,2,50,21,-0.116, 0.484, 0.040,0.220, 0.467, 0.076,-0.220, 0.278, -0.014,0.290, 0.243, 0.149,-0.316, 0.083, 0.079,0.214, 0.236, 0.346,-0.117, 0.007, -0.004,0.118, -0.006, 0.003,-0.116, -0.343, 0.163,0.045, -0.408, -0.047,-0.157, -0.682, 0.010,0.006, -0.739, -0.228
221029,29,41,20,39,34,85,32,6,49,18,-0.107, 0.484, 0.016,0.223, 0.457, 0.070,-0.216, 0.279, -0.047,0.297, 0.241, 0.153,-0.317, 0.085, 0.029,0.215, 0.271, 0.356,-0.117, 0.010, -0.005,0.118, -0.010, 0.004,-0.114, -0.318, 0.181,0.042, -0.410, -0.005,-0.157, -0.666, 0.059,-0.006, -0.750, -0.129
221029,29,45,23,44,31,87,41,9,64,23,-0.105, 0.485, 0.014,0.227, 0.451, 0.072,-0.214, 0.279, -0.057,0.301, 0.240, 0.175,-0.318, 0.086, -0.002,0.217, 0.300, 0.388,-0.117, 0.014, -0.005,0.118, -0.014, 0.004,-0.113, -0.269, 0.227,0.037, -0.414, 0.013,-0.165, -0.611, 0.068,-0.010, -0.751, -0.125
221029,28,46,21,44,30,88,45,11,67,24,-0.104, 0.485, 0.021,0.228, 0.449, 0.071,-0.213, 0.279, -0.042,0.305, 0.239, 0.174,-0.314, 0.085, 0.021,0.222, 0.301, 0.373,-0.117, 0.016, -0.004,0.117, -0.016, 0.003,-0.105, -0.256, 0.242,0.035, -0.413, 0.029,-0.166, -0.596, 0.087,-0.018, -0.751, -0.098
221029,29,47,21,45,31,85,52,11,74,24,-0.106, 0.483, 0.012,0.227, 0.444, 0.064,-0.214, 0.277, -0.051,0.305, 0.239, 0.172,-0.316, 0.084, 0.012,0.227, 0.299, 0.379,-0.117, 0.019, -0.003,0.117, -0.018, 0.002,-0.094, -0.221, 0.290,0.036, -0.413, 0.029,-0.166, -0.566, 0.145,-0.021, -0.751, -0.102
221029,28,47,21,46,31,84,57,11,80,25,-0.106, 0.476, 0.015,0.227, 0.433, 0.065,-0.215, 0.267, -0.049,0.304, 0.231, 0.172,-0.316, 0.067, 0.018,0.230, 0.288, 0.388,-0.117, 0.022, -0.002,0.117, -0.021, 0.001,-0.086, -0.192, 0.300,0.035, -0.420, 0.028,-0.168, -0.528, 0.145,-0.027, -0.762, -0.107
221030,28,47,21,45,32,83,58,11,82,25,-0.107, 0.465, 0.017,0.227, 0.426, 0.066,-0.216, 0.252, -0.046,0.305, 0.224, 0.172,-0.315, 0.047, 0.029,0.230, 0.276, 0.388,-0.117, 0.023, -0.002,0.117, -0.022, 0.001,-0.084, -0.186, 0.309,0.031, -0.424, 0.027,-0.172, -0.515, 0.154,-0.031, -0.769, -0.113
221030,27,47,19,45,32,82,58,12,79,24,-0.107, 0.457, 0.022,0.227, 0.421, 0.069,-0.216, 0.242, -0.035,0.304, 0.214, 0.172,-0.312, 0.038, 0.046,0.229, 0.257, 0.382,-0.117, 0.023, -0.002,0.117, -0.023, 0.001,-0.084, -0.195, 0.307,0.029, -0.424, 0.029,-0.173, -0.529, 0.162,-0.032, -0.771, -0.102
221030,25,44,14,44,29,78,52,13,70,21,-0.103, 0.453, 0.037,0.227, 0.421, 0.076,-0.214, 0.237, -0.007,0.300, 0.199, 0.168,-0.307, 0.036, 0.071,0.228, 0.209, 0.367,-0.117, 0.022, -0.002,0.117, -0.022, 0.001,-0.088, -0.257, 0.303,0.026, -0.423, 0.031,-0.176, -0.618, 0.166,-0.033, -0.773, -0.080
221030,26,41,8,42,26,68,41,13,49,19,-0.104, 0.454, 0.075,0.227, 0.426, 0.087,-0.219, 0.238, 0.053,0.297, 0.201, 0.157,-0.303, 0.037, 0.137,0.228, 0.156, 0.341,-0.117, 0.021, 0.001,0.117, -0.021, -0.002,-0.107, -0.313, 0.213,0.023, -0.423, 0.018,-0.198, -0.660, 0.118,-0.034, -0.773, -0.088
221030,26,31,16,17,27,51,32,9,40,22,-0.118, 0.470, 0.074,0.223, 0.447, 0.085,-0.224, 0.253, 0.039,0.281, 0.230, 0.105,-0.302, 0.038, 0.116,0.235, 0.101, 0.256,-0.117, 0.018, 0.002,0.117, -0.018, -0.003,-0.125, -0.344, 0.160,0.022, -0.417, -0.009,-0.197, -0.685, 0.061,-0.032, -0.764, -0.155
221030,24,24,28,48,31,42,10,7,23,22,-0.132, 0.484, 0.085,0.215, 0.464, 0.086,-0.226, 0.262, 0.032,0.268, 0.244, 0.026,-0.297, 0.044, 0.110,0.268, 0.071, 0.111,-0.117, 0.012, 0.002,0.117, -0.012, -0.003,-0.132, -0.395, -0.001,0.022, -0.403, -0.022,-0.195, -0.736, -0.142,-0.019, -0.754, -0.178
221030,23,22,19,48,33,36,9,5,22,19,-0.144, 0.489, 0.097,0.205, 0.467, 0.086,-0.226, 0.263, 0.070,0.257, 0.232, 0.023,-0.275, 0.054, 0.178,0.269, 0.013, 0.108,-0.117, 0.010, 0.003,0.117, -0.010, -0.004,-0.131, -0.408, -0.022,0.036, -0.399, -0.042,-0.194, -0.740, -0.176,-0.015, -0.740, -0.206
221030,28,21,23,43,37,41,11,4,29,22,-0.145, 0.489, 0.118,0.204, 0.465, 0.096,-0.210, 0.265, 0.151,0.256, 0.206, 0.040,-0.207, 0.088, 0.312,0.270, -0.013, 0.162,-0.117, 0.010, 0.002,0.117, -0.009, -0.003,-0.130, -0.399, -0.025,0.057, -0.395, -0.054,-0.169, -0.720, -0.237,0.010, -0.721, -0.246
221030,29,18,36,52,46,39,16,18,34,42,-0.155, 0.489, 0.113,0.193, 0.463, 0.092,-0.207, 0.264, 0.158,0.238, 0.197, 0.025,-0.163, 0.121, 0.340,0.277, -0.008, 0.127,-0.118, 0.007, 0.002,0.118, -0.007, -0.003,-0.128, -0.395, 0.021,0.093, -0.370, 0.040,-0.156, -0.718, -0.177,0.020, -0.683, -0.185
221030,30,17,49,49,64,42,22,41,45,67,-0.161, 0.469, 0.111,0.185, 0.456, 0.074,-0.201, 0.241, 0.168,0.229, 0.186, 0.010,-0.116, 0.172, 0.367,0.275, -0.015, 0.126,-0.119, 0.002, 0.002,0.120, -0.001, -0.003,-0.116, -0.397, 0.067,0.117, -0.290, 0.173,-0.118, -0.695, -0.154,0.032, -0.616, -0.059
221030,31,20,54,59,70,42,18,49,42,74,-0.162, 0.468, 0.094,0.185, 0.455, 0.045,-0.199, 0.243, 0.165,0.222, 0.187, -0.046,-0.104, 0.210, 0.381,0.276, -0.017, 0.045,-0.120, -0.005, 0.003,0.120, 0.005, -0.004,-0.103, -0.415, 0.055,0.153, -0.231, 0.206,-0.113, -0.712, -0.155,0.061, -0.572, -0.001
221030,35,19,61,62,68,42,16,55,40,82,-0.170, 0.466, 0.085,0.177, 0.454, 0.037,-0.205, 0.246, 0.179,0.211, 0.189, -0.057,-0.114, 0.229, 0.405,0.270, -0.015, 0.028,-0.121, -0.008, 0.003,0.121, 0.009, -0.004,-0.101, -0.418, 0.051,0.155, -0.209, 0.242,-0.114, -0.725, -0.150,0.060, -0.539, 0.028
221030,35,19,62,63,66,42,15,60,40,86,-0.172, 0.467, 0.073,0.175, 0.454, 0.028,-0.208, 0.252, 0.172,0.206, 0.189, -0.065,-0.120, 0.232, 0.395,0.262, -0.016, 0.024,-0.121, -0.012, 0.004,0.121, 0.012, -0.005,-0.100, -0.421, 0.052,0.164, -0.175, 0.261,-0.117, -0.729, -0.149,0.071, -0.520, 0.061
221030,35,19,62,61,64,41,14,60,38,86,-0.179, 0.466, 0.068,0.167, 0.454, 0.023,-0.216, 0.252, 0.168,0.202, 0.187, -0.066,-0.125, 0.223, 0.386,0.257, -0.021, 0.025,-0.121, -0.014, 0.005,0.121, 0.015, -0.006,-0.099, -0.424, 0.054,0.169, -0.169, 0.262,-0.112, -0.737, -0.139,0.076, -0.519, 0.072
221030,35,18,63,57,65,41,15,63,37,86,-0.181, 0.465, 0.068,0.163, 0.449, 0.026,-0.216, 0.248, 0.165,0.203, 0.179, -0.059,-0.125, 0.221, 0.381,0.258, -0.027, 0.034,-0.121, -0.016, 0.005,0.121, 0.016, -0.006,-0.097, -0.425, 0.059,0.163, -0.162, 0.279,-0.111, -0.742, -0.123,0.081, -0.518, 0.095
221030,33,19,63,58,62,43,18,61,40,83,-0.183, 0.458, 0.083,0.161, 0.448, 0.042,-0.215, 0.231, 0.171,0.206, 0.180, -0.054,-0.127, 0.185, 0.380,0.266, -0.025, 0.039,-0.122, -0.016, 0.005,0.122, 0.016, -0.006,-0.097, -0.422, 0.066,0.146, -0.176, 0.264,-0.111, -0.730, -0.127,0.078, -0.530, 0.071
221031,32,20,57,47,51,41,19,48,46,70,-0.180, 0.458, 0.095,0.171, 0.452, 0.060,-0.215, 0.232, 0.166,0.230, 0.192, -0.017,-0.144, 0.132, 0.347,0.289, -0.013, 0.082,-0.122, -0.015, 0.004,0.122, 0.015, -0.005,-0.092, -0.414, 0.066,0.142, -0.254, 0.212,-0.102, -0.709, -0.156,0.076, -0.597, 0.006
221031,31,19,44,40,48,44,18,35,45,57,-0.178, 0.458, 0.112,0.174, 0.457, 0.078,-0.223, 0.233, 0.165,0.233, 0.202, 0.016,-0.163, 0.106, 0.340,0.291, 0.001, 0.140,-0.122, -0.012, 0.004,0.122, 0.013, -0.005,-0.090, -0.413, 0.039,0.139, -0.319, 0.142,-0.103, -0.702, -0.206,0.075, -0.640, -0.067
221031,25,21,3,46,39,43,12,16,35,33,-0.164, 0.479, 0.109,0.187, 0.466, 0.084,-0.229, 0.268, 0.110,0.246, 0.214, 0.013,-0.227, 0.086, 0.244,0.311, 0.003, 0.129,-0.121, -0.008, 0.004,0.121, 0.008, -0.005,-0.086, -0.413, 0.009,0.128, -0.371, 0.014,-0.104, -0.716, -0.198,0.067, -0.709, -0.174
221031,25,21,18,49,27,29,11,16,28,27,-0.155, 0.479, 0.113,0.198, 0.464, 0.124,-0.238, 0.265, 0.081,0.255, 0.213, 0.062,-0.283, 0.044, 0.152,0.309, 0.003, 0.125,-0.120, -0.004, 0.003,0.120, 0.004, -0.004,-0.102, -0.402, -0.011,0.087, -0.382, -0.003,-0.131, -0.721, -0.191,0.044, -0.723, -0.178
221031,25,21,24,51,29,31,9,8,27,23,-0.149, 0.478, 0.113,0.206, 0.464, 0.121,-0.237, 0.264, 0.071,0.258, 0.212, 0.059,-0.295, 0.030, 0.150,0.307, 0.003, 0.127,-0.119, -0.001, 0.002,0.120, 0.001, -0.003,-0.106, -0.403, -0.024,0.061, -0.393, -0.048,-0.139, -0.725, -0.212,0.022, -0.727, -0.238
221031,25,21,27,50,29,33,8,9,23,21,-0.147, 0.479, 0.110,0.207, 0.464, 0.115,-0.236, 0.260, 0.061,0.257, 0.215, 0.055,-0.303, 0.029, 0.135,0.295, 0.013, 0.132,-0.119, 0.001, 0.002,0.119, 0.000, -0.003,-0.106, -0.403, -0.027,0.054, -0.396, -0.035,-0.155, -0.741, -0.191,0.011, -0.737, -0.200
221031,26,23,20,28,25,36,30,9,36,16,-0.141, 0.478, 0.072,0.208, 0.464, 0.082,-0.238, 0.258, 0.032,0.261, 0.224, 0.056,-0.315, 0.026, 0.099,0.276, 0.049, 0.156,-0.118, 0.004, 0.002,0.119, -0.003, -0.003,-0.115, -0.351, 0.144,0.054, -0.401, -0.012,-0.179, -0.705, 0.059,0.000, -0.753, -0.123
221031,24,35,20,31,29,57,45,12,59,18,-0.119, 0.460, 0.074,0.213, 0.438, 0.094,-0.219, 0.240, 0.030,0.278, 0.206, 0.139,-0.304, 0.030, 0.106,0.239, 0.115, 0.317,-0.118, 0.010, 0.002,0.118, -0.009, -0.003,-0.093, -0.297, 0.230,0.037, -0.427, -0.002,-0.173, -0.628, 0.102,-0.015, -0.783, -0.118
221031,20,38,25,39,33,66,58,13,73,20,-0.109, 0.451, 0.071,0.217, 0.427, 0.102,-0.198, 0.227, 0.018,0.278, 0.194, 0.163,-0.286, 0.029, 0.101,0.216, 0.138, 0.357,-0.117, 0.015, 0.001,0.117, -0.014, -0.002,-0.084, -0.231, 0.285,0.033, -0.432, 0.004,-0.160, -0.561, 0.144,-0.025, -0.784, -0.120
221031,21,40,27,41,37,74,63,11,88,23,-0.107, 0.452, 0.012,0.220, 0.428, 0.075,-0.184, 0.229, -0.049,0.286, 0.199, 0.160,-0.266, 0.030, 0.041,0.207, 0.189, 0.378,-0.117, 0.019, -0.003,0.117, -0.019, 0.001,-0.082, -0.161, 0.323,0.033, -0.431, 0.022,-0.141, -0.488, 0.157,-0.021, -0.781, -0.110
221031,18,42,29,45,37,76,66,13,92,25,-0.107, 0.453, 0.011,0.220, 0.428, 0.077,-0.174, 0.229, -0.046,0.285, 0.201, 0.176,-0.240, 0.031, 0.045,0.204, 0.214, 0.396,-0.117, 0.021, -0.007,0.117, -0.021, 0.006,-0.079, -0.143, 0.322,0.035, -0.428, 0.038,-0.125, -0.465, 0.151,-0.018, -0.779, -0.095
221031,19,42,30,44,37,78,64,12,91,25,-0.106, 0.453, -0.001,0.221, 0.429, 0.072,-0.169, 0.229, -0.060,0.284, 0.205, 0.172,-0.229, 0.032, 0.029,0.201, 0.227, 0.395,-0.117, 0.022, -0.009,0.117, -0.021, 0.007,-0.079, -0.148, 0.318,0.036, -0.427, 0.041,-0.125, -0.469, 0.147,-0.017, -0.779, -0.096
221031,19,41,29,46,36,79,63,11,85,25,-0.106, 0.454, -0.003,0.221, 0.430, 0.065,-0.171, 0.230, -0.059,0.283, 0.210, 0.166,-0.230, 0.033, 0.029,0.205, 0.239, 0.386,-0.117, 0.022, -0.009,0.117, -0.022, 0.008,-0.079, -0.146, 0.313,0.036, -0.426, 0.041,-0.126, -0.487, 0.174,-0.017, -0.780, -0.092
221031,18,43,28,49,35,76,61,11,82,25,-0.107, 0.451, 0.005,0.221, 0.426, 0.067,-0.173, 0.225, -0.048,0.284, 0.208, 0.177,-0.232, 0.028, 0.038,0.208, 0.237, 0.403,-0.117, 0.022, -0.009,0.117, -0.022, 0.008,-0.081, -0.167, 0.313,0.034, -0.427, 0.040,-0.133, -0.493, 0.178,-0.018, -0.782, -0.094
221031,18,43,28,49,33,78,55,12,74,24,-0.107, 0.451, 0.010,0.218, 0.426, 0.067,-0.174, 0.225, -0.044,0.282, 0.209, 0.174,-0.233, 0.021, 0.037,0.209, 0.240, 0.392,-0.116, 0.022, -0.008,0.117, -0.022, 0.007,-0.080, -0.222, 0.313,0.033, -0.427, 0.040,-0.141, -0.565, 0.184,-0.019, -0.781, -0.091
221031,19,40,21,45,30,82,39,9,57,22,-0.113, 0.461, 0.013,0.216, 0.440, 0.063,-0.190, 0.236, -0.032,0.282, 0.220, 0.154,-0.257, 0.024, 0.047,0.206, 0.249, 0.362,-0.117, 0.019, -0.006,0.117, -0.019, 0.005,-0.105, -0.300, 0.232,0.030, -0.426, 0.021,-0.174, -0.639, 0.113,-0.022, -0.778, -0.110
221031,22,39,16,42,27,82,32,8,47,21,-0.119, 0.467, 0.019,0.211, 0.446, 0.061,-0.206, 0.246, -0.021,0.281, 0.226, 0.143,-0.275, 0.030, 0.055,0.207, 0.245, 0.346,-0.117, 0.017, -0.004,0.117, -0.017, 0.003,-0.113, -0.326, 0.190,0.026, -0.423, 0.012,-0.184, -0.670, 0.087,-0.024, -0.772, -0.114
221032,24,38,22,41,28,72,27,7,40,22,-0.127, 0.470, 0.068,0.206, 0.452, 0.080,-0.221, 0.253, 0.025,0.275, 0.241, 0.145,-0.291, 0.035, 0.098,0.207, 0.212, 0.349,-0.117, 0.015, -0.002,0.117, -0.014, 0.001,-0.125, -0.362, 0.121,0.026, -0.419, -0.013,-0.186, -0.699, -0.013,-0.020, -0.764, -0.166
221032,25,37,17,33,26,54,8,5,20,20,-0.140, 0.481, 0.084,0.200, 0.462, 0.082,-0.233, 0.263, 0.055,0.274, 0.257, 0.131,-0.303, 0.048, 0.135,0.237, 0.151, 0.317,-0.116, 0.012, -0.002,0.116, -0.012, 0.001,-0.131, -0.398, -0.023,0.032, -0.408, -0.029,-0.183, -0.740, -0.168,-0.004, -0.757, -0.181
221032,26,27,9,4,26,42,9,4,19,18,-0.153, 0.485, 0.089,0.192, 0.469, 0.080,-0.240, 0.263, 0.077,0.259, 0.256, 0.073,-0.305, 0.049, 0.174,0.268, 0.079, 0.213,-0.116, 0.010, -0.002,0.116, -0.009, 0.001,-0.130, -0.408, -0.031,0.050, -0.402, -0.031,-0.178, -0.749, -0.178,0.007, -0.752, -0.180
221032,26,25,13,21,29,36,10,5,25,21,-0.159, 0.486, 0.090,0.191, 0.468, 0.083,-0.243, 0.264, 0.072,0.255, 0.248, 0.056,-0.303, 0.049, 0.173,0.280, 0.042, 0.168,-0.116, 0.008, -0.003,0.117, -0.007, 0.002,-0.129, -0.407, -0.019,0.063, -0.395, -0.027,-0.164, -0.739, -0.192,0.023, -0.734, -0.192
221032,30,22,19,13,33,34,16,21,36,42,-0.166, 0.486, 0.098,0.187, 0.466, 0.087,-0.241, 0.264, 0.126,0.248, 0.210, 0.071,-0.269, 0.079, 0.278,0.280, 0.006, 0.191,-0.118, 0.006, -0.003,0.118, -0.005, 0.002,-0.128, -0.396, 0.020,0.094, -0.363, 0.071,-0.143, -0.726, -0.195,0.045, -0.679, -0.125
221032,32,21,32,17,39,34,21,29,44,53,-0.169, 0.480, 0.098,0.183, 0.463, 0.087,-0.235, 0.261, 0.143,0.245, 0.202, 0.066,-0.222, 0.095, 0.314,0.278, 0.002, 0.184,-0.119, 0.003, -0.002,0.119, -0.003, 0.001,-0.128, -0.391, 0.056,0.113, -0.346, 0.116,-0.131, -0.703, -0.174,0.054, -0.658, -0.103
221032,33,18,52,49,58,39,22,47,47,73,-0.176, 0.463, 0.096,0.172, 0.456, 0.073,-0.220, 0.237, 0.164,0.227, 0.186, 0.000,-0.154, 0.158, 0.380,0.275, -0.019, 0.097,-0.120, -0.004, -0.002,0.120, 0.004, 0.001,-0.115, -0.404, 0.071,0.135, -0.263, 0.204,-0.119, -0.703, -0.159,0.053, -0.588, -0.030
221032,33,17,62,50,63,40,21,55,46,78,-0.182, 0.463, 0.092,0.164, 0.452, 0.053,-0.212, 0.239, 0.171,0.213, 0.181, -0.024,-0.121, 0.191, 0.386,0.274, -0.022, 0.072,-0.120, -0.010, 0.000,0.121, 0.010, -0.001,-0.106, -0.415, 0.070,0.141, -0.202, 0.231,-0.115, -0.712, -0.155,0.069, -0.549, 0.030
221032,33,19,65,53,64,41,18,62,43,84,-0.182, 0.462, 0.081,0.162, 0.451, 0.038,-0.209, 0.239, 0.168,0.209, 0.178, -0.048,-0.133, 0.205, 0.394,0.266, -0.023, 0.046,-0.121, -0.014, 0.000,0.121, 0.015, -0.001,-0.102, -0.419, 0.063,0.141, -0.163, 0.273,-0.111, -0.727, -0.154,0.074, -0.523, 0.093
221032,34,18,67,54,64,40,17,63,41,85,-0.182, 0.459, 0.075,0.159, 0.450, 0.031,-0.207, 0.237, 0.167,0.204, 0.175, -0.052,-0.139, 0.210, 0.391,0.259, -0.026, 0.039,-0.121, -0.017, 0.000,0.121, 0.018, -0.001,-0.100, -0.420, 0.059,0.143, -0.151, 0.279,-0.106, -0.735, -0.144,0.090, -0.514, 0.104
221032,34,19,68,52,63,40,17,65,40,86,-0.182, 0.458, 0.073,0.159, 0.450, 0.027,-0.206, 0.237, 0.170,0.206, 0.176, -0.054,-0.136, 0.210, 0.395,0.259, -0.023, 0.035,-0.121, -0.018, 0.001,0.121, 0.019, -0.002,-0.101, -0.419, 0.061,0.146, -0.141, 0.283,-0.105, -0.733, -0.131,0.092, -0.505, 0.109
221032,35,18,69,45,60,39,18,61,38,83,-0.186, 0.456, 0.078,0.152, 0.446, 0.029,-0.207, 0.235, 0.175,0.205, 0.176, -0.043,-0.130, 0.200, 0.391,0.261, -0.027, 0.051,-0.121, -0.019, 0.001,0.121, 0.019, -0.003,-0.101, -0.419, 0.065,0.146, -0.163, 0.271,-0.107, -0.736, -0.114,0.088, -0.522, 0.092
221032,35,18,71,44,59,38,19,59,39,81,-0.186, 0.455, 0.085,0.153, 0.445, 0.031,-0.202, 0.234, 0.183,0.206, 0.176, -0.041,-0.121, 0.196, 0.398,0.266, -0.024, 0.050,-0.121, -0.019, 0.002,0.121, 0.019, -0.003,-0.100, -0.418, 0.067,0.138, -0.174, 0.267,-0.107, -0.735, -0.115,0.077, -0.530, 0.089
221032,34,18,72,46,60,40,21,60,42,83,-0.187, 0.451, 0.090,0.152, 0.445, 0.040,-0.201, 0.224, 0.182,0.207, 0.177, -0.039,-0.123, 0.184, 0.392,0.269, -0.023, 0.054,-0.121, -0.019, 0.002,0.121, 0.019, -0.003,-0.100, -0.416, 0.076,0.135, -0.178, 0.274,-0.107, -0.725, -0.117,0.071, -0.532, 0.085
221032,34,17,70,26,52,41,22,44,45,69,-0.182, 0.458, 0.090,0.158, 0.452, 0.041,-0.200, 0.235, 0.180,0.216, 0.191, 0.000,-0.126, 0.158, 0.379,0.278, -0.012, 0.136,-0.121, -0.016, 0.002,0.121, 0.017, -0.003,-0.100, -0.408, 0.082,0.135, -0.263, 0.216,-0.104, -0.712, -0.123,0.071, -0.602, 0.012
221032,32,18,66,26,46,41,23,40,50,65,-0.181, 0.458, 0.099,0.162, 0.455, 0.055,-0.203, 0.234, 0.173,0.222, 0.196, 0.016,-0.133, 0.129, 0.348,0.284, -0.001, 0.152,-0.121, -0.015, 0.002,0.122, 0.015, -0.003,-0.101, -0.400, 0.082,0.129, -0.288, 0.190,-0.102, -0.693, -0.155,0.070, -0.619, -0.025
221032,32,19,41,36,39,40,18,22,40,39,-0.167, 0.466, 0.121,0.184, 0.459, 0.084,-0.214, 0.247, 0.172,0.238, 0.199, 0.034,-0.189, 0.098, 0.341,0.302, 0.004, 0.151,-0.121, -0.008, 0.002,0.121, 0.009, -0.003,-0.101, -0.400, 0.032,0.123, -0.354, 0.061,-0.113, -0.700, -0.184,0.065, -0.691, -0.127
221033,22,19,23,51,33,35,10,11,26,24,-0.152, 0.481, 0.119,0.200, 0.464, 0.098,-0.220, 0.263, 0.095,0.244, 0.212, 0.034,-0.255, 0.066, 0.194,0.308, 0.007, 0.118,-0.120, -0.003, 0.001,0.121, 0.004, -0.002,-0.101, -0.401, -0.021,0.089, -0.386, -0.014,-0.124, -0.718, -0.197,0.055, -0.727, -0.183
221033,24,19,27,53,30,33,9,7,24,21,-0.150, 0.482, 0.116,0.202, 0.464, 0.107,-0.234, 0.261, 0.075,0.244, 0.212, 0.047,-0.304, 0.040, 0.160,0.307, 0.006, 0.122,-0.119, 0.000, 0.001,0.120, 0.001, -0.002,-0.108, -0.401, -0.028,0.058, -0.397, -0.039,-0.148, -0.727, -0.198,0.027, -0.738, -0.207
221033,25,20,25,36,29,37,9,7,24,21,-0.147, 0.481, 0.115,0.204, 0.464, 0.103,-0.236, 0.260, 0.077,0.246, 0.217, 0.068,-0.312, 0.030, 0.167,0.300, 0.022, 0.183,-0.119, 0.002, 0.002,0.119, -0.001, -0.003,-0.114, -0.401, -0.026,0.054, -0.395, -0.037,-0.167, -0.731, -0.193,0.006, -0.736, -0.206
221033,25,21,23,36,26,37,12,10,23,22,-0.140, 0.482, 0.099,0.210, 0.465, 0.098,-0.235, 0.260, 0.058,0.255, 0.231, 0.064,-0.316, 0.033, 0.131,0.299, 0.045, 0.173,-0.118, 0.003, 0.002,0.119, -0.003, -0.003,-0.122, -0.392, 0.008,0.056, -0.397, -0.016,-0.176, -0.731, -0.127,0.010, -0.744, -0.175
221033,28,31,16,6,25,44,38,12,42,21,-0.130, 0.473, 0.086,0.213, 0.451, 0.097,-0.241, 0.257, 0.049,0.279, 0.230, 0.106,-0.329, 0.033, 0.120,0.274, 0.074, 0.254,-0.118, 0.007, 0.003,0.118, -0.007, -0.003,-0.118, -0.333, 0.187,0.057, -0.400, 0.000,-0.179, -0.684, 0.103,0.001, -0.749, -0.133
221033,24,38,15,26,26,59,42,15,50,21,-0.110, 0.455, 0.087,0.220, 0.426, 0.115,-0.217, 0.235, 0.047,0.289, 0.196, 0.156,-0.316, 0.029, 0.121,0.249, 0.111, 0.329,-0.118, 0.011, 0.002,0.118, -0.011, -0.003,-0.110, -0.318, 0.208,0.040, -0.421, 0.003,-0.175, -0.661, 0.099,-0.013, -0.775, -0.129
221033,19,41,24,36,30,69,64,16,80,22,-0.104, 0.450, 0.084,0.224, 0.416, 0.115,-0.193, 0.225, 0.033,0.290, 0.189, 0.174,-0.289, 0.027, 0.107,0.219, 0.140, 0.367,-0.117, 0.016, 0.001,0.117, -0.016, -0.002,-0.097, -0.200, 0.297,0.034, -0.430, 0.006,-0.153, -0.520, 0.142,-0.020, -0.779, -0.130
221033,18,42,26,39,34,75,65,15,89,24,-0.097, 0.451, 0.047,0.231, 0.418, 0.100,-0.178, 0.227, -0.011,0.297, 0.191, 0.175,-0.250, 0.029, 0.069,0.216, 0.177, 0.386,-0.117, 0.021, -0.001,0.117, -0.020, 0.000,-0.090, -0.166, 0.312,0.034, -0.427, 0.019,-0.143, -0.479, 0.133,-0.018, -0.775, -0.121
221033,16,43,26,39,36,78,69,17,95,25,-0.098, 0.450, 0.042,0.230, 0.419, 0.100,-0.171, 0.224, -0.012,0.297, 0.192, 0.178,-0.231, 0.024, 0.079,0.221, 0.192, 0.385,-0.117, 0.023, -0.005,0.117, -0.022, 0.003,-0.091, -0.143, 0.321,0.034, -0.427, 0.040,-0.139, -0.450, 0.131,-0.018, -0.781, -0.094
221033,15,42,30,40,37,79,69,16,96,26,-0.099, 0.450, 0.034,0.229, 0.420, 0.096,-0.165, 0.222, -0.023,0.295, 0.192, 0.177,-0.223, 0.024, 0.070,0.222, 0.202, 0.391,-0.117, 0.024, -0.007,0.117, -0.023, 0.006,-0.092, -0.136, 0.322,0.035, -0.426, 0.043,-0.138, -0.445, 0.131,-0.016, -0.780, -0.096
221033,14,42,30,42,37,79,66,16,90,26,-0.098, 0.449, 0.036,0.229, 0.420, 0.095,-0.162, 0.220, -0.019,0.295, 0.192, 0.180,-0.218, 0.023, 0.073,0.222, 0.204, 0.393,-0.117, 0.024, -0.008,0.117, -0.023, 0.006,-0.092, -0.160, 0.317,0.031, -0.426, 0.044,-0.139, -0.475, 0.135,-0.018, -0.780, -0.094
221033,16,41,28,45,35,75,57,13,76,25,-0.096, 0.453, 0.016,0.229, 0.425, 0.075,-0.163, 0.222, -0.037,0.291, 0.202, 0.167,-0.220, 0.024, 0.049,0.204, 0.201, 0.391,-0.116, 0.024, -0.008,0.116, -0.023, 0.006,-0.098, -0.208, 0.308,0.026, -0.425, 0.042,-0.153, -0.557, 0.168,-0.030, -0.780, -0.093
221033,15,37,18,43,28,74,46,12,59,22,-0.096, 0.459, 0.030,0.229, 0.433, 0.072,-0.171, 0.226, -0.006,0.287, 0.205, 0.142,-0.229, 0.027, 0.068,0.207, 0.185, 0.337,-0.116, 0.022, -0.004,0.116, -0.022, 0.003,-0.107, -0.277, 0.263,0.027, -0.424, 0.029,-0.171, -0.631, 0.154,-0.031, -0.778, -0.095
221033,17,35,17,42,29,61,14,5,32,21,-0.105, 0.478, 0.062,0.228, 0.454, 0.073,-0.186, 0.248, 0.033,0.287, 0.230, 0.130,-0.257, 0.047, 0.126,0.216, 0.144, 0.331,-0.116, 0.019, -0.001,0.116, -0.018, 0.000,-0.133, -0.367, 0.044,0.021, -0.415, -0.021,-0.184, -0.707, -0.117,-0.033, -0.762, -0.178
221033,21,29,17,10,29,45,8,5,22,20,-0.124, 0.487, 0.076,0.219, 0.463, 0.073,-0.209, 0.259, 0.050,0.278, 0.239, 0.084,-0.279, 0.052, 0.141,0.257, 0.081, 0.233,-0.116, 0.015, 0.001,0.116, -0.014, -0.002,-0.136, -0.401, -0.007,0.021, -0.407, -0.024,-0.190, -0.742, -0.148,-0.032, -0.759, -0.175
221033,24,25,26,38,32,35,8,5,18,19,-0.139, 0.493, 0.086,0.213, 0.465, 0.083,-0.229, 0.269, 0.043,0.270, 0.239, 0.037,-0.303, 0.054, 0.134,0.281, 0.040, 0.119,-0.116, 0.011, 0.001,0.117, -0.011, -0.002,-0.135, -0.406, -0.025,0.026, -0.401, -0.037,-0.190, -0.754, -0.159,-0.020, -0.750, -0.190
221033,25,23,17,41,31,32,9,5,20,19,-0.144, 0.493, 0.115,0.206, 0.464, 0.112,-0.233, 0.270, 0.087,0.264, 0.216, 0.060,-0.311, 0.062, 0.189,0.292, -0.010, 0.145,-0.116, 0.010, 0.001,0.117, -0.010, -0.002,-0.134, -0.407, -0.044,0.038, -0.399, -0.054,-0.188, -0.743, -0.205,-0.007, -0.737, -0.223
221034,25,22,16,43,32,30,10,6,22,20,-0.144, 0.493, 0.114,0.204, 0.463, 0.117,-0.230, 0.271, 0.087,0.261, 0.204, 0.064,-0.309, 0.065, 0.195,0.296, -0.026, 0.144,-0.116, 0.009, 0.000,0.117, -0.009, -0.001,-0.134, -0.407, -0.033,0.046, -0.397, -0.049,-0.182, -0.741, -0.200,0.004, -0.731, -0.221
221034,27,21,0,29,35,30,10,4,25,20,-0.145, 0.500, 0.111,0.202, 0.461, 0.094,-0.228, 0.279, 0.116,0.256, 0.198, 0.059,-0.293, 0.099, 0.259,0.293, -0.018, 0.151,-0.116, 0.009, 0.000,0.117, -0.008, -0.001,-0.128, -0.399, -0.022,0.057, -0.394, -0.049,-0.153, -0.730, -0.203,0.023, -0.721, -0.220
221034,27,20,13,23,42,33,23,19,45,40,-0.159, 0.496, 0.105,0.190, 0.460, 0.085,-0.227, 0.272, 0.126,0.246, 0.192, 0.058,-0.266, 0.118, 0.302,0.289, -0.008, 0.163,-0.117, 0.007, 0.000,0.117, -0.006, -0.001,-0.128, -0.391, 0.070,0.078, -0.368, 0.058,-0.137, -0.711, -0.161,0.040, -0.681, -0.136
221034,30,19,27,22,46,36,28,38,55,61,-0.166, 0.484, 0.094,0.183, 0.457, 0.074,-0.231, 0.266, 0.133,0.238, 0.184, 0.048,-0.239, 0.133, 0.324,0.286, -0.009, 0.169,-0.119, 0.002, -0.001,0.119, -0.002, 0.000,-0.113, -0.389, 0.117,0.091, -0.307, 0.172,-0.112, -0.690, -0.123,0.049, -0.641, -0.041
221034,34,17,41,23,47,39,27,51,59,72,-0.171, 0.469, 0.093,0.174, 0.452, 0.074,-0.233, 0.252, 0.155,0.224, 0.178, 0.048,-0.217, 0.134, 0.359,0.257, -0.016, 0.180,-0.120, -0.003, -0.001,0.120, 0.003, 0.000,-0.104, -0.398, 0.115,0.098, -0.253, 0.229,-0.111, -0.689, -0.154,0.044, -0.606, 0.016
221034,33,16,40,27,49,40,24,51,53,71,-0.176, 0.459, 0.092,0.170, 0.447, 0.074,-0.237, 0.239, 0.151,0.218, 0.174, 0.046,-0.209, 0.127, 0.343,0.245, -0.019, 0.181,-0.120, -0.006, 0.000,0.120, 0.007, -0.001,-0.091, -0.408, 0.092,0.096, -0.246, 0.227,-0.108, -0.699, -0.154,0.025, -0.606, 0.024
221034,31,14,42,46,49,45,20,64,46,79,-0.186, 0.453, 0.090,0.160, 0.443, 0.064,-0.238, 0.226, 0.145,0.203, 0.172, 0.011,-0.192, 0.106, 0.327,0.234, -0.022, 0.146,-0.120, -0.011, 0.000,0.121, 0.012, -0.001,-0.090, -0.416, 0.065,0.093, -0.178, 0.281,-0.109, -0.715, -0.162,0.017, -0.551, 0.113
221034,29,12,47,48,46,43,17,67,38,82,-0.184, 0.445, 0.091,0.160, 0.433, 0.065,-0.227, 0.208, 0.145,0.196, 0.158, 0.017,-0.160, 0.066, 0.322,0.227, -0.042, 0.153,-0.120, -0.014, -0.001,0.120, 0.015, 0.000,-0.085, -0.423, 0.041,0.075, -0.165, 0.300,-0.100, -0.741, -0.159,0.017, -0.523, 0.134
221034,27,11,65,53,40,43,18,70,33,78,-0.183, 0.443, 0.089,0.161, 0.430, 0.064,-0.203, 0.197, 0.143,0.191, 0.155, 0.016,-0.129, 0.040, 0.309,0.221, -0.046, 0.151,-0.119, -0.015, -0.006,0.119, 0.016, 0.005,-0.086, -0.420, 0.038,0.056, -0.145, 0.319,-0.096, -0.737, -0.122,0.022, -0.526, 0.210
221034,24,11,83,53,33,43,15,71,31,77,-0.182, 0.444, 0.084,0.161, 0.430, 0.063,-0.185, 0.196, 0.136,0.190, 0.155, 0.018,-0.119, 0.028, 0.280,0.220, -0.043, 0.153,-0.119, -0.017, -0.007,0.119, 0.017, 0.006,-0.083, -0.419, 0.020,0.055, -0.137, 0.327,-0.093, -0.739, -0.140,0.022, -0.527, 0.233
221034,20,12,82,47,31,38,12,69,31,74,-0.181, 0.448, 0.082,0.161, 0.434, 0.079,-0.185, 0.198, 0.114,0.192, 0.159, 0.044,-0.126, 0.015, 0.242,0.221, -0.038, 0.165,-0.118, -0.017, -0.010,0.118, 0.017, 0.008,-0.079, -0.418, 0.002,0.058, -0.153, 0.309,-0.078, -0.737, -0.177,0.046, -0.549, 0.210
221034,14,13,17,48,30,35,12,56,30,59,-0.181, 0.449, 0.076,0.162, 0.436, 0.086,-0.189, 0.199, 0.078,0.200, 0.163, 0.045,-0.132, 0.002, 0.178,0.242, -0.037, 0.149,-0.118, -0.016, -0.012,0.118, 0.017, 0.010,-0.068, -0.416, 0.004,0.068, -0.234, 0.272,-0.065, -0.737, -0.165,0.101, -0.625, 0.190
221034,13,15,33,46,30,32,11,48,30,52,-0.179, 0.453, 0.074,0.165, 0.440, 0.085,-0.190, 0.201, 0.066,0.209, 0.168, 0.041,-0.157, 0.002, 0.166,0.259, -0.037, 0.131,-0.117, -0.016, -0.012,0.117, 0.016, 0.010,-0.064, -0.414, 0.000,0.078, -0.265, 0.236,-0.058, -0.736, -0.175,0.104, -0.645, 0.151
221034,13,16,39,47,28,28,7,26,27,32,-0.179, 0.465, 0.074,0.165, 0.453, 0.088,-0.202, 0.219, 0.053,0.213, 0.191, 0.040,-0.207, 0.007, 0.145,0.275, -0.024, 0.112,-0.117, -0.013, -0.012,0.117, 0.013, 0.011,-0.062, -0.414, -0.029,0.095, -0.349, 0.115,-0.061, -0.739, -0.207,0.101, -0.701, 0.009
221034,18,17,30,46,30,28,3,26,30,26,-0.179, 0.468, 0.073,0.164, 0.457, 0.090,-0.227, 0.230, 0.041,0.216, 0.199, 0.040,-0.267, 0.009, 0.134,0.283, -0.014, 0.109,-0.116, -0.008, -0.011,0.116, 0.009, 0.009,-0.062, -0.414, -0.054,0.093, -0.373, 0.117,-0.063, -0.721, -0.278,0.095, -0.748, 0.048
221034,22,17,24,47,30,29,2,25,31,24,-0.181, 0.471, 0.074,0.163, 0.460, 0.097,-0.242, 0.238, 0.041,0.219, 0.205, 0.043,-0.295, 0.014, 0.136,0.283, -0.006, 0.112,-0.116, -0.006, -0.010,0.116, 0.006, 0.009,-0.062, -0.413, -0.066,0.088, -0.379, 0.112,-0.064, -0.710, -0.305,0.082, -0.755, 0.048
221034,24,19,24,45,31,29,8,19,43,24,-0.177, 0.474, 0.068,0.166, 0.461, 0.096,-0.248, 0.244, 0.028,0.227, 0.207, 0.043,-0.319, 0.022, 0.124,0.296, 0.004, 0.110,-0.116, -0.003, -0.010,0.116, 0.004, 0.008,-0.065, -0.401, -0.014,0.084, -0.401, 0.068,-0.070, -0.689, -0.286,0.081, -0.771, -0.036
221035,24,20,27,45,33,30,10,15,39,24,-0.174, 0.471, 0.086,0.169, 0.460, 0.111,-0.250, 0.242, 0.039,0.235, 0.209, 0.053,-0.331, 0.022, 0.134,0.305, 0.003, 0.122,-0.116, -0.002, -0.009,0.116, 0.003, 0.008,-0.069, -0.399, -0.013,0.078, -0.405, 0.025,-0.071, -0.693, -0.253,0.079, -0.762, -0.118
221035,26,21,20,44,33,30,19,12,39,26,-0.168, 0.464, 0.117,0.174, 0.457, 0.132,-0.249, 0.241, 0.083,0.241, 0.208, 0.072,-0.339, 0.023, 0.192,0.311, 0.002, 0.139,-0.117, -0.002, -0.009,0.117, 0.003, 0.008,-0.073, -0.398, 0.021,0.079, -0.400, -0.011,-0.078, -0.697, -0.185,0.077, -0.751, -0.204
221035,26,22,23,42,33,30,15,8,36,23,-0.163, 0.465, 0.126,0.182, 0.457, 0.139,-0.249, 0.245, 0.085,0.245, 0.209, 0.084,-0.350, 0.031, 0.190,0.313, 0.001, 0.156,-0.117, -0.002, -0.007,0.117, 0.003, 0.006,-0.073, -0.401, -0.007,0.079, -0.397, -0.052,-0.079, -0.708, -0.233,0.066, -0.737, -0.265
221035,27,23,21,43,32,29,12,8,31,22,-0.156, 0.466, 0.136,0.192, 0.455, 0.159,-0.249, 0.249, 0.092,0.249, 0.209, 0.112,-0.363, 0.037, 0.187,0.312, 0.001, 0.185,-0.117, -0.002, -0.007,0.117, 0.002, 0.006,-0.075, -0.401, -0.036,0.079, -0.392, -0.073,-0.088, -0.716, -0.253,0.060, -0.715, -0.291
221035,27,23,22,43,32,32,11,7,29,22,-0.153, 0.468, 0.133,0.200, 0.455, 0.152,-0.246, 0.249, 0.089,0.254, 0.209, 0.107,-0.360, 0.042, 0.184,0.313, 0.000, 0.195,-0.117, -0.001, -0.005,0.117, 0.002, 0.004,-0.079, -0.401, -0.042,0.077, -0.390, -0.077,-0.093, -0.719, -0.253,0.050, -0.711, -0.296
221035,27,23,20,44,32,36,9,8,27,21,-0.154, 0.472, 0.130,0.203, 0.457, 0.151,-0.248, 0.253, 0.089,0.257, 0.211, 0.104,-0.370, 0.050, 0.184,0.313, 0.003, 0.206,-0.117, 0.000, -0.004,0.118, 0.001, 0.003,-0.089, -0.402, -0.045,0.071, -0.390, -0.069,-0.113, -0.727, -0.250,0.032, -0.711, -0.275
221035,27,24,20,36,32,33,9,8,22,21,-0.151, 0.474, 0.121,0.205, 0.460, 0.134,-0.247, 0.253, 0.082,0.260, 0.216, 0.096,-0.366, 0.052, 0.177,0.314, 0.006, 0.198,-0.117, 0.000, -0.003,0.118, 0.000, 0.002,-0.094, -0.408, -0.043,0.062, -0.393, -0.055,-0.134, -0.745, -0.211,0.014, -0.723, -0.247
221035,27,24,17,26,30,32,6,6,19,20,-0.149, 0.478, 0.102,0.205, 0.463, 0.110,-0.246, 0.255, 0.070,0.260, 0.219, 0.085,-0.362, 0.053, 0.165,0.312, 0.012, 0.194,-0.117, 0.001, -0.002,0.118, -0.001, 0.001,-0.101, -0.409, -0.042,0.050, -0.395, -0.049,-0.152, -0.753, -0.187,-0.011, -0.733, -0.233
221035,27,23,18,38,28,31,11,7,26,19,-0.146, 0.477, 0.107,0.206, 0.459, 0.112,-0.247, 0.255, 0.073,0.260, 0.217, 0.070,-0.360, 0.050, 0.160,0.304, 0.011, 0.157,-0.117, 0.003, 0.003,0.117, -0.002, -0.004,-0.102, -0.405, -0.004,0.034, -0.400, -0.047,-0.170, -0.743, -0.154,-0.033, -0.741, -0.212
221035,27,23,19,45,27,29,17,11,31,20,-0.137, 0.476, 0.105,0.212, 0.452, 0.111,-0.241, 0.255, 0.067,0.267, 0.212, 0.058,-0.342, 0.047, 0.144,0.305, 0.004, 0.125,-0.117, 0.005, 0.003,0.117, -0.004, -0.004,-0.107, -0.388, 0.040,0.029, -0.401, -0.019,-0.166, -0.719, -0.113,-0.029, -0.743, -0.164
221035,25,23,21,47,27,29,43,14,58,23,-0.135, 0.471, 0.100,0.212, 0.442, 0.109,-0.232, 0.252, 0.058,0.266, 0.198, 0.053,-0.323, 0.042, 0.133,0.299, -0.011, 0.115,-0.117, 0.008, 0.003,0.117, -0.007, -0.004,-0.102, -0.330, 0.214,0.022, -0.409, 0.001,-0.163, -0.643, 0.067,-0.039, -0.756, -0.145
221035,25,23,21,49,28,27,60,17,69,23,-0.127, 0.456, 0.094,0.215, 0.416, 0.109,-0.226, 0.241, 0.050,0.266, 0.166, 0.054,-0.314, 0.033, 0.123,0.296, -0.046, 0.114,-0.117, 0.012, 0.002,0.117, -0.012, -0.003,-0.076, -0.254, 0.307,0.025, -0.408, 0.020,-0.148, -0.595, 0.191,-0.041, -0.754, -0.109
221035,23,23,20,53,27,26,67,18,72,21,-0.118, 0.445, 0.090,0.218, 0.405, 0.110,-0.215, 0.227, 0.047,0.264, 0.149, 0.055,-0.304, 0.019, 0.119,0.291, -0.067, 0.110,-0.116, 0.016, 0.002,0.117, -0.015, -0.003,-0.072, -0.204, 0.327,0.025, -0.406, 0.023,-0.136, -0.558, 0.236,-0.045, -0.753, -0.093
221035,22,22,19,58,29,25,65,18,62,21,-0.109, 0.446, 0.090,0.227, 0.401, 0.110,-0.208, 0.226, 0.049,0.264, 0.142, 0.056,-0.295, 0.018, 0.127,0.290, -0.076, 0.109,-0.116, 0.018, 0.002,0.116, -0.018, -0.003,-0.069, -0.223, 0.331,0.025, -0.405, 0.021,-0.131, -0.585, 0.284,-0.049, -0.753, -0.096
221035,22,22,20,59,28,25,61,15,50,14,-0.110, 0.447, 0.097,0.228, 0.403, 0.109,-0.205, 0.226, 0.057,0.265, 0.144, 0.051,-0.288, 0.016, 0.134,0.285, -0.074, 0.099,-0.116, 0.018, 0.006,0.116, -0.018, -0.007,-0.070, -0.238, 0.304,0.026, -0.405, -0.004,-0.141, -0.634, 0.317,-0.061, -0.752, -0.095
221035,21,22,22,59,27,26,55,15,44,10,-0.111, 0.449, 0.104,0.227, 0.404, 0.109,-0.205, 0.226, 0.064,0.264, 0.146, 0.049,-0.286, 0.014, 0.136,0.281, -0.071, 0.100,-0.116, 0.018, 0.009,0.116, -0.018, -0.010,-0.074, -0.287, 0.289,0.019, -0.405, -0.011,-0.150, -0.685, 0.298,-0.071, -0.754, -0.081
221035,21,21,22,57,26,28,51,11,41,6,-0.112, 0.458, 0.101,0.227, 0.414, 0.095,-0.205, 0.229, 0.064,0.264, 0.155, 0.033,-0.284, 0.015, 0.137,0.280, -0.069, 0.093,-0.116, 0.017, 0.011,0.116, -0.017, -0.012,-0.078, -0.314, 0.286,0.014, -0.406, -0.028,-0.153, -0.707, 0.296,-0.077, -0.756, -0.085
221036,21,21,21,58,25,28,46,9,36,8,-0.114, 0.465, 0.102,0.227, 0.420, 0.095,-0.206, 0.232, 0.068,0.263, 0.162, 0.034,-0.285, 0.016, 0.141,0.279, -0.065, 0.095,-0.116, 0.015, 0.013,0.116, -0.015, -0.014,-0.080, -0.332, 0.261,0.010, -0.406, -0.041,-0.154, -0.719, 0.275,-0.080, -0.755, -0.119
221036,21,20,21,59,24,31,26,8,26,14,-0.127, 0.474, 0.106,0.218, 0.439, 0.092,-0.213, 0.240, 0.076,0.253, 0.183, 0.026,-0.288, 0.022, 0.150,0.278, -0.044, 0.095,-0.116, 0.012, 0.017,0.116, -0.012, -0.018,-0.089, -0.374, 0.124,0.006, -0.406, -0.056,-0.168, -0.744, 0.085,-0.086, -0.755, -0.184
221036,22,18,23,56,25,31,15,8,21,18,-0.141, 0.482, 0.115,0.205, 0.447, 0.093,-0.224, 0.248, 0.085,0.244, 0.188, 0.026,-0.297, 0.033, 0.161,0.279, -0.038, 0.097,-0.116, 0.008, 0.018,0.116, -0.007, -0.019,-0.093, -0.412, 0.044,0.006, -0.403, -0.062,-0.178, -0.775, -0.029,-0.086, -0.749, -0.221
221036,25,18,18,51,25,31,18,9,20,20,-0.150, 0.484, 0.118,0.195, 0.447, 0.093,-0.238, 0.251, 0.096,0.238, 0.187, 0.030,-0.313, 0.035, 0.179,0.278, -0.038, 0.105,-0.115, 0.004, 0.018,0.116, -0.004, -0.019,-0.096, -0.411, 0.069,0.007, -0.394, -0.064,-0.177, -0.781, 0.020,-0.087, -0.737, -0.243
221036,25,17,19,52,25,31,14,9,20,19,-0.155, 0.486, 0.118,0.191, 0.453, 0.093,-0.240, 0.254, 0.094,0.232, 0.192, 0.030,-0.314, 0.037, 0.176,0.273, -0.034, 0.106,-0.115, 0.003, 0.018,0.116, -0.002, -0.019,-0.098, -0.420, 0.035,0.007, -0.395, -0.069,-0.183, -0.789, -0.038,-0.086, -0.737, -0.243
221036,24,17,19,53,27,32,13,6,23,25,-0.154, 0.493, 0.107,0.192, 0.465, 0.088,-0.239, 0.263, 0.082,0.232, 0.204, 0.028,-0.314, 0.046, 0.174,0.272, -0.026, 0.111,-0.116, 0.003, 0.018,0.116, -0.002, -0.019,-0.108, -0.418, 0.039,0.017, -0.394, -0.081,-0.197, -0.778, -0.060,-0.086, -0.714, -0.312
221036,24,17,19,53,28,32,11,5,23,23,-0.153, 0.496, 0.103,0.193, 0.468, 0.086,-0.239, 0.266, 0.077,0.232, 0.206, 0.028,-0.314, 0.049, 0.173,0.272, -0.022, 0.112,-0.116, 0.002, 0.018,0.116, -0.002, -0.019,-0.110, -0.416, 0.028,0.020, -0.394, -0.089,-0.200, -0.772, -0.088,-0.084, -0.716, -0.309
221036,24,17,23,53,28,32,10,7,23,23,-0.153, 0.495, 0.101,0.194, 0.465, 0.092,-0.238, 0.265, 0.066,0.235, 0.204, 0.032,-0.314, 0.048, 0.152,0.276, -0.022, 0.112,-0.116, 0.003, 0.015,0.116, -0.002, -0.016,-0.112, -0.414, 0.012,0.021, -0.395, -0.059,-0.198, -0.770, -0.119,-0.071, -0.724, -0.256
221036,24,18,23,53,29,31,9,10,27,26,-0.153, 0.495, 0.098,0.193, 0.465, 0.092,-0.238, 0.267, 0.063,0.236, 0.205, 0.032,-0.314, 0.050, 0.152,0.277, -0.022, 0.112,-0.116, 0.003, 0.012,0.116, -0.002, -0.014,-0.115, -0.413, 0.004,0.022, -0.394, -0.033,-0.195, -0.757, -0.161,-0.065, -0.725, -0.223
221036,24,18,18,49,30,30,7,8,27,24,-0.153, 0.497, 0.091,0.194, 0.466, 0.086,-0.237, 0.272, 0.064,0.239, 0.207, 0.031,-0.306, 0.057, 0.166,0.284, -0.019, 0.110,-0.116, 0.003, 0.010,0.116, -0.003, -0.011,-0.115, -0.412, -0.008,0.024, -0.396, -0.037,-0.184, -0.748, -0.188,-0.054, -0.728, -0.223
221036,25,18,9,47,34,32,9,7,29,26,-0.154, 0.497, 0.091,0.191, 0.467, 0.076,-0.237, 0.273, 0.081,0.238, 0.208, 0.022,-0.290, 0.064, 0.217,0.288, -0.010, 0.105,-0.116, 0.003, 0.010,0.116, -0.003, -0.011,-0.114, -0.412, 0.001,0.028, -0.396, -0.039,-0.174, -0.738, -0.184,-0.047, -0.728, -0.238
221036,25,19,3,45,36,33,8,6,30,25,-0.154, 0.497, 0.089,0.191, 0.467, 0.072,-0.231, 0.272, 0.089,0.238, 0.207, 0.020,-0.261, 0.066, 0.234,0.292, -0.005, 0.107,-0.116, 0.003, 0.009,0.116, -0.003, -0.010,-0.112, -0.411, -0.001,0.031, -0.396, -0.040,-0.152, -0.734, -0.195,-0.031, -0.728, -0.235
221036,24,18,6,46,36,34,8,6,31,25,-0.155, 0.495, 0.096,0.192, 0.467, 0.075,-0.229, 0.270, 0.093,0.238, 0.207, 0.019,-0.248, 0.065, 0.227,0.296, -0.001, 0.105,-0.116, 0.003, 0.009,0.117, -0.003, -0.010,-0.111, -0.411, -0.007,0.035, -0.396, -0.043,-0.144, -0.728, -0.211,-0.021, -0.728, -0.237
221036,24,18,3,48,39,37,8,1,33,24,-0.162, 0.495, 0.108,0.189, 0.470, 0.080,-0.229, 0.270, 0.109,0.235, 0.209, 0.020,-0.214, 0.070, 0.248,0.290, 0.004, 0.116,-0.116, 0.003, 0.009,0.117, -0.002, -0.010,-0.103, -0.410, -0.013,0.053, -0.392, -0.072,-0.133, -0.717, -0.232,-0.010, -0.716, -0.284
221036,25,18,0,47,40,37,10,7,33,30,-0.165, 0.491, 0.118,0.188, 0.470, 0.088,-0.230, 0.269, 0.124,0.235, 0.209, 0.027,-0.197, 0.070, 0.264,0.289, 0.004, 0.123,-0.116, 0.002, 0.009,0.117, -0.001, -0.010,-0.098, -0.410, -0.008,0.083, -0.385, -0.047,-0.117, -0.717, -0.227,0.010, -0.705, -0.277
221036,27,18,5,44,42,38,13,16,38,41,-0.170, 0.486, 0.121,0.181, 0.470, 0.088,-0.234, 0.263, 0.134,0.231, 0.207, 0.029,-0.188, 0.071, 0.279,0.288, 0.005, 0.131,-0.117, 0.000, 0.011,0.117, 0.001, -0.012,-0.088, -0.414, 0.017,0.115, -0.369, 0.006,-0.108, -0.718, -0.216,0.015, -0.683, -0.224
221036,27,17,7,41,43,38,15,23,39,44,-0.176, 0.477, 0.122,0.176, 0.462, 0.100,-0.237, 0.249, 0.134,0.223, 0.195, 0.053,-0.184, 0.063, 0.272,0.279, -0.002, 0.161,-0.117, -0.002, 0.010,0.117, 0.002, -0.011,-0.083, -0.418, 0.025,0.111, -0.356, 0.047,-0.103, -0.726, -0.203,0.018, -0.672, -0.163
221036,26,16,12,38,39,37,19,47,46,66,-0.183, 0.467, 0.115,0.166, 0.453, 0.100,-0.240, 0.234, 0.130,0.215, 0.187, 0.057,-0.188, 0.049, 0.245,0.256, -0.011, 0.167,-0.118, -0.005, 0.007,0.118, 0.006, -0.008,-0.083, -0.418, 0.054,0.105, -0.277, 0.186,-0.101, -0.719, -0.190,0.018, -0.614, -0.021
221036,27,15,9,44,38,37,19,48,45,65,-0.189, 0.462, 0.116,0.162, 0.448, 0.105,-0.245, 0.227, 0.128,0.209, 0.180, 0.056,-0.192, 0.038, 0.241,0.238, -0.023, 0.161,-0.118, -0.008, 0.005,0.118, 0.008, -0.006,-0.081, -0.421, 0.049,0.103, -0.265, 0.179,-0.097, -0.722, -0.194,0.020, -0.602, -0.023
221037,26,15,11,42,37,37,19,53,46,68,-0.189, 0.460, 0.113,0.160, 0.446, 0.100,-0.245, 0.224, 0.127,0.209, 0.177, 0.052,-0.193, 0.034, 0.238,0.232, -0.024, 0.157,-0.118, -0.009, 0.004,0.119, 0.010, -0.005,-0.081, -0.420, 0.052,0.100, -0.251, 0.210,-0.097, -0.717, -0.194,0.019, -0.600, 0.015
221037,26,15,9,42,36,36,18,52,48,67,-0.190, 0.459, 0.108,0.158, 0.446, 0.096,-0.245, 0.222, 0.119,0.208, 0.178, 0.046,-0.194, 0.028, 0.225,0.232, -0.024, 0.143,-0.118, -0.010, 0.004,0.119, 0.011, -0.005,-0.076, -0.420, 0.049,0.097, -0.258, 0.218,-0.090, -0.710, -0.206,0.018, -0.608, 0.030
221037,25,14,7,44,36,36,17,54,48,67,-0.194, 0.458, 0.106,0.152, 0.445, 0.096,-0.245, 0.220, 0.114,0.201, 0.177, 0.046,-0.195, 0.025, 0.221,0.226, -0.024, 0.142,-0.119, -0.011, 0.003,0.119, 0.011, -0.004,-0.074, -0.419, 0.041,0.088, -0.259, 0.236,-0.090, -0.705, -0.223,0.017, -0.613, 0.062
221037,25,14,5,44,36,35,14,40,42,52,-0.193, 0.458, 0.106,0.152, 0.445, 0.099,-0.245, 0.221, 0.112,0.201, 0.178, 0.048,-0.195, 0.026, 0.221,0.228, -0.024, 0.142,-0.118, -0.010, 0.000,0.118, 0.011, -0.001,-0.068, -0.418, 0.010,0.082, -0.334, 0.183,-0.085, -0.707, -0.235,0.045, -0.684, 0.024
221037,25,14,3,44,37,34,14,31,42,40,-0.193, 0.462, 0.103,0.153, 0.450, 0.097,-0.245, 0.230, 0.106,0.201, 0.183, 0.047,-0.196, 0.030, 0.219,0.230, -0.019, 0.137,-0.118, -0.009, 0.000,0.118, 0.010, -0.001,-0.067, -0.417, 0.012,0.086, -0.360, 0.124,-0.083, -0.708, -0.231,0.058, -0.719, -0.019
221037,24,14,0,46,38,33,11,30,37,37,-0.192, 0.463, 0.102,0.153, 0.451, 0.097,-0.245, 0.232, 0.102,0.202, 0.184, 0.045,-0.196, 0.031, 0.218,0.235, -0.020, 0.133,-0.117, -0.009, -0.001,0.118, 0.009, 0.000,-0.063, -0.417, -0.010,0.086, -0.366, 0.123,-0.081, -0.713, -0.233,0.068, -0.731, -0.004
221037,24,15,2,44,39,32,10,22,36,26,-0.187, 0.466, 0.100,0.155, 0.456, 0.097,-0.244, 0.238, 0.098,0.208, 0.188, 0.043,-0.198, 0.037, 0.219,0.246, -0.020, 0.126,-0.117, -0.007, -0.001,0.117, 0.007, 0.000,-0.062, -0.417, -0.012,0.084, -0.384, 0.068,-0.082, -0.714, -0.230,0.067, -0.755, -0.041
221037,25,17,6,46,41,33,9,19,36,22,-0.180, 0.469, 0.098,0.162, 0.460, 0.092,-0.242, 0.246, 0.091,0.219, 0.196, 0.029,-0.206, 0.044, 0.219,0.266, -0.016, 0.110,-0.117, -0.005, 0.000,0.117, 0.006, -0.001,-0.062, -0.416, -0.017,0.082, -0.393, 0.053,-0.084, -0.705, -0.240,0.063, -0.770, -0.045
221037,24,18,11,46,40,32,7,19,38,23,-0.176, 0.476, 0.088,0.168, 0.465, 0.087,-0.240, 0.255, 0.075,0.227, 0.205, 0.025,-0.216, 0.050, 0.201,0.278, -0.013, 0.102,-0.117, -0.004, 0.000,0.117, 0.005, -0.001,-0.061, -0.415, -0.023,0.080, -0.392, 0.058,-0.084, -0.700, -0.259,0.063, -0.766, -0.044
221037,23,20,8,44,39,32,4,13,36,20,-0.167, 0.483, 0.087,0.179, 0.465, 0.087,-0.233, 0.264, 0.077,0.240, 0.206, 0.026,-0.223, 0.063, 0.206,0.289, -0.011, 0.104,-0.117, -0.002, 0.000,0.117, 0.002, -0.001,-0.060, -0.414, -0.046,0.076, -0.398, 0.022,-0.084, -0.698, -0.290,0.062, -0.764, -0.091
221037,23,21,6,42,38,31,5,11,36,22,-0.164, 0.486, 0.087,0.181, 0.466, 0.088,-0.231, 0.267, 0.079,0.245, 0.206, 0.029,-0.230, 0.066, 0.210,0.295, -0.011, 0.105,-0.117, -0.001, 0.000,0.117, 0.001, -0.001,-0.060, -0.412, -0.040,0.076, -0.401, 0.007,-0.087, -0.699, -0.278,0.061, -0.762, -0.131
221037,23,21,2,42,39,31,5,8,35,23,-0.162, 0.486, 0.091,0.182, 0.466, 0.088,-0.226, 0.268, 0.089,0.245, 0.208, 0.030,-0.230, 0.070, 0.232,0.296, -0.009, 0.106,-0.117, -0.001, 0.000,0.117, 0.001, -0.001,-0.061, -0.412, -0.037,0.080, -0.398, -0.022,-0.089, -0.702, -0.265,0.060, -0.757, -0.197
221037,23,21,2,43,39,31,6,7,35,22,-0.158, 0.487, 0.097,0.186, 0.466, 0.092,-0.221, 0.270, 0.096,0.247, 0.208, 0.033,-0.230, 0.072, 0.244,0.298, -0.009, 0.108,-0.117, 0.000, 0.000,0.117, 0.001, -0.002,-0.062, -0.410, -0.035,0.080, -0.398, -0.033,-0.094, -0.702, -0.262,0.057, -0.754, -0.217
221037,22,20,0,46,39,31,7,4,35,24,-0.152, 0.489, 0.100,0.193, 0.466, 0.096,-0.213, 0.274, 0.101,0.248, 0.212, 0.036,-0.230, 0.079, 0.255,0.296, -0.005, 0.111,-0.117, 0.000, 0.000,0.117, 0.001, -0.002,-0.065, -0.409, -0.036,0.078, -0.396, -0.060,-0.093, -0.703, -0.274,0.056, -0.726, -0.272
221037,22,20,1,49,39,32,7,5,35,26,-0.146, 0.490, 0.100,0.198, 0.466, 0.097,-0.205, 0.276, 0.101,0.249, 0.212, 0.036,-0.230, 0.084, 0.258,0.295, -0.003, 0.112,-0.117, 0.000, 0.000,0.118, 0.000, -0.002,-0.072, -0.408, -0.034,0.075, -0.395, -0.059,-0.095, -0.702, -0.277,0.051, -0.714, -0.279
221037,21,20,3,49,37,32,6,4,33,23,-0.140, 0.491, 0.098,0.202, 0.466, 0.097,-0.197, 0.276, 0.101,0.251, 0.212, 0.039,-0.232, 0.085, 0.256,0.291, -0.003, 0.117,-0.117, 0.001, 0.000,0.118, -0.001, -0.001,-0.078, -0.407, -0.040,0.067, -0.395, -0.060,-0.105, -0.705, -0.275,0.031, -0.716, -0.264
221037,21,20,0,48,36,30,5,5,32,23,-0.138, 0.492, 0.099,0.203, 0.466, 0.106,-0.199, 0.278, 0.098,0.251, 0.212, 0.054,-0.244, 0.086, 0.241,0.285, -0.004, 0.130,-0.117, 0.002, 0.000,0.118, -0.002, -0.001,-0.082, -0.406, -0.044,0.065, -0.395, -0.058,-0.111, -0.707, -0.273,0.026, -0.717, -0.255
221037,20,20,6,47,35,29,6,5,31,23,-0.134, 0.493, 0.099,0.205, 0.464, 0.107,-0.197, 0.280, 0.090,0.252, 0.211, 0.058,-0.245, 0.092, 0.217,0.283, -0.005, 0.132,-0.117, 0.003, 0.000,0.117, -0.002, -0.001,-0.083, -0.406, -0.043,0.063, -0.395, -0.060,-0.112, -0.714, -0.272,0.025, -0.716, -0.261
221037,20,20,6,47,35,30,6,5,32,23,-0.130, 0.493, 0.100,0.209, 0.463, 0.108,-0.195, 0.280, 0.090,0.254, 0.210, 0.062,-0.245, 0.092, 0.217,0.277, -0.006, 0.140,-0.117, 0.003, -0.001,0.117, -0.003, 0.000,-0.097, -0.405, -0.038,0.058, -0.395, -0.055,-0.126, -0.714, -0.266,0.014, -0.715, -0.256
221037,20,21,6,48,36,29,7,6,33,25,-0.125, 0.493, 0.101,0.213, 0.460, 0.113,-0.192, 0.280, 0.091,0.256, 0.208, 0.067,-0.245, 0.092, 0.219,0.275, -0.007, 0.144,-0.117, 0.005, -0.001,0.117, -0.004, 0.000,-0.109, -0.402, -0.032,0.055, -0.395, -0.053,-0.133, -0.710, -0.266,0.010, -0.713, -0.261
221037,19,21,6,48,37,30,7,6,31,25,-0.122, 0.493, 0.101,0.216, 0.458, 0.113,-0.187, 0.279, 0.091,0.259, 0.206, 0.068,-0.245, 0.092, 0.226,0.274, -0.009, 0.148,-0.117, 0.006, -0.002,0.117, -0.005, 0.001,-0.111, -0.401, -0.032,0.047, -0.395, -0.052,-0.139, -0.710, -0.250,-0.002, -0.714, -0.259
221037,18,21,7,48,36,29,14,7,34,26,-0.117, 0.493, 0.099,0.219, 0.455, 0.114,-0.182, 0.277, 0.087,0.262, 0.199, 0.070,-0.244, 0.089, 0.216,0.274, -0.015, 0.147,-0.117, 0.006, -0.003,0.117, -0.006, 0.002,-0.122, -0.391, 0.012,0.045, -0.395, -0.036,-0.144, -0.708, -0.191,-0.001, -0.714, -0.236
221038,16,22,19,49,34,28,14,11,31,25,-0.111, 0.492, 0.092,0.226, 0.450, 0.115,-0.177, 0.273, 0.064,0.270, 0.190, 0.070,-0.246, 0.079, 0.169,0.275, -0.027, 0.141,-0.117, 0.007, -0.005,0.117, -0.007, 0.004,-0.129, -0.383, 0.018,0.037, -0.395, -0.007,-0.152, -0.708, -0.158,-0.001, -0.722, -0.176
221038,16,23,15,44,32,27,27,15,45,29,-0.107, 0.489, 0.089,0.227, 0.445, 0.115,-0.175, 0.264, 0.065,0.272, 0.183, 0.076,-0.245, 0.071, 0.167,0.274, -0.033, 0.143,-0.117, 0.009, -0.006,0.117, -0.009, 0.005,-0.132, -0.363, 0.103,0.034, -0.397, 0.020,-0.157, -0.684, -0.079,-0.005, -0.724, -0.146
221038,16,24,14,42,33,25,25,15,42,28,-0.104, 0.487, 0.091,0.229, 0.441, 0.120,-0.174, 0.261, 0.066,0.273, 0.179, 0.086,-0.245, 0.067, 0.171,0.273, -0.037, 0.150,-0.116, 0.011, -0.006,0.117, -0.010, 0.005,-0.129, -0.364, 0.087,0.033, -0.399, 0.013,-0.157, -0.687, -0.088,-0.009, -0.728, -0.154
221038,15,24,19,47,26,24,25,16,41,28,-0.101, 0.483, 0.091,0.231, 0.435, 0.130,-0.173, 0.255, 0.056,0.274, 0.174, 0.093,-0.247, 0.058, 0.125,0.272, -0.045, 0.152,-0.116, 0.011, -0.006,0.117, -0.011, 0.005,-0.127, -0.365, 0.083,0.031, -0.402, 0.012,-0.155, -0.688, -0.089,-0.013, -0.732, -0.157
221038,15,24,24,52,30,27,14,10,31,24,-0.102, 0.481, 0.102,0.232, 0.432, 0.139,-0.173, 0.251, 0.059,0.273, 0.170, 0.096,-0.256, 0.055, 0.134,0.266, -0.049, 0.158,-0.116, 0.011, -0.005,0.116, -0.011, 0.004,-0.121, -0.373, 0.005,0.030, -0.402, -0.042,-0.154, -0.699, -0.184,-0.016, -0.731, -0.240
221038,15,23,26,56,30,27,16,11,28,23,-0.102, 0.477, 0.107,0.233, 0.428, 0.145,-0.173, 0.247, 0.060,0.272, 0.166, 0.098,-0.258, 0.048, 0.134,0.262, -0.054, 0.158,-0.116, 0.011, -0.004,0.116, -0.011, 0.003,-0.119, -0.373, 0.015,0.027, -0.402, -0.042,-0.153, -0.703, -0.142,-0.019, -0.732, -0.231
221038,15,23,27,59,30,26,28,11,37,23,-0.102, 0.476, 0.103,0.233, 0.427, 0.144,-0.174, 0.245, 0.053,0.270, 0.164, 0.096,-0.261, 0.044, 0.126,0.260, -0.056, 0.152,-0.116, 0.012, -0.003,0.116, -0.011, 0.002,-0.117, -0.365, 0.100,0.025, -0.402, -0.040,-0.152, -0.700, -0.035,-0.021, -0.732, -0.226
221038,14,22,28,62,31,27,21,11,31,23,-0.103, 0.477, 0.103,0.233, 0.427, 0.143,-0.173, 0.245, 0.054,0.268, 0.165, 0.092,-0.260, 0.044, 0.129,0.260, -0.056, 0.150,-0.116, 0.012, -0.003,0.116, -0.011, 0.002,-0.115, -0.375, 0.052,0.023, -0.402, -0.038,-0.152, -0.713, -0.088,-0.025, -0.732, -0.223
221038,14,22,28,62,29,26,20,10,28,21,-0.103, 0.479, 0.093,0.234, 0.429, 0.129,-0.173, 0.246, 0.044,0.267, 0.165, 0.081,-0.261, 0.044, 0.114,0.259, -0.055, 0.138,-0.116, 0.011, -0.002,0.116, -0.011, 0.001,-0.113, -0.377, 0.062,0.020, -0.400, -0.036,-0.152, -0.724, -0.055,-0.028, -0.732, -0.198
221038,14,21,28,65,30,27,14,10,23,22,-0.104, 0.480, 0.093,0.233, 0.430, 0.128,-0.173, 0.246, 0.046,0.262, 0.166, 0.078,-0.261, 0.045, 0.119,0.255, -0.054, 0.141,-0.116, 0.011, -0.001,0.116, -0.011, 0.000,-0.109, -0.394, 0.018,0.019, -0.399, -0.038,-0.153, -0.740, -0.106,-0.029, -0.731, -0.207
221038,17,20,28,67,28,29,13,8,17,19,-0.113, 0.481, 0.102,0.229, 0.432, 0.127,-0.190, 0.249, 0.052,0.256, 0.172, 0.073,-0.272, 0.045, 0.121,0.250, -0.052, 0.141,-0.116, 0.010, 0.005,0.116, -0.010, -0.006,-0.106, -0.397, 0.019,0.017, -0.399, -0.063,-0.164, -0.751, -0.059,-0.041, -0.731, -0.237
221038,20,18,26,71,29,32,13,4,18,19,-0.120, 0.486, 0.106,0.225, 0.440, 0.122,-0.204, 0.258, 0.059,0.249, 0.181, 0.061,-0.281, 0.047, 0.133,0.248, -0.046, 0.138,-0.116, 0.009, 0.010,0.116, -0.009, -0.011,-0.105, -0.400, 0.023,0.015, -0.398, -0.094,-0.171, -0.752, -0.058,-0.046, -0.728, -0.295
221038,21,16,25,74,30,33,13,3,19,23,-0.126, 0.487, 0.111,0.221, 0.446, 0.119,-0.210, 0.260, 0.069,0.241, 0.189, 0.054,-0.285, 0.047, 0.152,0.248, -0.043, 0.137,-0.116, 0.008, 0.012,0.116, -0.007, -0.013,-0.103, -0.403, 0.024,0.012, -0.398, -0.110,-0.170, -0.753, -0.062,-0.051, -0.709, -0.349
221038,22,15,23,75,30,34,13,3,20,23,-0.132, 0.489, 0.111,0.215, 0.450, 0.117,-0.218, 0.263, 0.072,0.233, 0.194, 0.053,-0.297, 0.047, 0.162,0.248, -0.040, 0.138,-0.116, 0.007, 0.012,0.116, -0.006, -0.013,-0.100, -0.413, 0.024,0.015, -0.396, -0.103,-0.170, -0.762, -0.063,-0.049, -0.702, -0.333
221038,23,15,21,73,30,34,12,4,22,23,-0.138, 0.490, 0.112,0.209, 0.452, 0.116,-0.226, 0.265, 0.076,0.229, 0.196, 0.054,-0.305, 0.047, 0.170,0.251, -0.038, 0.141,-0.116, 0.005, 0.012,0.116, -0.005, -0.013,-0.098, -0.416, 0.019,0.017, -0.394, -0.096,-0.169, -0.763, -0.091,-0.050, -0.700, -0.316
221038,24,15,20,70,31,34,12,4,24,24,-0.141, 0.490, 0.112,0.205, 0.453, 0.115,-0.230, 0.267, 0.078,0.228, 0.197, 0.053,-0.307, 0.047, 0.180,0.255, -0.034, 0.142,-0.116, 0.005, 0.012,0.116, -0.004, -0.013,-0.098, -0.419, 0.020,0.024, -0.391, -0.091,-0.167, -0.764, -0.102,-0.049, -0.690, -0.309
221038,25,16,18,66,32,34,12,4,24,24,-0.145, 0.491, 0.113,0.202, 0.455, 0.114,-0.234, 0.268, 0.084,0.229, 0.200, 0.051,-0.309, 0.047, 0.192,0.262, -0.030, 0.142,-0.116, 0.004, 0.011,0.116, -0.003, -0.012,-0.098, -0.420, 0.019,0.028, -0.390, -0.088,-0.166, -0.763, -0.109,-0.051, -0.691, -0.307
221038,26,16,17,64,32,36,12,4,27,25,-0.148, 0.491, 0.114,0.199, 0.456, 0.108,-0.237, 0.269, 0.088,0.229, 0.203, 0.043,-0.309, 0.048, 0.203,0.266, -0.024, 0.138,-0.116, 0.003, 0.011,0.116, -0.003, -0.012,-0.098, -0.421, 0.019,0.032, -0.388, -0.088,-0.166, -0.763, -0.127,-0.050, -0.687, -0.311
221038,26,16,15,61,32,37,12,2,27,25,-0.151, 0.491, 0.114,0.197, 0.459, 0.102,-0.239, 0.271, 0.093,0.230, 0.206, 0.037,-0.307, 0.051, 0.211,0.269, -0.019, 0.134,-0.116, 0.003, 0.011,0.116, -0.003, -0.012,-0.097, -0.421, 0.018,0.032, -0.387, -0.097,-0.162, -0.761, -0.133,-0.050, -0.685, -0.332
221038,26,17,13,58,33,37,13,3,29,27,-0.156, 0.490, 0.115,0.193, 0.459, 0.102,-0.241, 0.271, 0.097,0.230, 0.205, 0.037,-0.301, 0.053, 0.222,0.274, -0.017, 0.133,-0.116, 0.003, 0.011,0.116, -0.003, -0.012,-0.095, -0.421, 0.018,0.034, -0.387, -0.095,-0.157, -0.755, -0.149,-0.048, -0.678, -0.344
221038,27,17,10,57,34,37,13,2,30,27,-0.156, 0.489, 0.117,0.192, 0.459, 0.102,-0.239, 0.270, 0.105,0.230, 0.205, 0.035,-0.285, 0.057, 0.234,0.279, -0.014, 0.131,-0.116, 0.003, 0.010,0.116, -0.002, -0.011,-0.094, -0.421, 0.018,0.042, -0.387, -0.095,-0.150, -0.754, -0.154,-0.040, -0.676, -0.338
221038,28,17,7,56,38,38,14,2,32,31,-0.157, 0.489, 0.117,0.190, 0.462, 0.099,-0.235, 0.270, 0.131,0.229, 0.207, 0.033,-0.247, 0.065, 0.299,0.282, -0.006, 0.131,-0.116, 0.002, 0.010,0.116, -0.002, -0.011,-0.090, -0.420, 0.023,0.066, -0.382, -0.091,-0.139, -0.740, -0.153,-0.031, -0.660, -0.356
221038,29,17,14,53,37,39,15,8,35,41,-0.161, 0.490, 0.117,0.187, 0.469, 0.094,-0.232, 0.270, 0.141,0.228, 0.214, 0.031,-0.227, 0.066, 0.309,0.287, 0.004, 0.132,-0.116, 0.001, 0.010,0.116, -0.001, -0.012,-0.089, -0.417, 0.032,0.105, -0.366, -0.055,-0.127, -0.724, -0.154,-0.011, -0.644, -0.344
221039,29,16,18,52,37,40,17,10,39,50,-0.167, 0.489, 0.117,0.179, 0.471, 0.089,-0.232, 0.269, 0.146,0.220, 0.217, 0.026,-0.213, 0.066, 0.314,0.286, 0.012, 0.132,-0.116, 0.000, 0.011,0.117, 0.000, -0.012,-0.086, -0.412, 0.049,0.112, -0.366, -0.035,-0.122, -0.713, -0.151,-0.006, -0.617, -0.356
221039,29,16,21,48,37,40,18,12,40,51,-0.168, 0.489, 0.117,0.179, 0.473, 0.082,-0.230, 0.268, 0.150,0.220, 0.219, 0.026,-0.208, 0.068, 0.324,0.287, 0.016, 0.137,-0.117, -0.001, 0.013,0.117, 0.001, -0.014,-0.080, -0.410, 0.058,0.127, -0.365, -0.035,-0.117, -0.714, -0.139,-0.002, -0.616, -0.359
221039,28,15,21,47,36,40,17,16,40,57,-0.172, 0.489, 0.118,0.174, 0.475, 0.080,-0.230, 0.264, 0.148,0.216, 0.221, 0.024,-0.202, 0.060, 0.309,0.287, 0.017, 0.135,-0.117, -0.003, 0.015,0.117, 0.003, -0.016,-0.077, -0.411, 0.060,0.146, -0.357, -0.013,-0.107, -0.715, -0.137,0.004, -0.605, -0.334
221039,27,15,20,48,35,40,17,26,39,68,-0.175, 0.489, 0.118,0.172, 0.476, 0.080,-0.229, 0.259, 0.145,0.211, 0.221, 0.024,-0.203, 0.048, 0.303,0.283, 0.017, 0.136,-0.117, -0.004, 0.015,0.117, 0.004, -0.016,-0.077, -0.414, 0.059,0.153, -0.348, 0.059,-0.100, -0.726, -0.138,0.022, -0.587, -0.255
221039,26,14,20,49,33,40,17,25,38,68,-0.179, 0.488, 0.118,0.167, 0.476, 0.080,-0.229, 0.254, 0.143,0.205, 0.222, 0.024,-0.205, 0.039, 0.298,0.268, 0.017, 0.137,-0.117, -0.005, 0.014,0.117, 0.005, -0.016,-0.077, -0.414, 0.057,0.158, -0.345, 0.053,-0.103, -0.731, -0.134,0.021, -0.579, -0.267
221039,25,12,21,50,32,40,18,24,38,67,-0.182, 0.486, 0.122,0.165, 0.476, 0.084,-0.229, 0.250, 0.147,0.198, 0.221, 0.032,-0.209, 0.031, 0.300,0.257, 0.016, 0.145,-0.117, -0.006, 0.016,0.117, 0.006, -0.017,-0.075, -0.414, 0.058,0.160, -0.346, 0.038,-0.103, -0.732, -0.131,0.019, -0.587, -0.293
221039,25,12,19,50,32,39,18,23,37,67,-0.184, 0.485, 0.124,0.164, 0.476, 0.086,-0.229, 0.246, 0.146,0.197, 0.221, 0.035,-0.209, 0.025, 0.297,0.251, 0.013, 0.146,-0.117, -0.006, 0.016,0.117, 0.007, -0.017,-0.072, -0.414, 0.058,0.159, -0.346, 0.031,-0.104, -0.735, -0.131,0.023, -0.586, -0.319
221039,25,13,18,48,31,38,17,22,37,66,-0.184, 0.485, 0.124,0.164, 0.476, 0.086,-0.233, 0.246, 0.146,0.199, 0.221, 0.038,-0.224, 0.023, 0.296,0.253, 0.012, 0.149,-0.117, -0.007, 0.016,0.117, 0.008, -0.017,-0.071, -0.414, 0.056,0.164, -0.341, 0.022,-0.102, -0.741, -0.133,0.025, -0.576, -0.319
221039,26,13,14,47,29,37,17,27,36,69,-0.186, 0.483, 0.124,0.165, 0.476, 0.087,-0.238, 0.244, 0.144,0.199, 0.220, 0.039,-0.246, 0.019, 0.290,0.254, 0.009, 0.150,-0.117, -0.007, 0.015,0.118, 0.008, -0.016,-0.071, -0.414, 0.051,0.163, -0.334, 0.054,-0.102, -0.742, -0.135,0.023, -0.573, -0.265
221039,27,13,5,50,28,38,17,26,33,70,-0.190, 0.483, 0.126,0.164, 0.476, 0.092,-0.251, 0.245, 0.137,0.200, 0.222, 0.040,-0.274, 0.017, 0.266,0.255, 0.007, 0.149,-0.118, -0.008, 0.015,0.118, 0.008, -0.016,-0.071, -0.414, 0.050,0.162, -0.334, 0.048,-0.102, -0.751, -0.122,0.026, -0.561, -0.297
221039,27,15,5,43,27,36,17,30,33,74,-0.189, 0.484, 0.126,0.166, 0.476, 0.093,-0.253, 0.247, 0.137,0.212, 0.223, 0.040,-0.288, 0.019, 0.271,0.269, 0.007, 0.145,-0.118, -0.008, 0.015,0.118, 0.009, -0.016,-0.071, -0.412, 0.048,0.169, -0.310, 0.062,-0.103, -0.750, -0.120,0.031, -0.535, -0.278
221039,28,16,5,40,27,36,16,29,31,74,-0.189, 0.484, 0.126,0.168, 0.476, 0.094,-0.253, 0.250, 0.137,0.218, 0.224, 0.043,-0.296, 0.020, 0.273,0.280, 0.007, 0.147,-0.118, -0.008, 0.013,0.118, 0.009, -0.014,-0.074, -0.406, 0.036,0.167, -0.312, 0.059,-0.103, -0.747, -0.128,0.037, -0.527, -0.281
221039,28,17,5,40,28,36,16,28,31,76,-0.189, 0.485, 0.128,0.168, 0.476, 0.099,-0.256, 0.251, 0.139,0.220, 0.227, 0.046,-0.304, 0.020, 0.280,0.287, 0.010, 0.148,-0.119, -0.008, 0.011,0.119, 0.009, -0.012,-0.075, -0.403, 0.034,0.166, -0.313, 0.055,-0.105, -0.743, -0.132,0.038, -0.519, -0.315
221039,29,18,3,40,28,36,16,23,31,71,-0.188, 0.485, 0.130,0.170, 0.476, 0.102,-0.259, 0.254, 0.140,0.223, 0.229, 0.047,-0.311, 0.023, 0.281,0.290, 0.010, 0.148,-0.119, -0.008, 0.011,0.119, 0.009, -0.012,-0.075, -0.400, 0.034,0.166, -0.314, 0.017,-0.105, -0.741, -0.133,0.039, -0.511, -0.363
221039,30,18,2,40,29,36,17,14,31,59,-0.186, 0.485, 0.137,0.175, 0.476, 0.108,-0.260, 0.256, 0.146,0.228, 0.229, 0.054,-0.318, 0.025, 0.288,0.293, 0.010, 0.157,-0.119, -0.008, 0.011,0.119, 0.009, -0.012,-0.072, -0.400, 0.034,0.154, -0.325, -0.052,-0.104, -0.743, -0.132,0.047, -0.514, -0.423
221039,31,18,2,41,28,36,18,10,31,52,-0.185, 0.486, 0.141,0.179, 0.478, 0.108,-0.262, 0.261, 0.151,0.230, 0.233, 0.055,-0.319, 0.030, 0.294,0.296, 0.014, 0.160,-0.119, -0.009, 0.012,0.119, 0.009, -0.013,-0.070, -0.394, 0.041,0.141, -0.331, -0.094,-0.104, -0.743, -0.118,0.047, -0.519, -0.465
221039,31,18,1,40,28,37,18,9,30,45,-0.184, 0.487, 0.142,0.183, 0.479, 0.109,-0.263, 0.262, 0.151,0.229, 0.234, 0.062,-0.323, 0.032, 0.293,0.297, 0.015, 0.174,-0.119, -0.009, 0.013,0.119, 0.009, -0.014,-0.070, -0.392, 0.044,0.132, -0.335, -0.112,-0.104, -0.743, -0.110,0.046, -0.544, -0.465
221039,29,18,12,45,30,38,19,7,30,34,-0.179, 0.487, 0.138,0.189, 0.479, 0.111,-0.262, 0.263, 0.126,0.231, 0.235, 0.061,-0.323, 0.033, 0.248,0.301, 0.021, 0.175,-0.119, -0.008, 0.013,0.119, 0.009, -0.014,-0.070, -0.384, 0.051,0.093, -0.357, -0.152,-0.107, -0.732, -0.086,0.046, -0.597, -0.498
221039,28,18,10,42,30,40,15,5,27,32,-0.177, 0.487, 0.130,0.191, 0.479, 0.108,-0.260, 0.263, 0.120,0.231, 0.235, 0.066,-0.322, 0.036, 0.243,0.301, 0.023, 0.196,-0.119, -0.008, 0.012,0.119, 0.008, -0.013,-0.070, -0.385, 0.022,0.093, -0.356, -0.124,-0.107, -0.735, -0.124,0.045, -0.619, -0.435
221039,27,18,15,40,30,39,13,8,25,23,-0.172, 0.489, 0.123,0.193, 0.481, 0.103,-0.257, 0.266, 0.104,0.232, 0.236, 0.066,-0.321, 0.045, 0.217,0.299, 0.028, 0.191,-0.119, -0.008, 0.012,0.119, 0.008, -0.013,-0.071, -0.388, 0.018,0.080, -0.355, -0.155,-0.120, -0.745, -0.115,0.026, -0.631, -0.430
221039,26,18,12,36,31,40,14,7,24,23,-0.161, 0.489, 0.120,0.201, 0.480, 0.103,-0.245, 0.267, 0.106,0.235, 0.233, 0.074,-0.308, 0.048, 0.224,0.299, 0.028, 0.212,-0.119, -0.007, 0.012,0.119, 0.007, -0.013,-0.072, -0.388, 0.024,0.068, -0.358, -0.153,-0.123, -0.745, -0.094,0.017, -0.637, -0.427
221039,25,18,16,41,30,39,14,7,24,19,-0.157, 0.489, 0.119,0.203, 0.479, 0.101,-0.239, 0.266, 0.098,0.236, 0.232, 0.070,-0.299, 0.047, 0.204,0.294, 0.028, 0.199,-0.118, -0.007, 0.013,0.118, 0.007, -0.014,-0.074, -0.391, 0.025,0.062, -0.359, -0.155,-0.139, -0.753, -0.081,-0.001, -0.650, -0.408
221039,23,18,18,39,30,38,13,6,22,16,-0.153, 0.489, 0.115,0.204, 0.477, 0.102,-0.230, 0.265, 0.093,0.236, 0.228, 0.074,-0.289, 0.047, 0.197,0.286, 0.025, 0.202,-0.118, -0.006, 0.011,0.118, 0.007, -0.012,-0.082, -0.394, 0.019,0.052, -0.361, -0.148,-0.145, -0.756, -0.082,-0.010, -0.658, -0.370
221039,21,18,20,48,30,36,12,6,20,15,-0.147, 0.489, 0.115,0.206, 0.476, 0.100,-0.217, 0.265, 0.093,0.237, 0.228, 0.062,-0.269, 0.047, 0.194,0.284, 0.023, 0.169,-0.117, -0.006, 0.011,0.118, 0.006, -0.013,-0.093, -0.395, 0.019,0.050, -0.364, -0.146,-0.168, -0.756, -0.063,-0.018, -0.667, -0.365
221040,21,18,19,55,31,34,16,7,22,16,-0.140, 0.489, 0.116,0.210, 0.475, 0.100,-0.212, 0.266, 0.094,0.242, 0.228, 0.048,-0.260, 0.050, 0.199,0.283, 0.020, 0.137,-0.117, -0.005, 0.013,0.117, 0.006, -0.014,-0.095, -0.395, 0.047,0.051, -0.365, -0.161,-0.177, -0.755, -0.019,-0.021, -0.661, -0.394
221040,19,18,20,56,31,34,21,7,24,17,-0.132, 0.488, 0.116,0.214, 0.471, 0.100,-0.199, 0.264, 0.095,0.246, 0.222, 0.046,-0.249, 0.050, 0.203,0.282, 0.011, 0.136,-0.117, -0.004, 0.014,0.117, 0.004, -0.015,-0.097, -0.391, 0.083,0.038, -0.372, -0.164,-0.177, -0.751, 0.024,-0.038, -0.667, -0.408
221040,18,19,19,56,30,34,21,3,26,14,-0.122, 0.488, 0.114,0.220, 0.466, 0.100,-0.190, 0.262, 0.093,0.251, 0.212, 0.047,-0.244, 0.050, 0.197,0.277, -0.004, 0.140,-0.116, -0.002, 0.015,0.117, 0.002, -0.016,-0.098, -0.386, 0.083,0.028, -0.382, -0.138,-0.178, -0.740, 0.013,-0.050, -0.699, -0.336
221040,17,19,18,60,28,31,28,2,29,14,-0.111, 0.485, 0.114,0.228, 0.456, 0.100,-0.183, 0.255, 0.093,0.256, 0.200, 0.045,-0.240, 0.044, 0.189,0.276, -0.021, 0.124,-0.116, 0.001, 0.015,0.116, -0.001, -0.016,-0.101, -0.371, 0.125,0.027, -0.393, -0.099,-0.180, -0.724, 0.064,-0.052, -0.718, -0.265
221040,17,19,24,61,27,29,25,9,27,16,-0.109, 0.484, 0.108,0.230, 0.447, 0.100,-0.184, 0.252, 0.076,0.258, 0.188, 0.044,-0.244, 0.041, 0.155,0.275, -0.035, 0.113,-0.116, 0.004, 0.014,0.116, -0.004, -0.015,-0.102, -0.372, 0.108,0.026, -0.398, -0.048,-0.178, -0.725, 0.046,-0.047, -0.740, -0.181
221040,17,20,27,65,27,30,20,10,31,19,-0.103, 0.484, 0.108,0.236, 0.440, 0.105,-0.182, 0.251, 0.069,0.261, 0.180, 0.046,-0.245, 0.041, 0.141,0.274, -0.045, 0.116,-0.116, 0.007, 0.012,0.116, -0.006, -0.013,-0.109, -0.373, 0.068,0.026, -0.401, -0.039,-0.179, -0.725, -0.069,-0.044, -0.742, -0.187
221040,17,20,25,66,27,29,22,12,34,19,-0.103, 0.484, 0.099,0.238, 0.438, 0.104,-0.182, 0.251, 0.060,0.265, 0.177, 0.046,-0.247, 0.041, 0.134,0.274, -0.052, 0.113,-0.116, 0.009, 0.009,0.116, -0.009, -0.010,-0.115, -0.369, 0.085,0.027, -0.403, -0.021,-0.181, -0.713, -0.054,-0.039, -0.749, -0.155
221040,17,21,21,65,26,25,32,15,42,19,-0.097, 0.483, 0.097,0.241, 0.431, 0.112,-0.182, 0.251, 0.059,0.267, 0.169, 0.059,-0.252, 0.041, 0.131,0.275, -0.062, 0.116,-0.116, 0.013, 0.005,0.116, -0.013, -0.007,-0.118, -0.337, 0.142,0.028, -0.406, 0.002,-0.181, -0.660, 0.023,-0.028, -0.765, -0.117
221040,17,21,18,65,26,24,35,17,50,21,-0.095, 0.482, 0.093,0.242, 0.427, 0.111,-0.181, 0.250, 0.059,0.268, 0.165, 0.061,-0.254, 0.041, 0.133,0.276, -0.065, 0.117,-0.115, 0.016, 0.004,0.116, -0.016, -0.006,-0.117, -0.313, 0.158,0.024, -0.409, 0.013,-0.177, -0.609, 0.024,-0.025, -0.774, -0.108
221040,18,21,17,66,27,24,48,17,71,24,-0.095, 0.474, 0.094,0.242, 0.420, 0.115,-0.181, 0.246, 0.061,0.268, 0.155, 0.064,-0.257, 0.039, 0.137,0.276, -0.073, 0.118,-0.115, 0.017, 0.004,0.116, -0.017, -0.005,-0.107, -0.286, 0.235,0.021, -0.415, 0.012,-0.165, -0.547, 0.060,-0.025, -0.784, -0.131
221040,19,23,18,64,25,23,52,20,76,24,-0.096, 0.462, 0.126,0.241, 0.411, 0.149,-0.182, 0.236, 0.091,0.268, 0.146, 0.101,-0.263, 0.035, 0.159,0.277, -0.078, 0.152,-0.115, 0.018, 0.004,0.115, -0.018, -0.006,-0.105, -0.260, 0.218,0.022, -0.418, 0.002,-0.159, -0.493, 0.033,-0.020, -0.785, -0.150
221040,21,25,11,53,22,22,54,21,85,25,-0.090, 0.456, 0.153,0.241, 0.408, 0.164,-0.174, 0.226, 0.133,0.271, 0.141, 0.127,-0.257, 0.030, 0.203,0.281, -0.077, 0.182,-0.115, 0.019, 0.005,0.115, -0.019, -0.006,-0.105, -0.252, 0.196,0.025, -0.420, -0.001,-0.163, -0.472, -0.066,-0.014, -0.780, -0.158
221040,20,24,14,56,25,24,53,21,90,26,-0.090, 0.457, 0.148,0.242, 0.408, 0.159,-0.174, 0.228, 0.122,0.272, 0.143, 0.117,-0.258, 0.030, 0.196,0.284, -0.076, 0.176,-0.114, 0.020, 0.006,0.115, -0.019, -0.007,-0.102, -0.257, 0.199,0.028, -0.420, -0.003,-0.160, -0.449, -0.072,-0.007, -0.777, -0.172
221040,20,25,15,55,25,22,51,21,92,26,-0.090, 0.459, 0.144,0.242, 0.410, 0.157,-0.175, 0.234, 0.117,0.272, 0.144, 0.116,-0.258, 0.038, 0.191,0.288, -0.076, 0.172,-0.114, 0.020, 0.007,0.115, -0.019, -0.008,-0.113, -0.266, 0.198,0.029, -0.420, -0.005,-0.161, -0.461, -0.122,-0.007, -0.776, -0.177
221040,20,25,15,54,27,21,49,20,91,27,-0.090, 0.461, 0.142,0.242, 0.411, 0.154,-0.177, 0.239, 0.114,0.272, 0.144, 0.116,-0.258, 0.041, 0.197,0.290, -0.075, 0.169,-0.114, 0.020, 0.007,0.115, -0.019, -0.008,-0.113, -0.272, 0.189,0.030, -0.421, -0.008,-0.162, -0.464, -0.132,-0.007, -0.776, -0.188
221040,19,22,19,62,30,26,25,19,59,26,-0.097, 0.469, 0.136,0.239, 0.417, 0.149,-0.182, 0.247, 0.103,0.269, 0.153, 0.096,-0.259, 0.044, 0.193,0.290, -0.068, 0.156,-0.114, 0.020, 0.007,0.115, -0.020, -0.008,-0.146, -0.304, 0.062,0.023, -0.423, -0.009,-0.191, -0.529, -0.208,-0.011, -0.780, -0.183
221040,20,21,20,60,29,28,10,16,27,25,-0.113, 0.482, 0.128,0.228, 0.429, 0.145,-0.196, 0.258, 0.091,0.262, 0.171, 0.090,-0.267, 0.050, 0.174,0.290, -0.050, 0.155,-0.114, 0.020, 0.003,0.115, -0.019, -0.004,-0.152, -0.365, -0.041,0.026, -0.416, -0.013,-0.205, -0.670, -0.248,-0.007, -0.764, -0.178
221040,21,21,18,55,27,27,14,15,32,24,-0.122, 0.487, 0.117,0.220, 0.435, 0.133,-0.205, 0.260, 0.084,0.259, 0.175, 0.081,-0.272, 0.049, 0.163,0.290, -0.041, 0.146,-0.115, 0.018, 0.003,0.115, -0.017, -0.004,-0.151, -0.370, 0.001,0.032, -0.408, -0.013,-0.205, -0.688, -0.207,-0.002, -0.755, -0.171
221040,22,21,16,47,26,28,9,12,21,21,-0.138, 0.489, 0.109,0.204, 0.441, 0.120,-0.217, 0.260, 0.083,0.253, 0.184, 0.071,-0.275, 0.050, 0.162,0.290, -0.028, 0.139,-0.115, 0.016, 0.002,0.115, -0.016, -0.003,-0.148, -0.388, -0.045,0.041, -0.404, -0.016,-0.204, -0.705, -0.211,0.010, -0.752, -0.159
221040,22,20,17,49,26,29,8,14,21,18,-0.151, 0.488, 0.109,0.194, 0.442, 0.120,-0.225, 0.258, 0.083,0.243, 0.184, 0.065,-0.278, 0.043, 0.163,0.291, -0.025, 0.135,-0.115, 0.015, 0.001,0.115, -0.014, -0.002,-0.140, -0.397, -0.069,0.047, -0.402, -0.001,-0.196, -0.708, -0.251,0.019, -0.752, -0.116
221040,22,19,18,50,27,31,7,15,24,19,-0.157, 0.488, 0.108,0.190, 0.444, 0.114,-0.228, 0.255, 0.083,0.240, 0.188, 0.056,-0.278, 0.038, 0.170,0.292, -0.018, 0.129,-0.115, 0.013, 0.000,0.115, -0.012, -0.002,-0.125, -0.402, -0.064,0.054, -0.398, 0.010,-0.177, -0.709, -0.258,0.026, -0.752, -0.101
221040,22,19,19,48,30,32,7,14,26,21,-0.165, 0.487, 0.107,0.182, 0.454, 0.107,-0.232, 0.255, 0.083,0.234, 0.198, 0.049,-0.274, 0.038, 0.182,0.294, -0.005, 0.126,-0.115, 0.011, 0.000,0.116, -0.010, -0.001,-0.121, -0.402, -0.061,0.063, -0.399, 0.010,-0.162, -0.708, -0.271,0.038, -0.753, -0.113
221041,23,19,16,46,30,32,8,14,28,21,-0.172, 0.487, 0.103,0.177, 0.460, 0.107,-0.237, 0.255, 0.083,0.231, 0.206, 0.051,-0.273, 0.038, 0.187,0.294, 0.005, 0.127,-0.115, 0.009, -0.001,0.116, -0.009, -0.001,-0.116, -0.398, -0.052,0.067, -0.398, 0.011,-0.149, -0.701, -0.265,0.048, -0.751, -0.112
221041,24,20,13,38,30,32,9,19,29,29,-0.180, 0.481, 0.105,0.168, 0.459, 0.110,-0.243, 0.250, 0.089,0.231, 0.206, 0.061,-0.270, 0.035, 0.195,0.292, 0.005, 0.143,-0.115, 0.005, -0.001,0.116, -0.005, 0.000,-0.103, -0.405, -0.039,0.087, -0.383, 0.038,-0.130, -0.711, -0.250,0.054, -0.726, -0.112
221041,24,20,10,37,30,31,12,33,36,46,-0.186, 0.472, 0.106,0.165, 0.458, 0.113,-0.244, 0.239, 0.094,0.231, 0.206, 0.065,-0.259, 0.023, 0.199,0.288, 0.002, 0.147,-0.116, 0.001, -0.001,0.116, 0.000, -0.001,-0.090, -0.412, -0.006,0.099, -0.347, 0.126,-0.115, -0.716, -0.231,0.051, -0.684, -0.045
221041,24,20,7,32,30,32,15,41,38,55,-0.198, 0.467, 0.106,0.158, 0.458, 0.113,-0.248, 0.230, 0.099,0.224, 0.206, 0.072,-0.253, 0.020, 0.205,0.275, 0.003, 0.165,-0.117, -0.004, -0.001,0.117, 0.004, 0.000,-0.092, -0.411, 0.007,0.100, -0.305, 0.162,-0.118, -0.715, -0.217,0.048, -0.643, -0.018
221041,26,18,9,32,30,33,17,47,40,63,-0.208, 0.458, 0.113,0.146, 0.458, 0.115,-0.252, 0.220, 0.120,0.213, 0.205, 0.073,-0.241, 0.015, 0.236,0.266, 0.002, 0.167,-0.118, -0.009, -0.001,0.118, 0.010, 0.000,-0.094, -0.415, 0.018,0.100, -0.262, 0.180,-0.115, -0.722, -0.217,0.045, -0.596, -0.016
221041,25,19,9,33,34,32,19,79,36,95,-0.207, 0.450, 0.113,0.144, 0.449, 0.123,-0.251, 0.203, 0.119,0.214, 0.192, 0.080,-0.221, 0.001, 0.242,0.263, -0.018, 0.172,-0.118, -0.018, -0.004,0.118, 0.019, 0.003,-0.095, -0.420, 0.026,0.105, -0.131, 0.309,-0.113, -0.745, -0.180,0.067, -0.463, 0.106
221041,25,18,15,35,32,34,19,85,37,102,-0.210, 0.445, 0.108,0.139, 0.446, 0.114,-0.250, 0.195, 0.118,0.212, 0.186, 0.064,-0.212, -0.008, 0.236,0.262, -0.033, 0.162,-0.118, -0.023, -0.004,0.118, 0.023, 0.003,-0.095, -0.423, 0.026,0.109, -0.092, 0.342,-0.115, -0.748, -0.184,0.068, -0.425, 0.141
221041,24,18,27,35,34,35,16,101,36,114,-0.206, 0.443, 0.088,0.138, 0.446, 0.113,-0.244, 0.189, 0.105,0.209, 0.186, 0.070,-0.195, -0.014, 0.233,0.251, -0.034, 0.178,-0.117, -0.030, -0.007,0.117, 0.030, 0.005,-0.091, -0.422, 0.019,0.114, 0.013, 0.366,-0.109, -0.745, -0.187,0.078, -0.347, 0.177
221041,22,19,34,28,33,32,14,105,33,116,-0.205, 0.440, 0.083,0.140, 0.444, 0.116,-0.236, 0.183, 0.101,0.209, 0.182, 0.087,-0.188, -0.022, 0.230,0.252, -0.040, 0.200,-0.116, -0.033, -0.009,0.116, 0.034, 0.007,-0.088, -0.420, 0.006,0.124, 0.037, 0.358,-0.105, -0.747, -0.189,0.093, -0.332, 0.178
221041,20,20,17,28,32,31,13,112,33,119,-0.195, 0.440, 0.080,0.144, 0.443, 0.116,-0.228, 0.183, 0.087,0.210, 0.182, 0.089,-0.186, -0.031, 0.204,0.253, -0.042, 0.199,-0.115, -0.036, -0.009,0.115, 0.036, 0.007,-0.082, -0.420, 0.003,0.151, 0.081, 0.349,-0.100, -0.748, -0.189,0.122, -0.311, 0.196
221041,20,20,14,30,30,30,12,112,32,117,-0.189, 0.438, 0.083,0.148, 0.435, 0.124,-0.224, 0.181, 0.088,0.210, 0.178, 0.097,-0.189, -0.037, 0.201,0.254, -0.046, 0.203,-0.115, -0.037, -0.008,0.115, 0.037, 0.007,-0.079, -0.423, 0.003,0.159, 0.070, 0.349,-0.099, -0.757, -0.188,0.135, -0.318, 0.193
221041,20,20,3,33,31,31,14,107,33,113,-0.187, 0.435, 0.092,0.152, 0.430, 0.127,-0.225, 0.179, 0.091,0.211, 0.174, 0.097,-0.191, -0.040, 0.201,0.258, -0.048, 0.201,-0.115, -0.036, -0.006,0.115, 0.037, 0.005,-0.078, -0.426, 0.010,0.176, 0.037, 0.348,-0.099, -0.760, -0.187,0.146, -0.337, 0.185
221041,22,20,0,36,30,31,14,105,33,110,-0.187, 0.435, 0.095,0.152, 0.426, 0.132,-0.235, 0.181, 0.090,0.212, 0.170, 0.098,-0.214, -0.039, 0.192,0.261, -0.049, 0.199,-0.115, -0.036, -0.006,0.115, 0.036, 0.004,-0.078, -0.431, 0.010,0.168, 0.019, 0.349,-0.099, -0.769, -0.184,0.144, -0.353, 0.188
221041,25,17,1,48,28,32,16,95,34,104,-0.189, 0.436, 0.097,0.151, 0.425, 0.122,-0.250, 0.189, 0.090,0.204, 0.165, 0.071,-0.248, -0.035, 0.189,0.259, -0.049, 0.158,-0.115, -0.035, -0.005,0.115, 0.035, 0.004,-0.085, -0.430, 0.020,0.162, -0.040, 0.351,-0.108, -0.766, -0.178,0.141, -0.393, 0.179
221041,27,14,5,55,28,33,18,87,36,96,-0.189, 0.439, 0.104,0.151, 0.424, 0.119,-0.261, 0.202, 0.094,0.196, 0.164, 0.059,-0.270, -0.022, 0.185,0.259, -0.048, 0.141,-0.116, -0.032, -0.002,0.116, 0.032, 0.001,-0.086, -0.430, 0.034,0.160, -0.094, 0.347,-0.110, -0.765, -0.166,0.117, -0.444, 0.173
221041,31,16,6,53,28,33,19,59,39,70,-0.189, 0.451, 0.105,0.160, 0.425, 0.120,-0.277, 0.226, 0.092,0.206, 0.165, 0.062,-0.307, 0.004, 0.181,0.266, -0.045, 0.144,-0.117, -0.022, -0.001,0.118, 0.023, 0.000,-0.097, -0.414, 0.039,0.155, -0.244, 0.241,-0.115, -0.733, -0.169,0.095, -0.591, 0.066
221041,31,15,6,55,28,32,19,45,40,59,-0.186, 0.463, 0.105,0.168, 0.438, 0.116,-0.279, 0.243, 0.092,0.211, 0.177, 0.059,-0.318, 0.023, 0.182,0.271, -0.030, 0.137,-0.118, -0.016, -0.001,0.118, 0.016, 0.000,-0.101, -0.406, 0.041,0.148, -0.306, 0.179,-0.120, -0.724, -0.170,0.088, -0.639, -0.003
221041,32,16,1,47,32,31,19,39,42,55,-0.180, 0.473, 0.096,0.174, 0.447, 0.101,-0.275, 0.252, 0.092,0.217, 0.186, 0.054,-0.318, 0.041, 0.216,0.274, -0.020, 0.137,-0.119, -0.011, 0.000,0.119, 0.011, -0.001,-0.107, -0.399, 0.050,0.142, -0.335, 0.161,-0.130, -0.714, -0.171,0.079, -0.672, -0.025
221041,33,16,0,51,32,32,10,19,33,33,-0.172, 0.489, 0.089,0.183, 0.461, 0.089,-0.275, 0.277, 0.089,0.223, 0.201, 0.039,-0.342, 0.078, 0.219,0.280, -0.006, 0.123,-0.119, -0.004, 0.000,0.119, 0.005, -0.001,-0.109, -0.399, -0.003,0.116, -0.372, 0.045,-0.140, -0.717, -0.210,0.057, -0.718, -0.119
221041,34,17,0,51,32,32,7,14,28,26,-0.162, 0.494, 0.090,0.191, 0.463, 0.092,-0.274, 0.284, 0.088,0.231, 0.203, 0.042,-0.351, 0.089, 0.217,0.286, -0.004, 0.126,-0.119, 0.000, 0.000,0.119, 0.000, -0.001,-0.109, -0.400, -0.026,0.099, -0.389, 0.010,-0.148, -0.719, -0.218,0.049, -0.739, -0.148
221041,34,17,4,52,31,32,4,13,24,25,-0.155, 0.497, 0.090,0.199, 0.464, 0.092,-0.273, 0.291, 0.081,0.237, 0.207, 0.044,-0.362, 0.098, 0.198,0.292, -0.002, 0.127,-0.119, 0.003, 0.000,0.119, -0.002, -0.001,-0.109, -0.400, -0.046,0.090, -0.385, 0.009,-0.154, -0.720, -0.225,0.042, -0.734, -0.146
221041,34,17,6,49,31,33,4,10,23,22,-0.151, 0.499, 0.094,0.201, 0.463, 0.093,-0.273, 0.293, 0.081,0.237, 0.206, 0.050,-0.368, 0.100, 0.198,0.294, -0.004, 0.143,-0.119, 0.004, 0.001,0.119, -0.004, -0.002,-0.111, -0.401, -0.052,0.082, -0.392, -0.014,-0.165, -0.721, -0.229,0.033, -0.740, -0.170
221042,33,18,7,52,30,32,4,6,21,15,-0.141, 0.497, 0.098,0.209, 0.461, 0.098,-0.265, 0.287, 0.081,0.244, 0.205, 0.053,-0.364, 0.090, 0.192,0.306, -0.008, 0.142,-0.118, 0.007, 0.001,0.119, -0.006, -0.002,-0.120, -0.401, -0.058,0.058, -0.407, -0.044,-0.192, -0.725, -0.221,0.019, -0.760, -0.180
221042,32,18,6,54,29,33,7,11,21,21,-0.131, 0.496, 0.098,0.218, 0.458, 0.098,-0.256, 0.284, 0.083,0.249, 0.203, 0.054,-0.358, 0.085, 0.193,0.319, -0.008, 0.145,-0.118, 0.009, 0.001,0.119, -0.008, -0.003,-0.134, -0.393, -0.031,0.062, -0.400, -0.012,-0.203, -0.717, -0.181,0.016, -0.753, -0.159
221042,32,21,6,48,28,32,21,14,33,25,-0.123, 0.496, 0.098,0.227, 0.451, 0.098,-0.251, 0.284, 0.083,0.262, 0.199, 0.058,-0.356, 0.084, 0.185,0.330, -0.009, 0.148,-0.118, 0.011, 0.001,0.118, -0.010, -0.003,-0.158, -0.367, 0.066,0.056, -0.399, 0.009,-0.207, -0.699, -0.081,0.008, -0.751, -0.150
221042,25,23,7,40,26,30,39,14,54,21,-0.109, 0.484, 0.098,0.233, 0.434, 0.098,-0.214, 0.261, 0.085,0.274, 0.183, 0.064,-0.309, 0.061, 0.182,0.333, -0.020, 0.148,-0.117, 0.015, 0.000,0.118, -0.014, -0.001,-0.180, -0.303, 0.164,0.037, -0.404, 0.013,-0.202, -0.633, -0.004,-0.008, -0.757, -0.110
221042,18,27,15,40,28,25,55,15,78,23,-0.086, 0.478, 0.077,0.253, 0.423, 0.089,-0.180, 0.253, 0.047,0.299, 0.166, 0.051,-0.272, 0.052, 0.132,0.338, -0.040, 0.118,-0.117, 0.019, -0.001,0.117, -0.018, 0.000,-0.183, -0.227, 0.250,0.045, -0.404, 0.026,-0.179, -0.530, 0.056,-0.013, -0.756, -0.105
221042,14,28,23,45,30,25,59,15,92,28,-0.076, 0.476, 0.076,0.266, 0.418, 0.092,-0.160, 0.249, 0.036,0.310, 0.160, 0.052,-0.246, 0.049, 0.119,0.340, -0.056, 0.119,-0.117, 0.022, -0.002,0.117, -0.022, 0.001,-0.187, -0.214, 0.275,0.040, -0.413, 0.020,-0.165, -0.470, 0.041,-0.020, -0.761, -0.149
221042,12,27,20,52,29,24,75,15,103,29,-0.074, 0.472, 0.077,0.268, 0.407, 0.102,-0.147, 0.238, 0.044,0.306, 0.145, 0.060,-0.225, 0.046, 0.123,0.338, -0.076, 0.123,-0.116, 0.027, -0.003,0.117, -0.027, 0.001,-0.188, -0.118, 0.317,0.042, -0.416, 0.009,-0.157, -0.413, 0.093,-0.024, -0.759, -0.181
221042,10,26,25,54,30,24,83,14,108,29,-0.075, 0.471, 0.077,0.265, 0.399, 0.105,-0.144, 0.235, 0.037,0.301, 0.134, 0.063,-0.202, 0.044, 0.116,0.318, -0.084, 0.123,-0.116, 0.031, -0.004,0.116, -0.030, 0.003,-0.187, -0.068, 0.347,0.041, -0.418, 0.000,-0.155, -0.385, 0.133,-0.028, -0.756, -0.198
221042,8,25,25,63,31,25,88,15,114,29,-0.063, 0.466, 0.077,0.272, 0.390, 0.105,-0.126, 0.230, 0.041,0.298, 0.123, 0.062,-0.167, 0.038, 0.125,0.286, -0.094, 0.122,-0.114, 0.034, -0.004,0.115, -0.033, 0.003,-0.151, -0.038, 0.360,0.039, -0.423, 0.000,-0.145, -0.330, 0.151,-0.026, -0.757, -0.197
221042,9,25,20,69,33,27,90,16,110,28,-0.056, 0.460, 0.076,0.275, 0.382, 0.105,-0.126, 0.227, 0.043,0.296, 0.114, 0.062,-0.165, 0.035, 0.135,0.269, -0.099, 0.123,-0.113, 0.036, -0.005,0.113, -0.036, 0.003,-0.142, -0.030, 0.375,0.040, -0.424, 0.003,-0.141, -0.321, 0.204,-0.028, -0.759, -0.186
221042,10,24,18,73,33,27,93,16,112,28,-0.054, 0.456, 0.077,0.276, 0.379, 0.106,-0.127, 0.224, 0.044,0.293, 0.112, 0.062,-0.173, 0.033, 0.137,0.258, -0.103, 0.121,-0.112, 0.038, -0.005,0.112, -0.038, 0.003,-0.133, -0.009, 0.376,0.040, -0.425, 0.000,-0.139, -0.313, 0.205,-0.030, -0.759, -0.187
221042,12,24,11,77,33,26,90,17,111,27,-0.054, 0.456, 0.082,0.275, 0.380, 0.110,-0.130, 0.225, 0.059,0.288, 0.113, 0.070,-0.176, 0.035, 0.163,0.252, -0.106, 0.132,-0.111, 0.038, -0.004,0.111, -0.038, 0.003,-0.118, -0.037, 0.377,0.040, -0.428, 0.000,-0.137, -0.318, 0.193,-0.038, -0.764, -0.183
221042,12,22,10,85,32,25,86,16,105,27,-0.054, 0.457, 0.082,0.275, 0.381, 0.110,-0.132, 0.225, 0.061,0.281, 0.112, 0.071,-0.190, 0.036, 0.165,0.245, -0.107, 0.132,-0.111, 0.038, -0.004,0.111, -0.038, 0.002,-0.122, -0.059, 0.365,0.038, -0.429, -0.001,-0.142, -0.337, 0.199,-0.041, -0.768, -0.181
221042,12,22,12,91,31,23,81,17,95,26,-0.053, 0.457, 0.088,0.275, 0.379, 0.115,-0.133, 0.225, 0.064,0.277, 0.112, 0.078,-0.225, 0.036, 0.161,0.246, -0.109, 0.136,-0.111, 0.038, -0.003,0.111, -0.038, 0.001,-0.103, -0.105, 0.362,0.038, -0.431, 0.000,-0.137, -0.418, 0.205,-0.040, -0.769, -0.175
221042,13,21,13,97,28,23,68,19,81,26,-0.054, 0.457, 0.095,0.274, 0.378, 0.130,-0.139, 0.228, 0.064,0.273, 0.113, 0.089,-0.251, 0.039, 0.143,0.244, -0.109, 0.143,-0.111, 0.037, -0.002,0.111, -0.037, 0.001,-0.101, -0.198, 0.341,0.036, -0.430, 0.000,-0.143, -0.515, 0.191,-0.040, -0.768, -0.174
221042,16,21,15,101,28,22,63,19,72,26,-0.055, 0.458, 0.103,0.274, 0.377, 0.139,-0.152, 0.234, 0.064,0.270, 0.113, 0.095,-0.269, 0.044, 0.138,0.245, -0.108, 0.146,-0.111, 0.035, -0.001,0.112, -0.035, 0.000,-0.099, -0.240, 0.320,0.034, -0.429, -0.004,-0.149, -0.566, 0.185,-0.039, -0.766, -0.177
221042,17,20,11,99,25,21,47,16,46,18,-0.055, 0.474, 0.082,0.274, 0.383, 0.109,-0.158, 0.245, 0.052,0.270, 0.119, 0.065,-0.270, 0.049, 0.124,0.247, -0.103, 0.111,-0.111, 0.033, -0.001,0.112, -0.033, 0.000,-0.102, -0.287, 0.231,0.034, -0.412, -0.003,-0.159, -0.632, 0.174,-0.037, -0.757, -0.127
221042,21,19,11,91,24,24,23,14,31,17,-0.071, 0.490, 0.085,0.262, 0.398, 0.106,-0.182, 0.265, 0.055,0.264, 0.139, 0.056,-0.284, 0.061, 0.127,0.248, -0.082, 0.108,-0.112, 0.027, 0.001,0.112, -0.027, -0.003,-0.113, -0.359, 0.092,0.028, -0.406, -0.011,-0.187, -0.701, -0.010,-0.038, -0.748, -0.131
221042,24,19,14,83,25,25,15,13,29,20,-0.085, 0.497, 0.093,0.252, 0.409, 0.107,-0.199, 0.279, 0.058,0.260, 0.152, 0.054,-0.303, 0.071, 0.128,0.251, -0.071, 0.110,-0.112, 0.022, 0.003,0.112, -0.022, -0.004,-0.117, -0.388, 0.034,0.027, -0.399, -0.012,-0.185, -0.725, -0.111,-0.038, -0.735, -0.149
221042,24,19,19,74,23,29,14,16,22,21,-0.102, 0.495, 0.130,0.238, 0.412, 0.129,-0.209, 0.276, 0.091,0.256, 0.158, 0.065,-0.312, 0.069, 0.150,0.265, -0.069, 0.128,-0.112, 0.018, 0.004,0.113, -0.017, -0.005,-0.114, -0.409, 0.000,0.026, -0.390, -0.011,-0.180, -0.750, -0.127,-0.038, -0.726, -0.152
221042,26,19,17,69,26,31,14,17,23,23,-0.115, 0.494, 0.143,0.226, 0.414, 0.138,-0.219, 0.274, 0.112,0.249, 0.161, 0.073,-0.319, 0.068, 0.190,0.280, -0.066, 0.142,-0.113, 0.015, 0.004,0.113, -0.015, -0.005,-0.115, -0.413, -0.008,0.034, -0.389, -0.010,-0.177, -0.748, -0.154,-0.036, -0.724, -0.164
221042,27,19,13,61,28,33,13,15,21,23,-0.130, 0.494, 0.139,0.213, 0.429, 0.128,-0.226, 0.273, 0.118,0.246, 0.177, 0.063,-0.316, 0.067, 0.216,0.300, -0.044, 0.141,-0.113, 0.012, 0.006,0.114, -0.012, -0.007,-0.113, -0.417, -0.013,0.046, -0.390, -0.016,-0.169, -0.753, -0.150,-0.031, -0.726, -0.175
221042,27,19,15,56,30,35,10,11,20,20,-0.138, 0.494, 0.135,0.207, 0.439, 0.118,-0.233, 0.273, 0.114,0.244, 0.190, 0.056,-0.316, 0.068, 0.219,0.308, -0.028, 0.141,-0.114, 0.010, 0.006,0.114, -0.009, -0.007,-0.106, -0.420, -0.029,0.049, -0.391, -0.036,-0.163, -0.756, -0.169,-0.013, -0.728, -0.193
221043,26,20,18,52,31,35,11,11,23,22,-0.144, 0.494, 0.134,0.201, 0.445, 0.113,-0.235, 0.273, 0.111,0.244, 0.197, 0.049,-0.314, 0.069, 0.215,0.316, -0.019, 0.132,-0.114, 0.008, 0.005,0.115, -0.008, -0.006,-0.106, -0.412, -0.021,0.068, -0.388, -0.029,-0.159, -0.745, -0.173,0.011, -0.723, -0.192
221043,27,20,8,47,34,34,11,17,26,32,-0.150, 0.495, 0.124,0.199, 0.451, 0.097,-0.236, 0.274, 0.118,0.245, 0.204, 0.038,-0.313, 0.074, 0.255,0.320, -0.009, 0.122,-0.115, 0.007, 0.005,0.115, -0.007, -0.006,-0.107, -0.407, -0.014,0.092, -0.377, 0.018,-0.154, -0.734, -0.189,0.028, -0.710, -0.163
221043,29,22,11,36,35,38,17,44,35,63,-0.172, 0.481, 0.118,0.180, 0.448, 0.096,-0.240, 0.258, 0.136,0.245, 0.200, 0.040,-0.289, 0.076, 0.295,0.316, -0.004, 0.144,-0.117, 0.001, 0.004,0.118, -0.001, -0.005,-0.108, -0.402, 0.030,0.112, -0.293, 0.174,-0.138, -0.725, -0.170,0.047, -0.629, -0.031
221043,30,22,22,32,36,39,19,60,42,77,-0.180, 0.470, 0.107,0.171, 0.446, 0.093,-0.243, 0.247, 0.137,0.244, 0.198, 0.041,-0.278, 0.075, 0.303,0.314, -0.003, 0.156,-0.119, -0.006, 0.004,0.119, 0.006, -0.005,-0.104, -0.404, 0.052,0.123, -0.225, 0.246,-0.119, -0.722, -0.169,0.050, -0.579, 0.045
221043,30,21,28,31,37,38,20,59,42,76,-0.194, 0.464, 0.107,0.158, 0.447, 0.094,-0.251, 0.239, 0.141,0.234, 0.197, 0.042,-0.275, 0.073, 0.310,0.302, -0.005, 0.153,-0.120, -0.010, 0.003,0.120, 0.010, -0.004,-0.103, -0.407, 0.050,0.122, -0.217, 0.237,-0.120, -0.719, -0.172,0.053, -0.569, 0.039
221043,32,20,31,33,37,39,21,71,40,89,-0.213, 0.452, 0.113,0.139, 0.445, 0.103,-0.264, 0.227, 0.147,0.223, 0.191, 0.043,-0.268, 0.059, 0.311,0.285, -0.017, 0.152,-0.120, -0.017, 0.003,0.120, 0.017, -0.004,-0.102, -0.420, 0.048,0.122, -0.165, 0.285,-0.120, -0.743, -0.166,0.063, -0.499, 0.075
221043,30,20,25,30,36,33,20,83,39,97,-0.216, 0.449, 0.112,0.135, 0.444, 0.112,-0.268, 0.223, 0.137,0.222, 0.188, 0.062,-0.267, 0.042, 0.290,0.281, -0.022, 0.156,-0.120, -0.022, 0.002,0.120, 0.023, -0.003,-0.098, -0.429, 0.045,0.124, -0.109, 0.319,-0.122, -0.758, -0.163,0.079, -0.459, 0.123
221043,27,20,10,31,34,32,17,91,34,105,-0.218, 0.450, 0.101,0.135, 0.443, 0.112,-0.269, 0.221, 0.109,0.221, 0.188, 0.063,-0.265, 0.024, 0.241,0.281, -0.025, 0.154,-0.120, -0.028, -0.001,0.120, 0.028, -0.001,-0.087, -0.436, 0.030,0.130, -0.053, 0.337,-0.113, -0.775, -0.163,0.100, -0.407, 0.144
221043,27,21,10,27,33,30,16,97,34,109,-0.220, 0.448, 0.100,0.133, 0.444, 0.115,-0.269, 0.216, 0.107,0.220, 0.191, 0.075,-0.262, 0.010, 0.235,0.281, -0.026, 0.164,-0.120, -0.031, -0.001,0.120, 0.031, 0.000,-0.085, -0.434, 0.025,0.141, -0.020, 0.350,-0.107, -0.772, -0.166,0.104, -0.382, 0.161
221043,26,21,7,26,32,29,16,103,33,113,-0.222, 0.442, 0.097,0.127, 0.444, 0.126,-0.269, 0.204, 0.099,0.214, 0.195, 0.090,-0.257, -0.008, 0.220,0.277, -0.024, 0.180,-0.119, -0.034, -0.004,0.119, 0.034, 0.002,-0.085, -0.434, 0.018,0.141, 0.012, 0.368,-0.104, -0.774, -0.171,0.106, -0.353, 0.182
221043,26,21,8,27,32,30,15,103,32,113,-0.220, 0.438, 0.097,0.129, 0.444, 0.126,-0.268, 0.198, 0.100,0.214, 0.197, 0.089,-0.251, -0.015, 0.225,0.276, -0.023, 0.182,-0.118, -0.035, -0.004,0.118, 0.036, 0.003,-0.084, -0.433, 0.011,0.142, 0.013, 0.366,-0.103, -0.772, -0.178,0.116, -0.349, 0.179
221043,26,21,9,27,33,30,15,101,32,112,-0.222, 0.436, 0.097,0.127, 0.446, 0.125,-0.268, 0.194, 0.101,0.212, 0.199, 0.088,-0.249, -0.019, 0.227,0.276, -0.022, 0.185,-0.118, -0.036, -0.004,0.118, 0.037, 0.003,-0.083, -0.432, 0.011,0.149, 0.001, 0.366,-0.101, -0.769, -0.177,0.121, -0.359, 0.179
221043,27,21,2,28,33,31,18,101,32,110,-0.223, 0.432, 0.116,0.126, 0.441, 0.134,-0.274, 0.193, 0.111,0.213, 0.192, 0.093,-0.261, -0.022, 0.228,0.278, -0.025, 0.187,-0.118, -0.036, -0.003,0.118, 0.036, 0.001,-0.088, -0.432, 0.014,0.147, -0.005, 0.355,-0.107, -0.768, -0.177,0.120, -0.362, 0.170
221043,27,21,4,29,31,31,18,96,32,105,-0.223, 0.433, 0.117,0.127, 0.440, 0.134,-0.276, 0.194, 0.111,0.212, 0.189, 0.092,-0.272, -0.021, 0.222,0.278, -0.026, 0.185,-0.118, -0.035, -0.002,0.118, 0.036, 0.001,-0.090, -0.431, 0.014,0.145, -0.037, 0.348,-0.107, -0.768, -0.177,0.117, -0.391, 0.166
221043,26,21,20,33,27,31,18,78,33,86,-0.221, 0.435, 0.110,0.133, 0.440, 0.129,-0.280, 0.199, 0.084,0.219, 0.189, 0.078,-0.296, -0.019, 0.164,0.287, -0.025, 0.162,-0.119, -0.032, -0.002,0.119, 0.033, 0.000,-0.091, -0.425, 0.020,0.141, -0.146, 0.324,-0.103, -0.759, -0.173,0.118, -0.491, 0.160
221043,27,22,21,35,26,29,19,72,36,77,-0.217, 0.438, 0.105,0.141, 0.439, 0.128,-0.283, 0.206, 0.074,0.227, 0.189, 0.075,-0.312, -0.017, 0.148,0.295, -0.023, 0.149,-0.119, -0.029, -0.001,0.119, 0.030, 0.000,-0.092, -0.416, 0.034,0.140, -0.177, 0.289,-0.103, -0.743, -0.158,0.117, -0.543, 0.136
221043,27,22,17,37,28,27,19,43,36,55,-0.200, 0.449, 0.106,0.157, 0.447, 0.128,-0.273, 0.219, 0.078,0.237, 0.200, 0.074,-0.316, 0.000, 0.164,0.305, -0.008, 0.133,-0.119, -0.021, -0.002,0.119, 0.021, 0.000,-0.091, -0.411, 0.038,0.141, -0.310, 0.162,-0.096, -0.740, -0.159,0.115, -0.641, -0.025
221043,27,22,16,39,28,26,16,32,32,41,-0.189, 0.465, 0.106,0.168, 0.454, 0.124,-0.265, 0.236, 0.080,0.240, 0.207, 0.071,-0.320, 0.022, 0.168,0.309, 0.000, 0.130,-0.119, -0.014, -0.001,0.119, 0.014, 0.000,-0.089, -0.409, 0.021,0.141, -0.345, 0.098,-0.092, -0.741, -0.166,0.114, -0.688, -0.066
221043,27,21,13,42,27,27,13,21,29,31,-0.177, 0.477, 0.104,0.176, 0.460, 0.116,-0.259, 0.253, 0.081,0.241, 0.212, 0.061,-0.322, 0.041, 0.171,0.311, 0.006, 0.119,-0.119, -0.009, -0.001,0.119, 0.009, 0.000,-0.089, -0.408, 0.006,0.136, -0.369, 0.034,-0.096, -0.741, -0.172,0.106, -0.717, -0.135
221043,28,20,13,44,28,28,11,15,26,24,-0.170, 0.477, 0.105,0.180, 0.462, 0.115,-0.260, 0.255, 0.082,0.241, 0.213, 0.059,-0.333, 0.047, 0.176,0.310, 0.007, 0.119,-0.119, -0.004, 0.000,0.119, 0.005, -0.001,-0.094, -0.403, -0.006,0.112, -0.390, -0.004,-0.118, -0.735, -0.172,0.067, -0.747, -0.161
221044,28,20,13,46,28,29,10,12,25,22,-0.161, 0.480, 0.105,0.188, 0.464, 0.112,-0.257, 0.257, 0.080,0.242, 0.215, 0.057,-0.336, 0.048, 0.175,0.309, 0.008, 0.122,-0.119, -0.002, 0.000,0.119, 0.002, -0.001,-0.097, -0.402, -0.014,0.098, -0.395, -0.015,-0.129, -0.735, -0.176,0.055, -0.747, -0.172
221044,28,19,15,52,27,31,8,14,24,24,-0.153, 0.480, 0.108,0.197, 0.464, 0.112,-0.255, 0.256, 0.078,0.243, 0.214, 0.053,-0.339, 0.045, 0.165,0.308, 0.007, 0.123,-0.119, 0.000, 0.001,0.119, 0.001, -0.002,-0.100, -0.402, -0.025,0.081, -0.393, 0.002,-0.139, -0.736, -0.192,0.040, -0.747, -0.155
221044,28,18,15,54,27,35,6,14,22,22,-0.148, 0.484, 0.107,0.204, 0.463, 0.110,-0.252, 0.257, 0.077,0.242, 0.209, 0.057,-0.340, 0.043, 0.163,0.303, 0.003, 0.148,-0.119, 0.002, 0.001,0.119, -0.002, -0.002,-0.109, -0.403, -0.039,0.068, -0.392, 0.002,-0.158, -0.736, -0.204,0.027, -0.748, -0.144
221044,28,18,16,57,27,35,7,13,22,20,-0.143, 0.485, 0.110,0.209, 0.460, 0.109,-0.249, 0.259, 0.079,0.242, 0.204, 0.056,-0.337, 0.042, 0.165,0.304, 0.000, 0.147,-0.118, 0.004, 0.004,0.119, -0.003, -0.005,-0.115, -0.403, -0.034,0.064, -0.395, -0.006,-0.169, -0.736, -0.199,0.024, -0.751, -0.145
221044,26,19,9,35,24,33,33,18,40,23,-0.132, 0.485, 0.072,0.216, 0.454, 0.067,-0.237, 0.258, 0.055,0.247, 0.191, 0.043,-0.322, 0.041, 0.142,0.313, 0.000, 0.143,-0.118, 0.006, 0.004,0.119, -0.006, -0.005,-0.128, -0.332, 0.161,0.068, -0.384, 0.055,-0.181, -0.683, 0.069,0.013, -0.739, -0.040
221044,26,19,6,31,23,32,34,14,41,22,-0.130, 0.485, 0.060,0.219, 0.447, 0.051,-0.235, 0.256, 0.051,0.252, 0.188, 0.030,-0.319, 0.041, 0.139,0.320, 0.000, 0.127,-0.118, 0.009, 0.004,0.119, -0.009, -0.005,-0.135, -0.316, 0.176,0.059, -0.386, 0.046,-0.183, -0.672, 0.093,0.002, -0.742, -0.054
221044,24,20,8,35,23,33,42,15,53,23,-0.120, 0.481, 0.065,0.224, 0.438, 0.058,-0.223, 0.252, 0.052,0.258, 0.183, 0.033,-0.305, 0.040, 0.138,0.324, -0.002, 0.130,-0.118, 0.012, 0.003,0.118, -0.011, -0.004,-0.147, -0.285, 0.210,0.052, -0.390, 0.044,-0.178, -0.641, 0.091,0.000, -0.744, -0.061
221044,22,23,12,34,26,31,57,14,73,25,-0.108, 0.469, 0.075,0.235, 0.423, 0.074,-0.207, 0.243, 0.054,0.273, 0.171, 0.048,-0.289, 0.038, 0.141,0.330, -0.023, 0.141,-0.118, 0.017, 0.003,0.118, -0.017, -0.004,-0.143, -0.233, 0.282,0.039, -0.418, 0.026,-0.175, -0.559, 0.125,-0.013, -0.769, -0.110
221044,19,25,15,41,28,31,63,15,82,26,-0.098, 0.463, 0.082,0.245, 0.416, 0.086,-0.190, 0.236, 0.055,0.285, 0.165, 0.052,-0.274, 0.033, 0.146,0.338, -0.037, 0.141,-0.117, 0.020, 0.001,0.118, -0.020, -0.002,-0.142, -0.211, 0.306,0.036, -0.424, 0.023,-0.155, -0.523, 0.128,-0.019, -0.775, -0.127
221044,17,25,16,58,28,30,81,18,96,26,-0.086, 0.449, 0.100,0.252, 0.400, 0.117,-0.176, 0.214, 0.068,0.289, 0.138, 0.063,-0.265, 0.016, 0.155,0.336, -0.066, 0.134,-0.117, 0.024, 0.001,0.117, -0.024, -0.002,-0.144, -0.118, 0.357,0.039, -0.425, 0.013,-0.131, -0.425, 0.195,-0.015, -0.779, -0.148
221044,16,24,16,60,30,28,89,16,106,27,-0.084, 0.445, 0.102,0.254, 0.395, 0.116,-0.171, 0.208, 0.072,0.287, 0.130, 0.062,-0.262, 0.016, 0.164,0.325, -0.074, 0.126,-0.116, 0.027, 0.001,0.116, -0.027, -0.002,-0.143, -0.065, 0.364,0.040, -0.428, -0.001,-0.127, -0.358, 0.192,-0.019, -0.780, -0.182
221044,18,24,14,61,31,28,96,16,112,25,-0.085, 0.439, 0.107,0.252, 0.389, 0.117,-0.174, 0.206, 0.082,0.285, 0.126, 0.060,-0.263, 0.016, 0.183,0.304, -0.084, 0.121,-0.114, 0.030, 0.001,0.115, -0.030, -0.002,-0.139, -0.017, 0.362,0.033, -0.430, -0.004,-0.128, -0.310, 0.194,-0.027, -0.785, -0.178
221044,18,24,14,62,32,28,98,15,111,25,-0.085, 0.437, 0.107,0.252, 0.387, 0.116,-0.173, 0.204, 0.082,0.284, 0.126, 0.057,-0.260, 0.016, 0.185,0.291, -0.086, 0.116,-0.113, 0.032, 0.001,0.113, -0.032, -0.002,-0.137, -0.004, 0.362,0.026, -0.434, -0.009,-0.129, -0.318, 0.199,-0.036, -0.786, -0.182
221044,18,24,13,66,32,29,95,15,107,24,-0.083, 0.437, 0.107,0.253, 0.386, 0.121,-0.169, 0.203, 0.082,0.283, 0.122, 0.060,-0.259, 0.015, 0.185,0.288, -0.088, 0.120,-0.113, 0.033, 0.000,0.113, -0.033, -0.001,-0.138, -0.025, 0.364,0.027, -0.435, -0.006,-0.135, -0.337, 0.208,-0.033, -0.789, -0.177
221044,15,24,15,68,32,29,92,16,105,24,-0.075, 0.438, 0.106,0.259, 0.386, 0.120,-0.156, 0.201, 0.079,0.286, 0.120, 0.060,-0.249, 0.014, 0.182,0.290, -0.087, 0.120,-0.113, 0.034, 0.000,0.113, -0.034, -0.001,-0.140, -0.043, 0.369,0.031, -0.436, -0.006,-0.144, -0.359, 0.207,-0.032, -0.788, -0.176
221044,15,24,18,70,31,27,82,16,91,22,-0.075, 0.444, 0.094,0.260, 0.387, 0.112,-0.159, 0.210, 0.060,0.286, 0.120, 0.051,-0.250, 0.016, 0.151,0.292, -0.086, 0.104,-0.113, 0.034, 0.000,0.113, -0.034, -0.001,-0.151, -0.099, 0.365,0.031, -0.435, 0.001,-0.169, -0.424, 0.235,-0.031, -0.788, -0.142
221044,15,23,19,69,30,27,75,15,81,22,-0.076, 0.449, 0.093,0.259, 0.393, 0.110,-0.160, 0.216, 0.058,0.285, 0.128, 0.051,-0.251, 0.020, 0.144,0.293, -0.084, 0.106,-0.113, 0.034, 0.000,0.113, -0.033, -0.001,-0.153, -0.148, 0.361,0.032, -0.433, 0.001,-0.184, -0.487, 0.246,-0.030, -0.778, -0.141
221044,15,22,23,66,27,25,53,12,51,20,-0.088, 0.470, 0.073,0.251, 0.414, 0.092,-0.171, 0.232, 0.031,0.278, 0.156, 0.039,-0.258, 0.030, 0.102,0.293, -0.058, 0.094,-0.114, 0.029, 0.000,0.114, -0.029, -0.001,-0.153, -0.255, 0.271,0.032, -0.412, 0.001,-0.204, -0.614, 0.218,-0.031, -0.748, -0.127
221044,17,21,20,57,26,25,49,9,48,18,-0.097, 0.484, 0.065,0.245, 0.428, 0.075,-0.181, 0.246, 0.031,0.272, 0.170, 0.034,-0.263, 0.041, 0.105,0.293, -0.040, 0.096,-0.114, 0.026, 0.001,0.115, -0.026, -0.002,-0.153, -0.275, 0.263,0.032, -0.403, -0.008,-0.209, -0.635, 0.215,-0.032, -0.735, -0.129
221045,17,20,26,59,27,31,13,9,18,17,-0.116, 0.488, 0.100,0.229, 0.442, 0.094,-0.190, 0.249, 0.064,0.260, 0.188, 0.038,-0.267, 0.041, 0.142,0.293, -0.026, 0.112,-0.115, 0.017, 0.003,0.115, -0.017, -0.004,-0.153, -0.388, 0.006,0.032, -0.398, -0.022,-0.215, -0.736, -0.101,-0.031, -0.738, -0.150
221045,20,20,25,55,27,33,11,9,16,17,-0.134, 0.490, 0.111,0.213, 0.447, 0.107,-0.210, 0.253, 0.076,0.252, 0.197, 0.047,-0.287, 0.043, 0.157,0.294, -0.016, 0.127,-0.115, 0.013, 0.003,0.115, -0.013, -0.004,-0.150, -0.404, -0.024,0.034, -0.397, -0.032,-0.210, -0.748, -0.146,-0.021, -0.738, -0.170
221045,22,19,21,54,28,34,11,9,15,18,-0.142, 0.489, 0.116,0.205, 0.447, 0.115,-0.222, 0.253, 0.085,0.245, 0.195, 0.059,-0.303, 0.042, 0.172,0.294, -0.015, 0.145,-0.115, 0.011, 0.002,0.116, -0.011, -0.003,-0.150, -0.403, -0.031,0.040, -0.397, -0.037,-0.208, -0.749, -0.153,0.002, -0.739, -0.179
221045,22,20,26,54,29,33,13,11,17,19,-0.151, 0.487, 0.130,0.201, 0.448, 0.136,-0.226, 0.253, 0.092,0.247, 0.196, 0.073,-0.309, 0.042, 0.179,0.301, -0.019, 0.151,-0.116, 0.009, 0.002,0.116, -0.008, -0.003,-0.143, -0.405, -0.031,0.058, -0.395, -0.042,-0.192, -0.747, -0.171,0.037, -0.733, -0.198
221045,23,20,22,52,30,32,13,11,20,19,-0.154, 0.487, 0.128,0.199, 0.451, 0.133,-0.232, 0.256, 0.094,0.248, 0.200, 0.071,-0.311, 0.041, 0.190,0.308, -0.018, 0.149,-0.116, 0.007, 0.002,0.116, -0.007, -0.003,-0.138, -0.406, -0.021,0.073, -0.393, -0.040,-0.177, -0.744, -0.166,0.060, -0.729, -0.196
221045,24,21,21,50,31,32,15,12,23,20,-0.156, 0.486, 0.126,0.197, 0.453, 0.131,-0.236, 0.257, 0.093,0.249, 0.203, 0.070,-0.312, 0.042, 0.196,0.312, -0.016, 0.147,-0.116, 0.006, 0.001,0.117, -0.005, -0.002,-0.137, -0.403, -0.005,0.085, -0.389, -0.034,-0.167, -0.740, -0.156,0.071, -0.723, -0.193
221045,26,22,18,37,31,26,16,26,27,36,-0.165, 0.488, 0.123,0.188, 0.452, 0.131,-0.247, 0.263, 0.095,0.249, 0.201, 0.085,-0.313, 0.055, 0.193,0.318, -0.017, 0.152,-0.117, 0.004, -0.001,0.117, -0.003, 0.000,-0.121, -0.405, 0.009,0.115, -0.366, 0.058,-0.134, -0.742, -0.158,0.103, -0.685, -0.104
221045,27,23,17,40,27,26,16,35,27,45,-0.168, 0.487, 0.122,0.187, 0.451, 0.139,-0.254, 0.264, 0.092,0.250, 0.200, 0.090,-0.321, 0.056, 0.173,0.321, -0.021, 0.155,-0.117, 0.001, -0.003,0.117, -0.001, 0.002,-0.109, -0.409, 0.009,0.125, -0.340, 0.108,-0.117, -0.747, -0.156,0.108, -0.665, -0.061
221045,27,23,14,38,27,26,16,46,27,51,-0.171, 0.483, 0.118,0.183, 0.447, 0.137,-0.253, 0.261, 0.093,0.250, 0.196, 0.090,-0.319, 0.056, 0.176,0.319, -0.022, 0.156,-0.118, -0.001, -0.003,0.118, 0.002, 0.002,-0.099, -0.405, 0.011,0.128, -0.300, 0.167,-0.106, -0.741, -0.147,0.113, -0.641, 0.024
221045,28,24,7,33,25,25,18,61,31,64,-0.179, 0.480, 0.109,0.173, 0.441, 0.136,-0.258, 0.259, 0.092,0.246, 0.189, 0.096,-0.318, 0.055, 0.178,0.299, -0.023, 0.162,-0.118, -0.005, -0.004,0.118, 0.006, 0.003,-0.093, -0.405, 0.036,0.126, -0.233, 0.230,-0.100, -0.739, -0.121,0.107, -0.588, 0.097
221045,28,23,4,32,24,24,16,69,30,72,-0.191, 0.479, 0.087,0.167, 0.439, 0.125,-0.271, 0.258, 0.072,0.241, 0.187, 0.089,-0.325, 0.050, 0.152,0.291, -0.032, 0.153,-0.118, -0.011, -0.005,0.118, 0.011, 0.004,-0.090, -0.412, 0.029,0.128, -0.176, 0.260,-0.102, -0.747, -0.127,0.111, -0.541, 0.136
221045,28,22,8,35,27,28,18,87,30,87,-0.199, 0.455, 0.106,0.154, 0.430, 0.142,-0.272, 0.227, 0.087,0.228, 0.176, 0.100,-0.324, 0.014, 0.177,0.279, -0.045, 0.180,-0.118, -0.019, -0.004,0.118, 0.019, 0.003,-0.092, -0.426, 0.029,0.143, -0.104, 0.312,-0.106, -0.764, -0.127,0.109, -0.485, 0.179
221045,28,21,10,39,27,30,20,95,30,96,-0.209, 0.443, 0.125,0.142, 0.427, 0.158,-0.278, 0.210, 0.105,0.212, 0.174, 0.110,-0.323, -0.009, 0.196,0.270, -0.046, 0.194,-0.118, -0.023, -0.003,0.118, 0.024, 0.002,-0.094, -0.435, 0.027,0.151, -0.073, 0.333,-0.110, -0.779, -0.137,0.106, -0.444, 0.180
221045,28,20,10,39,27,29,18,99,29,102,-0.212, 0.442, 0.124,0.141, 0.429, 0.154,-0.280, 0.207, 0.105,0.209, 0.177, 0.108,-0.321, -0.016, 0.200,0.268, -0.043, 0.190,-0.118, -0.027, -0.002,0.118, 0.027, 0.001,-0.094, -0.432, 0.014,0.155, -0.041, 0.344,-0.114, -0.773, -0.159,0.110, -0.414, 0.183
221045,28,20,11,40,27,31,18,97,30,100,-0.214, 0.439, 0.123,0.139, 0.428, 0.153,-0.279, 0.203, 0.104,0.207, 0.176, 0.104,-0.316, -0.022, 0.198,0.268, -0.043, 0.190,-0.118, -0.028, -0.001,0.118, 0.028, 0.000,-0.095, -0.430, 0.016,0.155, -0.052, 0.335,-0.115, -0.771, -0.158,0.115, -0.422, 0.175
221045,28,20,14,41,25,30,18,96,30,97,-0.213, 0.439, 0.121,0.139, 0.426, 0.151,-0.278, 0.204, 0.098,0.208, 0.175, 0.098,-0.314, -0.022, 0.180,0.269, -0.043, 0.175,-0.118, -0.028, -0.001,0.118, 0.029, 0.000,-0.095, -0.431, 0.017,0.146, -0.062, 0.340,-0.115, -0.772, -0.156,0.121, -0.434, 0.188
221045,27,20,19,42,25,29,19,85,30,90,-0.212, 0.439, 0.120,0.140, 0.426, 0.150,-0.278, 0.206, 0.089,0.213, 0.176, 0.092,-0.315, -0.020, 0.161,0.276, -0.041, 0.164,-0.118, -0.028, -0.002,0.118, 0.028, 0.000,-0.096, -0.427, 0.024,0.143, -0.126, 0.330,-0.107, -0.769, -0.150,0.120, -0.471, 0.166
221045,27,21,22,40,25,29,20,79,33,83,-0.212, 0.440, 0.118,0.144, 0.426, 0.149,-0.280, 0.207, 0.083,0.221, 0.177, 0.092,-0.320, -0.018, 0.148,0.284, -0.037, 0.162,-0.118, -0.027, -0.002,0.119, 0.027, 0.000,-0.097, -0.419, 0.031,0.143, -0.158, 0.310,-0.105, -0.752, -0.152,0.119, -0.519, 0.149
221045,26,23,18,38,24,28,21,58,34,61,-0.200, 0.448, 0.114,0.159, 0.430, 0.146,-0.271, 0.211, 0.083,0.235, 0.182, 0.095,-0.318, -0.014, 0.152,0.292, -0.022, 0.160,-0.118, -0.021, -0.003,0.119, 0.021, 0.002,-0.095, -0.408, 0.040,0.145, -0.253, 0.219,-0.100, -0.742, -0.139,0.115, -0.599, 0.073
221046,26,22,12,32,27,25,17,28,33,38,-0.183, 0.470, 0.105,0.171, 0.449, 0.119,-0.260, 0.235, 0.085,0.239, 0.203, 0.079,-0.316, 0.021, 0.176,0.297, 0.005, 0.140,-0.118, -0.011, -0.003,0.118, 0.012, 0.002,-0.095, -0.405, 0.031,0.146, -0.348, 0.072,-0.101, -0.741, -0.149,0.105, -0.682, -0.089
221046,26,21,16,39,29,27,14,18,28,29,-0.173, 0.479, 0.099,0.180, 0.466, 0.109,-0.257, 0.251, 0.072,0.243, 0.219, 0.060,-0.325, 0.035, 0.170,0.302, 0.013, 0.122,-0.118, -0.006, -0.002,0.118, 0.006, 0.001,-0.106, -0.403, 0.014,0.131, -0.375, 0.023,-0.119, -0.739, -0.152,0.080, -0.727, -0.139
221046,27,20,16,44,29,28,11,14,23,24,-0.168, 0.482, 0.097,0.185, 0.469, 0.110,-0.256, 0.255, 0.068,0.242, 0.220, 0.059,-0.331, 0.040, 0.164,0.303, 0.013, 0.125,-0.118, -0.002, -0.003,0.118, 0.002, 0.002,-0.115, -0.401, -0.014,0.101, -0.387, 0.001,-0.136, -0.736, -0.173,0.067, -0.736, -0.157
221046,26,20,15,45,27,28,10,14,23,25,-0.159, 0.482, 0.092,0.195, 0.468, 0.105,-0.250, 0.255, 0.063,0.248, 0.218, 0.056,-0.335, 0.041, 0.151,0.304, 0.010, 0.124,-0.118, 0.000, -0.002,0.118, 0.001, 0.001,-0.117, -0.400, -0.017,0.086, -0.382, 0.012,-0.153, -0.737, -0.171,0.056, -0.731, -0.147
221046,26,20,14,47,25,29,9,10,21,19,-0.150, 0.481, 0.099,0.202, 0.467, 0.106,-0.244, 0.254, 0.072,0.249, 0.216, 0.057,-0.334, 0.039, 0.156,0.308, 0.004, 0.129,-0.118, 0.002, -0.001,0.118, -0.002, 0.000,-0.124, -0.400, -0.023,0.071, -0.393, -0.017,-0.181, -0.738, -0.170,0.031, -0.745, -0.162
221046,26,21,9,32,23,29,16,10,21,22,-0.148, 0.486, 0.080,0.205, 0.466, 0.074,-0.242, 0.254, 0.067,0.253, 0.215, 0.041,-0.332, 0.038, 0.152,0.317, 0.015, 0.123,-0.118, 0.003, 0.003,0.118, -0.002, -0.004,-0.139, -0.374, 0.041,0.063, -0.384, 0.004,-0.203, -0.720, -0.049,0.015, -0.741, -0.135
221046,25,22,3,19,22,27,41,11,40,20,-0.139, 0.481, 0.077,0.211, 0.460, 0.062,-0.235, 0.241, 0.074,0.263, 0.205, 0.041,-0.311, 0.034, 0.161,0.326, 0.013, 0.124,-0.118, 0.008, 0.006,0.118, -0.008, -0.007,-0.137, -0.287, 0.194,0.064, -0.389, 0.014,-0.204, -0.663, 0.142,0.006, -0.741, -0.095
221046,22,24,8,26,23,27,37,10,36,17,-0.134, 0.477, 0.065,0.217, 0.451, 0.059,-0.223, 0.237, 0.054,0.273, 0.199, 0.031,-0.297, 0.027, 0.139,0.329, 0.008, 0.108,-0.118, 0.009, 0.005,0.118, -0.009, -0.005,-0.135, -0.301, 0.184,0.051, -0.394, 0.012,-0.201, -0.668, 0.143,-0.005, -0.756, -0.086
221046,21,24,11,30,23,27,46,11,46,16,-0.125, 0.474, 0.067,0.224, 0.442, 0.065,-0.214, 0.236, 0.050,0.276, 0.190, 0.033,-0.287, 0.022, 0.130,0.331, -0.004, 0.109,-0.118, 0.011, 0.004,0.118, -0.011, -0.005,-0.125, -0.269, 0.232,0.052, -0.397, 0.013,-0.197, -0.636, 0.191,-0.005, -0.756, -0.078
221046,20,26,10,20,23,27,65,13,73,20,-0.112, 0.458, 0.071,0.233, 0.423, 0.082,-0.203, 0.226, 0.050,0.281, 0.171, 0.067,-0.282, 0.017, 0.127,0.331, -0.029, 0.156,-0.117, 0.018, 0.003,0.118, -0.018, -0.004,-0.120, -0.179, 0.309,0.049, -0.411, 0.012,-0.183, -0.536, 0.203,-0.013, -0.761, -0.105
221046,18,26,15,41,26,27,81,15,88,22,-0.098, 0.444, 0.090,0.240, 0.404, 0.109,-0.185, 0.211, 0.059,0.284, 0.142, 0.075,-0.271, 0.005, 0.140,0.330, -0.061, 0.151,-0.116, 0.022, 0.003,0.117, -0.022, -0.004,-0.108, -0.108, 0.354,0.041, -0.428, 0.000,-0.141, -0.446, 0.242,-0.019, -0.777, -0.142
221046,17,25,16,48,28,27,87,16,95,22,-0.100, 0.440, 0.096,0.240, 0.399, 0.114,-0.183, 0.203, 0.065,0.282, 0.138, 0.072,-0.269, 0.001, 0.152,0.327, -0.069, 0.140,-0.116, 0.025, 0.003,0.116, -0.025, -0.004,-0.107, -0.074, 0.358,0.037, -0.430, -0.001,-0.127, -0.407, 0.228,-0.024, -0.781, -0.149
221046,16,25,18,56,29,26,88,17,100,24,-0.095, 0.439, 0.100,0.245, 0.396, 0.121,-0.176, 0.200, 0.067,0.283, 0.135, 0.070,-0.264, 0.000, 0.153,0.326, -0.074, 0.131,-0.116, 0.027, 0.002,0.116, -0.027, -0.003,-0.108, -0.072, 0.364,0.040, -0.430, 0.000,-0.126, -0.388, 0.212,-0.021, -0.781, -0.159
221046,16,24,18,57,29,26,90,16,100,23,-0.093, 0.439, 0.100,0.247, 0.392, 0.120,-0.173, 0.200, 0.067,0.283, 0.128, 0.070,-0.262, 0.000, 0.154,0.316, -0.082, 0.131,-0.115, 0.029, 0.002,0.115, -0.028, -0.003,-0.100, -0.054, 0.362,0.039, -0.435, -0.004,-0.125, -0.368, 0.225,-0.024, -0.788, -0.159
221046,16,24,19,60,30,29,88,16,103,24,-0.093, 0.440, 0.099,0.248, 0.395, 0.114,-0.171, 0.201, 0.067,0.283, 0.130, 0.057,-0.261, 0.001, 0.157,0.308, -0.077, 0.121,-0.114, 0.029, 0.003,0.115, -0.029, -0.004,-0.088, -0.070, 0.372,0.040, -0.437, -0.007,-0.127, -0.359, 0.215,-0.025, -0.787, -0.170
221046,16,24,19,64,31,29,89,16,104,25,-0.090, 0.438, 0.101,0.251, 0.393, 0.117,-0.171, 0.198, 0.068,0.283, 0.128, 0.057,-0.262, 0.001, 0.161,0.306, -0.077, 0.121,-0.114, 0.029, 0.003,0.115, -0.029, -0.004,-0.093, -0.067, 0.374,0.040, -0.436, -0.007,-0.127, -0.363, 0.210,-0.024, -0.785, -0.182
221046,16,24,19,63,31,29,86,16,102,25,-0.090, 0.440, 0.095,0.250, 0.394, 0.112,-0.172, 0.202, 0.061,0.283, 0.129, 0.053,-0.261, 0.008, 0.154,0.306, -0.075, 0.115,-0.114, 0.029, 0.003,0.115, -0.029, -0.004,-0.106, -0.077, 0.369,0.039, -0.436, -0.006,-0.129, -0.373, 0.208,-0.024, -0.784, -0.177
221047,18,23,23,62,25,27,67,16,69,20,-0.095, 0.447, 0.095,0.243, 0.399, 0.113,-0.184, 0.216, 0.050,0.277, 0.139, 0.055,-0.269, 0.016, 0.111,0.305, -0.066, 0.111,-0.114, 0.028, 0.002,0.115, -0.028, -0.003,-0.130, -0.202, 0.326,0.039, -0.421, 0.003,-0.167, -0.572, 0.226,-0.023, -0.765, -0.119
221047,20,22,23,55,26,26,57,11,56,19,-0.104, 0.464, 0.093,0.237, 0.416, 0.097,-0.197, 0.237, 0.051,0.272, 0.165, 0.048,-0.278, 0.031, 0.118,0.306, -0.038, 0.107,-0.115, 0.025, 0.002,0.115, -0.025, -0.004,-0.136, -0.253, 0.287,0.038, -0.407, -0.011,-0.184, -0.617, 0.217,-0.025, -0.739, -0.137
221047,21,22,21,49,29,31,32,8,36,20,-0.115, 0.482, 0.093,0.231, 0.436, 0.092,-0.206, 0.251, 0.058,0.268, 0.182, 0.049,-0.294, 0.048, 0.146,0.305, -0.018, 0.128,-0.115, 0.020, 0.003,0.116, -0.020, -0.004,-0.146, -0.344, 0.142,0.031, -0.407, -0.023,-0.199, -0.690, 0.044,-0.025, -0.744, -0.168
221047,22,20,23,51,29,32,10,8,16,19,-0.135, 0.483, 0.103,0.213, 0.445, 0.101,-0.217, 0.251, 0.069,0.254, 0.196, 0.049,-0.312, 0.048, 0.155,0.299, -0.012, 0.129,-0.115, 0.015, 0.002,0.116, -0.014, -0.003,-0.144, -0.398, -0.023,0.032, -0.401, -0.033,-0.198, -0.743, -0.146,-0.017, -0.742, -0.180
221047,23,21,22,50,30,32,12,10,17,19,-0.145, 0.481, 0.124,0.201, 0.444, 0.128,-0.226, 0.249, 0.090,0.250, 0.195, 0.070,-0.322, 0.046, 0.177,0.300, -0.016, 0.145,-0.116, 0.012, 0.002,0.116, -0.011, -0.003,-0.143, -0.403, -0.032,0.046, -0.400, -0.036,-0.194, -0.746, -0.170,0.014, -0.741, -0.189
221047,24,20,21,48,30,31,12,10,19,20,-0.157, 0.483, 0.122,0.195, 0.451, 0.125,-0.235, 0.253, 0.089,0.246, 0.198, 0.069,-0.325, 0.047, 0.183,0.300, -0.014, 0.146,-0.116, 0.009, 0.001,0.117, -0.008, -0.002,-0.139, -0.406, -0.028,0.072, -0.395, -0.039,-0.180, -0.745, -0.176,0.042, -0.732, -0.204
221047,25,21,17,41,30,28,17,18,30,31,-0.166, 0.482, 0.122,0.187, 0.452, 0.130,-0.245, 0.254, 0.095,0.245, 0.200, 0.082,-0.326, 0.046, 0.196,0.301, -0.013, 0.155,-0.117, 0.006, 0.001,0.117, -0.005, -0.002,-0.134, -0.401, 0.012,0.107, -0.380, 0.007,-0.149, -0.732, -0.168,0.072, -0.710, -0.182
221047,26,22,11,35,28,26,17,25,30,37,-0.169, 0.483, 0.113,0.184, 0.452, 0.129,-0.247, 0.255, 0.095,0.246, 0.200, 0.089,-0.324, 0.047, 0.194,0.301, -0.013, 0.161,-0.117, 0.003, -0.001,0.117, -0.003, 0.000,-0.123, -0.404, 0.019,0.128, -0.365, 0.052,-0.126, -0.739, -0.157,0.098, -0.688, -0.125
221047,28,27,11,11,25,25,23,48,34,54,-0.178, 0.473, 0.119,0.173, 0.443, 0.138,-0.247, 0.240, 0.128,0.246, 0.191, 0.127,-0.310, 0.044, 0.236,0.298, -0.014, 0.215,-0.117, -0.002, -0.002,0.118, 0.002, 0.001,-0.105, -0.401, 0.061,0.141, -0.295, 0.174,-0.104, -0.737, -0.097,0.110, -0.636, 0.024
221047,27,27,10,12,26,25,24,56,36,60,-0.188, 0.472, 0.118,0.165, 0.441, 0.137,-0.248, 0.238, 0.126,0.242, 0.190, 0.124,-0.294, 0.044, 0.233,0.289, -0.014, 0.211,-0.118, -0.006, -0.003,0.118, 0.006, 0.002,-0.095, -0.400, 0.067,0.150, -0.263, 0.210,-0.090, -0.736, -0.095,0.117, -0.608, 0.074
221047,29,25,6,17,29,22,21,69,35,76,-0.207, 0.466, 0.117,0.146, 0.440, 0.138,-0.272, 0.238, 0.121,0.228, 0.189, 0.117,-0.295, 0.040, 0.231,0.281, -0.026, 0.190,-0.118, -0.015, -0.003,0.118, 0.015, 0.002,-0.095, -0.420, 0.045,0.155, -0.186, 0.256,-0.097, -0.755, -0.140,0.119, -0.542, 0.094
221047,29,20,12,27,30,27,21,87,36,91,-0.217, 0.459, 0.109,0.136, 0.440, 0.129,-0.275, 0.228, 0.118,0.211, 0.186, 0.095,-0.265, 0.030, 0.227,0.268, -0.030, 0.179,-0.118, -0.023, -0.003,0.118, 0.023, 0.002,-0.096, -0.424, 0.046,0.155, -0.089, 0.312,-0.101, -0.758, -0.141,0.123, -0.473, 0.163
221047,28,20,16,27,37,29,20,96,36,101,-0.218, 0.450, 0.105,0.133, 0.440, 0.124,-0.271, 0.210, 0.118,0.209, 0.186, 0.090,-0.227, 0.019, 0.239,0.264, -0.029, 0.178,-0.118, -0.029, -0.004,0.118, 0.030, 0.002,-0.096, -0.426, 0.037,0.158, -0.029, 0.337,-0.102, -0.759, -0.156,0.127, -0.421, 0.183
221047,28,20,17,28,37,30,19,96,33,101,-0.217, 0.446, 0.103,0.134, 0.439, 0.123,-0.269, 0.203, 0.116,0.211, 0.185, 0.086,-0.214, 0.009, 0.235,0.267, -0.029, 0.177,-0.117, -0.032, -0.004,0.117, 0.032, 0.003,-0.093, -0.428, 0.029,0.159, -0.028, 0.337,-0.096, -0.765, -0.155,0.134, -0.415, 0.184
221047,27,19,24,29,38,31,19,95,33,100,-0.218, 0.439, 0.103,0.131, 0.439, 0.119,-0.261, 0.189, 0.121,0.208, 0.184, 0.080,-0.198, 0.000, 0.245,0.267, -0.030, 0.174,-0.117, -0.034, -0.004,0.117, 0.034, 0.002,-0.093, -0.427, 0.030,0.163, -0.032, 0.338,-0.098, -0.762, -0.155,0.143, -0.422, 0.188
221047,27,19,32,30,36,32,19,93,34,97,-0.217, 0.434, 0.105,0.131, 0.437, 0.116,-0.254, 0.187, 0.127,0.206, 0.181, 0.074,-0.194, -0.003, 0.254,0.267, -0.029, 0.171,-0.117, -0.034, -0.004,0.117, 0.034, 0.002,-0.094, -0.425, 0.029,0.161, -0.045, 0.348,-0.097, -0.761, -0.166,0.150, -0.434, 0.203
221047,26,19,28,31,35,32,19,89,34,94,-0.217, 0.434, 0.107,0.132, 0.435, 0.116,-0.254, 0.188, 0.126,0.207, 0.175, 0.073,-0.198, -0.005, 0.250,0.271, -0.031, 0.168,-0.117, -0.034, -0.003,0.117, 0.034, 0.002,-0.094, -0.424, 0.029,0.159, -0.066, 0.336,-0.093, -0.761, -0.161,0.150, -0.450, 0.189
221047,25,19,9,33,33,30,19,73,34,77,-0.216, 0.437, 0.093,0.138, 0.435, 0.111,-0.259, 0.197, 0.098,0.215, 0.175, 0.065,-0.216, -0.001, 0.203,0.277, -0.029, 0.147,-0.117, -0.030, -0.003,0.117, 0.030, 0.002,-0.096, -0.411, 0.039,0.151, -0.157, 0.303,-0.094, -0.737, -0.137,0.148, -0.533, 0.173
221048,25,21,4,32,32,29,19,60,35,68,-0.214, 0.442, 0.094,0.143, 0.439, 0.111,-0.259, 0.207, 0.095,0.223, 0.182, 0.065,-0.229, 0.000, 0.200,0.285, -0.024, 0.141,-0.118, -0.026, -0.004,0.118, 0.026, 0.002,-0.097, -0.408, 0.039,0.147, -0.221, 0.252,-0.094, -0.736, -0.140,0.140, -0.582, 0.102
221048,26,23,4,33,30,26,18,42,35,55,-0.198, 0.457, 0.095,0.159, 0.454, 0.112,-0.259, 0.232, 0.086,0.238, 0.209, 0.065,-0.262, 0.015, 0.186,0.304, -0.003, 0.132,-0.118, -0.019, -0.004,0.118, 0.019, 0.002,-0.097, -0.404, 0.035,0.151, -0.302, 0.166,-0.095, -0.732, -0.155,0.134, -0.636, -0.009
221048,26,22,8,36,32,26,15,20,32,32,-0.184, 0.470, 0.095,0.167, 0.466, 0.110,-0.255, 0.251, 0.080,0.243, 0.218, 0.058,-0.286, 0.041, 0.190,0.306, 0.009, 0.116,-0.118, -0.011, -0.003,0.118, 0.011, 0.002,-0.098, -0.401, 0.022,0.141, -0.365, 0.034,-0.106, -0.731, -0.155,0.105, -0.713, -0.138
221048,25,22,4,34,31,25,12,15,28,26,-0.174, 0.480, 0.080,0.175, 0.475, 0.092,-0.248, 0.259, 0.071,0.244, 0.225, 0.047,-0.302, 0.058, 0.187,0.310, 0.017, 0.107,-0.118, -0.005, -0.003,0.118, 0.006, 0.002,-0.102, -0.398, 0.011,0.111, -0.381, 0.025,-0.117, -0.731, -0.149,0.070, -0.740, -0.125
221048,22,22,13,37,30,25,8,10,20,21,-0.161, 0.485, 0.072,0.185, 0.478, 0.094,-0.232, 0.262, 0.050,0.251, 0.227, 0.049,-0.298, 0.062, 0.149,0.311, 0.016, 0.110,-0.117, -0.001, -0.005,0.118, 0.002, 0.003,-0.109, -0.398, -0.017,0.079, -0.391, 0.003,-0.131, -0.736, -0.154,0.056, -0.745, -0.140
221048,18,21,16,40,30,25,6,7,19,19,-0.154, 0.486, 0.074,0.192, 0.479, 0.094,-0.211, 0.259, 0.053,0.251, 0.226, 0.050,-0.284, 0.059, 0.154,0.311, 0.014, 0.110,-0.117, 0.001, -0.004,0.118, 0.000, 0.003,-0.111, -0.399, -0.030,0.068, -0.396, -0.023,-0.143, -0.739, -0.170,0.048, -0.746, -0.170
221048,14,21,32,47,32,28,8,9,21,20,-0.147, 0.484, 0.087,0.201, 0.477, 0.103,-0.190, 0.255, 0.057,0.253, 0.225, 0.051,-0.232, 0.042, 0.158,0.311, 0.013, 0.118,-0.117, 0.003, -0.003,0.118, -0.002, 0.001,-0.122, -0.399, -0.022,0.068, -0.393, -0.016,-0.169, -0.739, -0.168,0.037, -0.742, -0.165
221048,14,21,9,32,33,30,18,9,29,21,-0.142, 0.485, 0.089,0.210, 0.475, 0.078,-0.177, 0.254, 0.084,0.258, 0.224, 0.045,-0.166, 0.036, 0.214,0.311, 0.014, 0.138,-0.117, 0.005, 0.004,0.118, -0.004, -0.004,-0.145, -0.375, 0.054,0.066, -0.395, -0.012,-0.196, -0.707, -0.082,0.023, -0.749, -0.159
221048,15,21,3,15,35,35,35,8,56,20,-0.120, 0.489, 0.083,0.227, 0.468, 0.063,-0.166, 0.260, 0.088,0.264, 0.217, 0.051,-0.140, 0.049, 0.222,0.307, 0.017, 0.183,-0.117, 0.009, 0.003,0.118, -0.009, -0.004,-0.171, -0.322, 0.160,0.067, -0.394, -0.010,-0.188, -0.638, -0.032,0.021, -0.740, -0.150
221048,19,21,10,15,38,35,41,9,59,18,-0.102, 0.488, 0.075,0.240, 0.450, 0.057,-0.168, 0.264, 0.090,0.267, 0.193, 0.048,-0.141, 0.063, 0.235,0.288, 0.005, 0.174,-0.117, 0.014, 0.002,0.117, -0.014, -0.003,-0.165, -0.298, 0.198,0.060, -0.407, -0.002,-0.182, -0.628, 0.028,0.014, -0.756, -0.114
221048,21,20,19,21,44,36,60,12,82,18,-0.082, 0.488, 0.065,0.258, 0.428, 0.052,-0.158, 0.267, 0.095,0.270, 0.170, 0.047,-0.117, 0.082, 0.269,0.263, -0.014, 0.174,-0.116, 0.021, 0.001,0.117, -0.021, -0.002,-0.155, -0.188, 0.276,0.053, -0.416, 0.013,-0.141, -0.507, 0.098,0.006, -0.775, -0.089
221048,26,21,32,68,47,38,81,13,107,22,-0.074, 0.482, 0.066,0.264, 0.407, 0.055,-0.154, 0.266, 0.122,0.268, 0.145, 0.065,-0.101, 0.108, 0.317,0.242, -0.027, 0.209,-0.116, 0.029, 0.001,0.116, -0.028, -0.002,-0.132, -0.075, 0.360,0.053, -0.416, 0.016,-0.119, -0.380, 0.157,0.000, -0.770, -0.114
221048,30,20,43,97,44,36,87,13,113,26,-0.081, 0.478, 0.067,0.259, 0.398, 0.056,-0.155, 0.265, 0.141,0.257, 0.137, 0.070,-0.104, 0.113, 0.344,0.228, -0.040, 0.215,-0.116, 0.032, 0.001,0.116, -0.031, -0.002,-0.115, -0.036, 0.369,0.052, -0.416, 0.017,-0.120, -0.349, 0.159,-0.003, -0.766, -0.137
221048,35,22,49,91,43,34,91,14,114,26,-0.084, 0.474, 0.076,0.256, 0.385, 0.065,-0.157, 0.264, 0.167,0.256, 0.118, 0.081,-0.104, 0.120, 0.376,0.210, -0.066, 0.217,-0.115, 0.034, 0.002,0.115, -0.034, -0.003,-0.099, -0.020, 0.375,0.053, -0.416, 0.013,-0.118, -0.335, 0.172,-0.005, -0.764, -0.146
221048,39,24,47,118,46,32,95,18,114,26,-0.086, 0.463, 0.111,0.251, 0.371, 0.110,-0.167, 0.251, 0.202,0.247, 0.102, 0.118,-0.109, 0.115, 0.406,0.199, -0.085, 0.237,-0.115, 0.036, 0.002,0.115, -0.035, -0.003,-0.103, -0.021, 0.378,0.046, -0.416, 0.011,-0.119, -0.343, 0.170,-0.011, -0.764, -0.149
221048,36,23,46,113,46,33,91,18,108,26,-0.086, 0.463, 0.099,0.251, 0.373, 0.102,-0.165, 0.251, 0.183,0.249, 0.104, 0.108,-0.107, 0.113, 0.379,0.200, -0.084, 0.229,-0.115, 0.036, 0.002,0.115, -0.036, -0.003,-0.105, -0.038, 0.375,0.047, -0.416, 0.012,-0.121, -0.372, 0.186,-0.011, -0.763, -0.146
221048,34,23,49,93,44,30,77,16,95,24,-0.087, 0.464, 0.081,0.251, 0.376, 0.085,-0.161, 0.251, 0.164,0.249, 0.109, 0.106,-0.109, 0.111, 0.363,0.200, -0.077, 0.225,-0.115, 0.036, 0.000,0.115, -0.035, -0.001,-0.166, -0.115, 0.361,0.047, -0.415, 0.018,-0.153, -0.456, 0.177,-0.011, -0.760, -0.121
221049,27,21,41,90,43,33,55,14,77,29,-0.093, 0.472, 0.064,0.249, 0.403, 0.049,-0.160, 0.254, 0.129,0.250, 0.139, 0.079,-0.112, 0.104, 0.313,0.203, -0.046, 0.224,-0.115, 0.033, 0.000,0.115, -0.033, -0.001,-0.162, -0.232, 0.293,0.056, -0.407, 0.034,-0.176, -0.564, 0.101,-0.010, -0.735, -0.117
221049,24,19,40,78,39,36,38,11,61,30,-0.100, 0.484, 0.065,0.246, 0.430, 0.049,-0.159, 0.259, 0.121,0.251, 0.168, 0.067,-0.125, 0.096, 0.295,0.212, -0.022, 0.221,-0.115, 0.027, 0.002,0.116, -0.027, -0.003,-0.166, -0.310, 0.201,0.056, -0.406, 0.013,-0.195, -0.625, 0.014,-0.010, -0.732, -0.163
221049,22,19,35,51,37,37,21,9,39,29,-0.110, 0.491, 0.065,0.241, 0.448, 0.051,-0.166, 0.264, 0.109,0.251, 0.185, 0.063,-0.144, 0.092, 0.275,0.223, -0.007, 0.220,-0.116, 0.021, 0.003,0.116, -0.021, -0.004,-0.163, -0.364, 0.094,0.060, -0.401, -0.002,-0.204, -0.686, -0.063,-0.009, -0.729, -0.185
221049,20,19,21,35,39,37,10,5,28,24,-0.131, 0.499, 0.066,0.227, 0.463, 0.052,-0.188, 0.273, 0.091,0.257, 0.209, 0.029,-0.163, 0.094, 0.245,0.259, 0.006, 0.154,-0.116, 0.015, 0.003,0.117, -0.015, -0.004,-0.154, -0.398, 0.004,0.061, -0.395, -0.031,-0.197, -0.718, -0.167,-0.001, -0.725, -0.215
221049,21,22,11,34,42,34,9,3,24,21,-0.147, 0.500, 0.081,0.211, 0.468, 0.057,-0.202, 0.275, 0.096,0.263, 0.216, 0.016,-0.176, 0.095, 0.256,0.294, 0.004, 0.116,-0.117, 0.011, 0.003,0.117, -0.010, -0.004,-0.145, -0.402, -0.021,0.063, -0.393, -0.045,-0.194, -0.724, -0.192,0.026, -0.725, -0.220
221049,24,23,15,44,41,40,11,6,26,21,-0.157, 0.497, 0.110,0.205, 0.469, 0.092,-0.210, 0.271, 0.128,0.265, 0.219, 0.028,-0.184, 0.096, 0.282,0.309, 0.002, 0.135,-0.117, 0.008, 0.003,0.117, -0.007, -0.004,-0.131, -0.403, -0.017,0.083, -0.391, -0.053,-0.166, -0.723, -0.192,0.073, -0.723, -0.229
221049,29,24,28,39,42,36,12,8,30,24,-0.163, 0.491, 0.125,0.195, 0.467, 0.111,-0.218, 0.268, 0.158,0.265, 0.217, 0.047,-0.201, 0.099, 0.341,0.319, 0.000, 0.142,-0.117, 0.005, 0.002,0.118, -0.004, -0.003,-0.115, -0.409, -0.017,0.102, -0.387, -0.056,-0.138, -0.720, -0.222,0.102, -0.709, -0.261
221049,31,24,33,32,40,30,16,15,34,33,-0.174, 0.481, 0.133,0.181, 0.465, 0.127,-0.226, 0.257, 0.168,0.259, 0.214, 0.076,-0.235, 0.096, 0.346,0.319, 0.000, 0.154,-0.118, 0.001, 0.000,0.118, -0.001, -0.001,-0.108, -0.416, -0.002,0.125, -0.372, -0.017,-0.124, -0.729, -0.217,0.118, -0.685, -0.240
221049,31,25,32,28,35,28,19,45,36,59,-0.185, 0.466, 0.124,0.170, 0.457, 0.119,-0.239, 0.244, 0.160,0.254, 0.213, 0.072,-0.254, 0.077, 0.320,0.314, -0.001, 0.144,-0.118, -0.006, -0.001,0.118, 0.006, 0.000,-0.102, -0.412, 0.031,0.144, -0.284, 0.161,-0.112, -0.726, -0.165,0.115, -0.621, -0.032
221049,30,23,19,28,30,26,20,50,35,63,-0.196, 0.466, 0.122,0.160, 0.457, 0.116,-0.253, 0.244, 0.143,0.240, 0.211, 0.070,-0.281, 0.067, 0.273,0.311, -0.002, 0.137,-0.118, -0.011, -0.002,0.119, 0.011, 0.001,-0.099, -0.414, 0.032,0.149, -0.261, 0.190,-0.099, -0.738, -0.161,0.115, -0.596, 0.013
221049,29,21,11,35,24,25,21,75,33,79,-0.220, 0.450, 0.125,0.133, 0.442, 0.149,-0.281, 0.227, 0.108,0.219, 0.199, 0.096,-0.331, 0.019, 0.189,0.299, -0.024, 0.156,-0.119, -0.019, -0.002,0.119, 0.019, 0.001,-0.098, -0.430, 0.029,0.152, -0.156, 0.259,-0.106, -0.768, -0.160,0.110, -0.524, 0.103
221049,29,21,11,36,26,28,22,94,34,97,-0.231, 0.433, 0.128,0.123, 0.437, 0.158,-0.291, 0.201, 0.110,0.207, 0.196, 0.107,-0.339, -0.025, 0.203,0.283, -0.025, 0.178,-0.119, -0.027, -0.002,0.119, 0.027, 0.001,-0.099, -0.432, 0.029,0.147, -0.068, 0.325,-0.118, -0.770, -0.160,0.107, -0.450, 0.160
221049,29,21,11,35,26,29,21,102,30,104,-0.237, 0.432, 0.127,0.122, 0.437, 0.159,-0.295, 0.194, 0.110,0.205, 0.200, 0.111,-0.339, -0.036, 0.206,0.281, -0.016, 0.187,-0.118, -0.031, -0.003,0.119, 0.032, 0.002,-0.100, -0.434, 0.016,0.145, -0.020, 0.346,-0.121, -0.778, -0.161,0.115, -0.402, 0.189
221049,29,20,14,34,26,29,21,103,30,104,-0.243, 0.429, 0.127,0.116, 0.438, 0.156,-0.295, 0.189, 0.109,0.200, 0.203, 0.108,-0.331, -0.040, 0.204,0.281, -0.011, 0.186,-0.118, -0.034, -0.003,0.118, 0.034, 0.002,-0.100, -0.432, 0.013,0.144, -0.010, 0.350,-0.126, -0.774, -0.161,0.127, -0.397, 0.197
221049,28,21,18,32,27,29,21,95,28,97,-0.245, 0.423, 0.125,0.113, 0.439, 0.154,-0.296, 0.187, 0.103,0.202, 0.203, 0.107,-0.328, -0.040, 0.195,0.282, -0.013, 0.185,-0.118, -0.034, -0.003,0.118, 0.035, 0.002,-0.104, -0.433, 0.010,0.144, -0.052, 0.336,-0.131, -0.780, -0.161,0.126, -0.428, 0.182
221049,27,24,24,30,28,29,21,83,29,85,-0.241, 0.423, 0.120,0.116, 0.440, 0.153,-0.291, 0.190, 0.092,0.217, 0.208, 0.105,-0.325, -0.033, 0.182,0.293, -0.007, 0.181,-0.119, -0.034, -0.004,0.119, 0.034, 0.002,-0.105, -0.428, 0.013,0.141, -0.130, 0.321,-0.132, -0.771, -0.160,0.121, -0.499, 0.167
221049,24,25,34,29,29,26,20,66,30,71,-0.238, 0.425, 0.113,0.119, 0.443, 0.152,-0.279, 0.191, 0.077,0.227, 0.211, 0.105,-0.320, -0.030, 0.161,0.303, 0.000, 0.168,-0.119, -0.031, -0.006,0.119, 0.032, 0.004,-0.103, -0.423, 0.010,0.139, -0.203, 0.257,-0.131, -0.768, -0.167,0.120, -0.558, 0.095
221049,24,25,30,32,29,25,16,55,29,62,-0.221, 0.428, 0.109,0.132, 0.448, 0.148,-0.266, 0.197, 0.076,0.234, 0.213, 0.099,-0.308, -0.027, 0.167,0.313, 0.005, 0.157,-0.119, -0.027, -0.006,0.119, 0.027, 0.005,-0.095, -0.421, -0.004,0.142, -0.251, 0.210,-0.127, -0.764, -0.184,0.118, -0.602, 0.037
221050,22,23,34,36,32,27,14,24,26,34,-0.208, 0.444, 0.106,0.142, 0.463, 0.143,-0.255, 0.216, 0.066,0.234, 0.225, 0.089,-0.307, -0.005, 0.159,0.315, 0.018, 0.149,-0.119, -0.017, -0.006,0.119, 0.018, 0.005,-0.091, -0.419, -0.015,0.142, -0.355, 0.045,-0.126, -0.759, -0.183,0.109, -0.697, -0.134
221050,21,23,29,38,31,28,12,19,26,28,-0.196, 0.452, 0.100,0.153, 0.469, 0.133,-0.245, 0.223, 0.066,0.236, 0.231, 0.079,-0.304, 0.007, 0.164,0.318, 0.026, 0.142,-0.119, -0.011, -0.006,0.119, 0.011, 0.005,-0.089, -0.412, -0.014,0.133, -0.380, 0.023,-0.120, -0.749, -0.182,0.096, -0.731, -0.143
221050,21,23,26,40,30,27,7,13,20,21,-0.184, 0.459, 0.096,0.170, 0.469, 0.133,-0.242, 0.228, 0.059,0.244, 0.230, 0.082,-0.313, 0.008, 0.148,0.320, 0.024, 0.143,-0.119, -0.005, -0.009,0.119, 0.006, 0.008,-0.090, -0.410, -0.054,0.089, -0.394, -0.005,-0.120, -0.748, -0.215,0.072, -0.742, -0.156
221050,22,23,24,42,30,29,7,9,20,20,-0.171, 0.459, 0.097,0.184, 0.469, 0.133,-0.236, 0.227, 0.060,0.251, 0.229, 0.083,-0.320, 0.010, 0.150,0.319, 0.017, 0.155,-0.119, -0.002, -0.009,0.119, 0.003, 0.008,-0.103, -0.407, -0.055,0.067, -0.400, -0.030,-0.139, -0.745, -0.217,0.046, -0.747, -0.196
221050,21,22,25,41,30,30,10,9,20,20,-0.161, 0.464, 0.100,0.193, 0.469, 0.124,-0.227, 0.230, 0.062,0.252, 0.228, 0.079,-0.315, 0.011, 0.153,0.313, 0.019, 0.157,-0.119, 0.001, -0.007,0.119, 0.000, 0.006,-0.132, -0.403, -0.048,0.059, -0.395, -0.026,-0.170, -0.738, -0.211,0.021, -0.741, -0.190
221050,21,22,24,35,30,31,12,9,19,20,-0.157, 0.469, 0.100,0.197, 0.468, 0.115,-0.228, 0.233, 0.063,0.255, 0.224, 0.078,-0.312, 0.014, 0.155,0.312, 0.020, 0.169,-0.118, 0.003, -0.004,0.119, -0.002, 0.003,-0.147, -0.395, -0.030,0.055, -0.395, -0.025,-0.188, -0.733, -0.177,0.018, -0.742, -0.181
221050,23,23,20,21,28,31,38,9,44,23,-0.145, 0.470, 0.095,0.209, 0.464, 0.095,-0.228, 0.238, 0.064,0.261, 0.221, 0.075,-0.312, 0.016, 0.156,0.309, 0.026, 0.178,-0.118, 0.006, -0.003,0.119, -0.005, 0.002,-0.157, -0.345, 0.167,0.055, -0.402, -0.010,-0.206, -0.687, 0.048,0.012, -0.744, -0.170
221050,23,24,18,21,25,32,42,11,46,17,-0.131, 0.470, 0.083,0.218, 0.451, 0.090,-0.226, 0.239, 0.050,0.268, 0.203, 0.071,-0.306, 0.017, 0.125,0.304, 0.021, 0.170,-0.118, 0.009, -0.003,0.118, -0.009, 0.002,-0.161, -0.308, 0.188,0.044, -0.405, 0.005,-0.199, -0.661, 0.088,-0.001, -0.756, -0.103
221050,22,25,21,29,25,27,51,13,53,16,-0.114, 0.469, 0.084,0.232, 0.432, 0.092,-0.214, 0.239, 0.043,0.280, 0.183, 0.067,-0.292, 0.020, 0.110,0.304, 0.000, 0.140,-0.118, 0.013, -0.003,0.118, -0.013, 0.002,-0.157, -0.269, 0.236,0.044, -0.407, 0.014,-0.194, -0.627, 0.146,0.002, -0.759, -0.080
221050,21,25,20,34,25,25,76,14,85,20,-0.099, 0.455, 0.084,0.239, 0.407, 0.094,-0.199, 0.228, 0.043,0.281, 0.147, 0.067,-0.286, 0.018, 0.110,0.299, -0.047, 0.137,-0.117, 0.021, -0.002,0.117, -0.020, 0.001,-0.124, -0.137, 0.337,0.041, -0.426, 0.012,-0.152, -0.478, 0.211,-0.006, -0.781, -0.107
221050,18,24,20,43,29,23,83,14,95,23,-0.091, 0.452, 0.085,0.247, 0.399, 0.096,-0.183, 0.225, 0.047,0.281, 0.138, 0.066,-0.274, 0.018, 0.131,0.297, -0.063, 0.128,-0.116, 0.026, -0.002,0.117, -0.025, 0.001,-0.114, -0.088, 0.357,0.041, -0.432, 0.008,-0.132, -0.418, 0.216,-0.010, -0.784, -0.137
221050,16,25,15,52,28,22,90,16,106,26,-0.085, 0.447, 0.102,0.250, 0.389, 0.119,-0.165, 0.218, 0.075,0.282, 0.127, 0.081,-0.260, 0.019, 0.164,0.293, -0.083, 0.136,-0.115, 0.028, -0.002,0.115, -0.028, 0.000,-0.103, -0.060, 0.362,0.042, -0.434, 0.001,-0.116, -0.371, 0.184,-0.010, -0.782, -0.174
221050,17,25,12,54,29,24,94,19,108,26,-0.087, 0.438, 0.118,0.247, 0.381, 0.138,-0.164, 0.205, 0.095,0.280, 0.117, 0.097,-0.259, 0.016, 0.187,0.285, -0.094, 0.154,-0.114, 0.030, -0.001,0.115, -0.029, 0.000,-0.092, -0.049, 0.361,0.042, -0.436, -0.001,-0.121, -0.353, 0.178,-0.010, -0.783, -0.177
221050,16,25,14,56,31,25,93,19,107,26,-0.085, 0.438, 0.116,0.248, 0.382, 0.138,-0.159, 0.203, 0.092,0.280, 0.118, 0.095,-0.255, 0.016, 0.187,0.283, -0.090, 0.154,-0.114, 0.031, -0.001,0.114, -0.031, 0.000,-0.100, -0.047, 0.357,0.042, -0.437, 0.000,-0.124, -0.357, 0.181,-0.011, -0.786, -0.173
221050,16,25,14,61,30,27,90,18,102,25,-0.085, 0.437, 0.115,0.249, 0.385, 0.136,-0.161, 0.198, 0.091,0.282, 0.121, 0.084,-0.255, 0.008, 0.182,0.288, -0.085, 0.142,-0.114, 0.031, -0.001,0.114, -0.031, 0.000,-0.137, -0.064, 0.358,0.043, -0.437, -0.001,-0.137, -0.384, 0.195,-0.014, -0.787, -0.171
221050,16,24,13,54,32,28,80,16,93,24,-0.085, 0.441, 0.098,0.249, 0.392, 0.115,-0.163, 0.201, 0.075,0.282, 0.124, 0.073,-0.254, 0.013, 0.181,0.295, -0.077, 0.142,-0.114, 0.031, -0.002,0.114, -0.031, 0.000,-0.164, -0.118, 0.349,0.040, -0.436, 0.006,-0.173, -0.440, 0.190,-0.018, -0.786, -0.152
221050,15,24,21,55,32,27,67,17,75,23,-0.091, 0.450, 0.093,0.246, 0.399, 0.115,-0.168, 0.214, 0.056,0.283, 0.137, 0.070,-0.255, 0.018, 0.148,0.300, -0.068, 0.133,-0.115, 0.030, -0.004,0.115, -0.030, 0.003,-0.175, -0.203, 0.320,0.040, -0.424, 0.017,-0.198, -0.548, 0.185,-0.015, -0.769, -0.118
221051,15,24,24,54,27,24,57,16,62,23,-0.099, 0.465, 0.073,0.242, 0.415, 0.095,-0.176, 0.226, 0.032,0.281, 0.154, 0.046,-0.258, 0.028, 0.102,0.305, -0.048, 0.095,-0.115, 0.028, -0.004,0.115, -0.028, 0.003,-0.180, -0.215, 0.260,0.046, -0.397, 0.034,-0.199, -0.577, 0.162,-0.011, -0.732, -0.081
221051,17,25,22,45,27,25,47,15,54,25,-0.110, 0.476, 0.075,0.231, 0.428, 0.093,-0.188, 0.244, 0.038,0.280, 0.181, 0.047,-0.262, 0.040, 0.112,0.324, -0.026, 0.105,-0.115, 0.024, -0.004,0.115, -0.024, 0.003,-0.173, -0.299, 0.237,0.046, -0.400, 0.030,-0.202, -0.637, 0.124,-0.011, -0.735, -0.101
221051,18,25,25,40,27,26,22,13,32,24,-0.122, 0.481, 0.094,0.221, 0.439, 0.096,-0.197, 0.251, 0.058,0.276, 0.195, 0.050,-0.271, 0.043, 0.131,0.329, -0.012, 0.109,-0.115, 0.018, -0.002,0.116, -0.017, 0.001,-0.170, -0.369, 0.063,0.046, -0.399, 0.011,-0.209, -0.706, -0.080,-0.011, -0.739, -0.137
221051,20,24,24,45,27,30,12,12,18,21,-0.137, 0.483, 0.118,0.209, 0.439, 0.119,-0.207, 0.251, 0.086,0.267, 0.196, 0.060,-0.279, 0.042, 0.167,0.338, -0.014, 0.126,-0.115, 0.014, -0.003,0.116, -0.013, 0.002,-0.159, -0.400, -0.040,0.046, -0.398, -0.010,-0.203, -0.738, -0.189,-0.002, -0.740, -0.158
221051,22,22,23,47,28,32,10,10,16,19,-0.152, 0.485, 0.125,0.197, 0.444, 0.124,-0.221, 0.253, 0.096,0.253, 0.203, 0.061,-0.292, 0.046, 0.184,0.337, -0.006, 0.131,-0.116, 0.011, -0.004,0.116, -0.010, 0.003,-0.139, -0.404, -0.061,0.061, -0.396, -0.027,-0.178, -0.738, -0.209,0.038, -0.739, -0.173
221051,24,22,16,39,28,30,12,10,20,19,-0.158, 0.488, 0.118,0.191, 0.452, 0.112,-0.232, 0.256, 0.098,0.253, 0.206, 0.059,-0.296, 0.053, 0.192,0.335, 0.000, 0.128,-0.116, 0.008, -0.004,0.116, -0.008, 0.003,-0.128, -0.399, -0.026,0.081, -0.392, -0.022,-0.155, -0.734, -0.170,0.065, -0.732, -0.170
221051,25,23,7,33,28,28,11,9,23,20,-0.162, 0.493, 0.104,0.188, 0.459, 0.099,-0.235, 0.262, 0.096,0.253, 0.209, 0.054,-0.295, 0.065, 0.200,0.331, 0.004, 0.126,-0.116, 0.007, -0.004,0.116, -0.006, 0.002,-0.115, -0.400, -0.022,0.092, -0.388, -0.021,-0.137, -0.729, -0.177,0.082, -0.724, -0.170
221051,29,24,20,23,31,29,14,23,29,36,-0.173, 0.484, 0.118,0.182, 0.457, 0.114,-0.234, 0.256, 0.142,0.253, 0.207, 0.082,-0.288, 0.071, 0.286,0.325, 0.002, 0.171,-0.116, 0.002, -0.004,0.117, -0.002, 0.003,-0.101, -0.409, -0.004,0.113, -0.359, 0.060,-0.111, -0.732, -0.185,0.099, -0.684, -0.109
221051,28,23,18,27,31,27,15,40,29,51,-0.189, 0.476, 0.119,0.166, 0.456, 0.127,-0.242, 0.252, 0.135,0.244, 0.206, 0.088,-0.287, 0.069, 0.269,0.311, -0.006, 0.166,-0.117, -0.005, -0.005,0.117, 0.005, 0.004,-0.088, -0.415, -0.002,0.127, -0.304, 0.145,-0.100, -0.740, -0.181,0.111, -0.640, -0.023
221051,29,22,12,32,31,28,16,48,31,59,-0.204, 0.467, 0.120,0.153, 0.455, 0.136,-0.259, 0.248, 0.130,0.233, 0.205, 0.090,-0.295, 0.061, 0.255,0.293, -0.012, 0.163,-0.118, -0.010, -0.006,0.118, 0.010, 0.005,-0.087, -0.417, 0.004,0.129, -0.270, 0.181,-0.099, -0.744, -0.181,0.100, -0.610, 0.011
221051,30,21,6,32,31,28,19,76,33,83,-0.223, 0.451, 0.120,0.131, 0.446, 0.143,-0.286, 0.232, 0.108,0.219, 0.197, 0.094,-0.307, 0.033, 0.212,0.280, -0.021, 0.169,-0.118, -0.019, -0.006,0.118, 0.020, 0.005,-0.089, -0.428, 0.015,0.123, -0.149, 0.277,-0.104, -0.757, -0.175,0.091, -0.510, 0.106
221051,29,21,9,34,30,30,21,89,33,97,-0.230, 0.435, 0.124,0.125, 0.439, 0.152,-0.286, 0.204, 0.109,0.213, 0.190, 0.101,-0.305, -0.008, 0.213,0.280, -0.025, 0.181,-0.118, -0.025, -0.006,0.118, 0.026, 0.005,-0.091, -0.431, 0.018,0.117, -0.091, 0.330,-0.107, -0.761, -0.171,0.089, -0.451, 0.147
221051,28,22,10,32,28,30,23,96,34,102,-0.243, 0.425, 0.132,0.112, 0.438, 0.161,-0.289, 0.185, 0.120,0.209, 0.191, 0.109,-0.293, -0.033, 0.217,0.282, -0.020, 0.189,-0.118, -0.029, -0.006,0.118, 0.030, 0.005,-0.094, -0.430, 0.021,0.116, -0.062, 0.348,-0.111, -0.763, -0.169,0.087, -0.424, 0.159
221051,28,21,10,35,30,34,23,96,34,103,-0.242, 0.416, 0.134,0.113, 0.438, 0.158,-0.285, 0.173, 0.123,0.211, 0.193, 0.098,-0.262, -0.043, 0.220,0.283, -0.017, 0.186,-0.118, -0.032, -0.005,0.118, 0.032, 0.003,-0.097, -0.431, 0.021,0.118, -0.059, 0.351,-0.118, -0.768, -0.172,0.087, -0.416, 0.161
221051,28,21,6,33,35,35,23,93,34,102,-0.239, 0.414, 0.134,0.117, 0.438, 0.148,-0.281, 0.171, 0.127,0.214, 0.194, 0.090,-0.236, -0.039, 0.236,0.285, -0.014, 0.184,-0.118, -0.033, -0.003,0.118, 0.033, 0.002,-0.099, -0.431, 0.021,0.123, -0.066, 0.352,-0.120, -0.768, -0.179,0.089, -0.421, 0.162
221051,27,22,6,30,36,36,22,90,35,98,-0.237, 0.416, 0.130,0.118, 0.441, 0.139,-0.276, 0.175, 0.124,0.218, 0.197, 0.084,-0.223, -0.034, 0.235,0.286, -0.008, 0.183,-0.118, -0.032, -0.002,0.119, 0.033, 0.001,-0.102, -0.430, 0.021,0.130, -0.080, 0.336,-0.120, -0.764, -0.188,0.088, -0.440, 0.150
221051,25,23,0,31,35,35,24,75,42,90,-0.231, 0.419, 0.120,0.125, 0.447, 0.123,-0.262, 0.180, 0.120,0.226, 0.207, 0.064,-0.214, -0.022, 0.235,0.291, 0.008, 0.148,-0.119, -0.031, -0.002,0.119, 0.031, 0.001,-0.103, -0.415, 0.048,0.130, -0.162, 0.326,-0.122, -0.729, -0.172,0.087, -0.512, 0.117
221052,23,23,4,31,34,34,22,58,44,77,-0.218, 0.432, 0.110,0.139, 0.457, 0.109,-0.247, 0.197, 0.112,0.231, 0.220, 0.052,-0.207, -0.008, 0.234,0.296, 0.022, 0.136,-0.119, -0.027, -0.001,0.119, 0.027, 0.000,-0.099, -0.409, 0.046,0.148, -0.228, 0.248,-0.122, -0.717, -0.184,0.088, -0.561, 0.039
221052,23,22,3,31,34,32,17,27,37,43,-0.209, 0.451, 0.111,0.147, 0.471, 0.110,-0.243, 0.222, 0.113,0.232, 0.231, 0.057,-0.213, 0.016, 0.241,0.300, 0.028, 0.139,-0.119, -0.017, -0.001,0.119, 0.017, 0.000,-0.099, -0.402, 0.015,0.145, -0.343, 0.081,-0.124, -0.713, -0.203,0.087, -0.687, -0.107
221052,22,21,10,35,34,31,10,14,25,25,-0.199, 0.460, 0.110,0.158, 0.477, 0.112,-0.240, 0.232, 0.102,0.233, 0.236, 0.059,-0.241, 0.024, 0.227,0.303, 0.027, 0.136,-0.119, -0.010, -0.002,0.119, 0.010, 0.001,-0.102, -0.402, -0.037,0.113, -0.384, 0.009,-0.137, -0.717, -0.217,0.075, -0.737, -0.146
221052,21,21,20,38,33,31,9,11,23,21,-0.186, 0.465, 0.109,0.170, 0.476, 0.114,-0.234, 0.236, 0.090,0.240, 0.235, 0.060,-0.262, 0.030, 0.204,0.309, 0.025, 0.137,-0.119, -0.005, -0.004,0.119, 0.005, 0.003,-0.105, -0.402, -0.050,0.085, -0.394, -0.006,-0.138, -0.718, -0.226,0.059, -0.745, -0.154
221052,21,22,6,38,31,30,9,8,22,19,-0.175, 0.470, 0.099,0.176, 0.476, 0.112,-0.225, 0.240, 0.092,0.245, 0.233, 0.062,-0.286, 0.042, 0.206,0.313, 0.019, 0.139,-0.119, 0.000, -0.006,0.119, 0.001, 0.005,-0.123, -0.402, -0.051,0.064, -0.398, -0.026,-0.159, -0.721, -0.222,0.031, -0.748, -0.179
221052,22,22,5,39,31,29,10,9,16,20,-0.166, 0.469, 0.100,0.183, 0.471, 0.113,-0.224, 0.238, 0.092,0.249, 0.225, 0.064,-0.297, 0.042, 0.209,0.320, 0.009, 0.139,-0.119, 0.002, -0.006,0.119, -0.002, 0.005,-0.134, -0.399, -0.049,0.062, -0.396, -0.014,-0.176, -0.722, -0.180,0.032, -0.745, -0.163
221052,21,25,9,25,30,27,35,6,41,12,-0.160, 0.474, 0.076,0.192, 0.471, 0.076,-0.224, 0.242, 0.065,0.267, 0.225, 0.040,-0.311, 0.040, 0.175,0.332, 0.016, 0.116,-0.119, 0.004, -0.004,0.119, -0.003, 0.003,-0.171, -0.337, 0.149,0.067, -0.380, -0.011,-0.214, -0.675, 0.042,0.021, -0.732, -0.100
221052,22,27,13,28,25,28,45,11,50,17,-0.140, 0.473, 0.076,0.210, 0.455, 0.083,-0.224, 0.241, 0.054,0.282, 0.210, 0.044,-0.310, 0.029, 0.140,0.340, 0.010, 0.120,-0.118, 0.008, -0.004,0.119, -0.007, 0.003,-0.173, -0.280, 0.195,0.054, -0.392, 0.015,-0.212, -0.629, 0.094,0.013, -0.749, -0.087
221052,21,28,15,13,25,27,67,13,72,19,-0.115, 0.459, 0.079,0.229, 0.429, 0.089,-0.208, 0.232, 0.050,0.290, 0.183, 0.076,-0.294, 0.019, 0.130,0.338, -0.016, 0.170,-0.118, 0.018, -0.004,0.118, -0.018, 0.003,-0.158, -0.186, 0.310,0.047, -0.419, 0.018,-0.211, -0.536, 0.209,-0.001, -0.774, -0.097
221052,18,28,15,28,28,29,80,14,90,22,-0.098, 0.447, 0.082,0.243, 0.408, 0.100,-0.186, 0.216, 0.052,0.295, 0.153, 0.075,-0.272, 0.010, 0.140,0.337, -0.052, 0.169,-0.118, 0.025, -0.004,0.118, -0.025, 0.003,-0.153, -0.108, 0.353,0.047, -0.437, 0.009,-0.167, -0.454, 0.222,-0.001, -0.791, -0.135
221052,15,26,19,43,30,26,85,14,98,24,-0.094, 0.442, 0.091,0.247, 0.400, 0.107,-0.173, 0.203, 0.058,0.292, 0.138, 0.068,-0.257, 0.003, 0.147,0.329, -0.064, 0.137,-0.117, 0.027, -0.003,0.117, -0.027, 0.002,-0.144, -0.082, 0.361,0.046, -0.436, 0.002,-0.149, -0.405, 0.206,-0.008, -0.786, -0.162
221052,14,26,19,51,29,25,91,15,103,24,-0.087, 0.439, 0.101,0.250, 0.387, 0.120,-0.157, 0.199, 0.072,0.290, 0.122, 0.075,-0.241, 0.002, 0.160,0.312, -0.095, 0.137,-0.116, 0.030, -0.003,0.116, -0.030, 0.002,-0.131, -0.050, 0.363,0.046, -0.436, -0.007,-0.134, -0.373, 0.206,-0.011, -0.785, -0.180
221052,15,26,17,54,28,24,96,17,111,26,-0.085, 0.437, 0.118,0.252, 0.383, 0.133,-0.150, 0.196, 0.094,0.289, 0.117, 0.085,-0.232, 0.002, 0.179,0.298, -0.109, 0.142,-0.115, 0.031, -0.001,0.115, -0.030, 0.000,-0.095, -0.037, 0.372,0.047, -0.435, -0.013,-0.131, -0.327, 0.193,-0.009, -0.781, -0.203
221052,15,26,17,57,29,25,94,17,108,26,-0.083, 0.437, 0.117,0.253, 0.384, 0.134,-0.151, 0.196, 0.092,0.288, 0.117, 0.085,-0.235, 0.003, 0.182,0.294, -0.108, 0.142,-0.114, 0.032, -0.001,0.115, -0.031, 0.000,-0.096, -0.046, 0.367,0.047, -0.435, -0.013,-0.133, -0.351, 0.188,-0.011, -0.780, -0.198
221052,14,25,18,60,30,25,90,17,101,26,-0.080, 0.437, 0.112,0.255, 0.385, 0.129,-0.148, 0.196, 0.085,0.288, 0.116, 0.077,-0.236, 0.003, 0.177,0.295, -0.106, 0.130,-0.114, 0.032, -0.001,0.114, -0.032, 0.000,-0.124, -0.062, 0.363,0.047, -0.434, -0.011,-0.147, -0.378, 0.206,-0.013, -0.779, -0.195
221052,14,24,18,59,29,24,78,15,90,25,-0.081, 0.449, 0.100,0.255, 0.393, 0.111,-0.153, 0.215, 0.074,0.288, 0.128, 0.058,-0.242, 0.015, 0.165,0.303, -0.099, 0.111,-0.114, 0.032, -0.001,0.114, -0.032, 0.000,-0.124, -0.135, 0.364,0.044, -0.434, -0.008,-0.172, -0.455, 0.216,-0.021, -0.773, -0.182
221053,15,24,18,59,27,22,61,15,66,25,-0.084, 0.461, 0.077,0.254, 0.405, 0.093,-0.166, 0.227, 0.046,0.285, 0.138, 0.045,-0.259, 0.030, 0.125,0.308, -0.082, 0.093,-0.114, 0.030, -0.001,0.115, -0.030, 0.000,-0.140, -0.212, 0.304,0.048, -0.399, 0.017,-0.187, -0.566, 0.210,-0.021, -0.724, -0.125
221053,18,24,18,57,27,24,41,15,51,27,-0.093, 0.475, 0.082,0.249, 0.418, 0.096,-0.181, 0.248, 0.048,0.284, 0.164, 0.045,-0.270, 0.040, 0.127,0.320, -0.055, 0.098,-0.115, 0.024, 0.000,0.115, -0.024, -0.001,-0.144, -0.325, 0.208,0.050, -0.394, 0.015,-0.196, -0.650, 0.083,-0.021, -0.721, -0.143
221053,19,23,19,53,28,29,10,13,26,27,-0.110, 0.484, 0.100,0.237, 0.430, 0.100,-0.191, 0.256, 0.072,0.277, 0.182, 0.047,-0.280, 0.051, 0.160,0.328, -0.035, 0.116,-0.115, 0.020, 0.000,0.115, -0.020, -0.001,-0.148, -0.388, -0.018,0.050, -0.392, 0.000,-0.203, -0.706, -0.195,-0.020, -0.720, -0.176
221053,21,23,21,49,28,31,9,11,18,21,-0.130, 0.487, 0.120,0.215, 0.435, 0.120,-0.207, 0.259, 0.089,0.264, 0.191, 0.062,-0.294, 0.053, 0.176,0.331, -0.028, 0.136,-0.115, 0.017, -0.001,0.116, -0.017, 0.000,-0.146, -0.405, -0.050,0.043, -0.394, -0.024,-0.199, -0.735, -0.205,-0.020, -0.727, -0.183
221053,23,22,20,48,30,31,9,10,18,20,-0.143, 0.487, 0.128,0.204, 0.439, 0.129,-0.220, 0.263, 0.098,0.256, 0.198, 0.070,-0.304, 0.060, 0.192,0.332, -0.021, 0.145,-0.116, 0.014, -0.002,0.116, -0.013, 0.001,-0.136, -0.409, -0.059,0.051, -0.395, -0.033,-0.177, -0.743, -0.217,0.011, -0.729, -0.190
221053,24,21,19,49,31,33,8,8,19,19,-0.148, 0.490, 0.125,0.200, 0.447, 0.124,-0.227, 0.267, 0.098,0.251, 0.202, 0.065,-0.305, 0.065, 0.198,0.331, -0.011, 0.143,-0.116, 0.011, -0.002,0.116, -0.011, 0.001,-0.126, -0.405, -0.064,0.067, -0.394, -0.048,-0.164, -0.732, -0.235,0.046, -0.728, -0.215
221053,27,22,3,34,29,31,10,7,23,20,-0.158, 0.490, 0.124,0.191, 0.449, 0.114,-0.227, 0.265, 0.131,0.249, 0.200, 0.071,-0.293, 0.073, 0.254,0.317, -0.005, 0.158,-0.116, 0.009, -0.002,0.116, -0.009, 0.001,-0.118, -0.399, -0.039,0.080, -0.388, -0.045,-0.141, -0.726, -0.215,0.075, -0.715, -0.211
221053,31,23,26,30,33,31,15,29,28,45,-0.173, 0.470, 0.132,0.182, 0.447, 0.119,-0.230, 0.244, 0.163,0.248, 0.198, 0.076,-0.270, 0.070, 0.317,0.312, -0.009, 0.166,-0.117, 0.003, -0.003,0.118, -0.002, 0.001,-0.111, -0.404, -0.016,0.104, -0.350, 0.089,-0.119, -0.720, -0.197,0.087, -0.668, -0.104
221053,30,22,35,26,35,32,21,45,40,62,-0.195, 0.458, 0.122,0.161, 0.446, 0.117,-0.239, 0.231, 0.155,0.237, 0.197, 0.078,-0.257, 0.068, 0.309,0.288, -0.011, 0.172,-0.119, -0.005, -0.003,0.119, 0.006, 0.002,-0.104, -0.404, 0.036,0.117, -0.290, 0.176,-0.118, -0.713, -0.179,0.088, -0.617, -0.029
221053,30,20,44,25,38,33,25,60,48,76,-0.208, 0.449, 0.118,0.143, 0.446, 0.115,-0.245, 0.222, 0.155,0.221, 0.192, 0.076,-0.246, 0.063, 0.322,0.268, -0.014, 0.173,-0.120, -0.012, -0.003,0.120, 0.012, 0.002,-0.104, -0.403, 0.066,0.116, -0.219, 0.239,-0.118, -0.710, -0.173,0.084, -0.570, 0.029
221053,28,19,27,29,38,33,21,81,41,91,-0.215, 0.445, 0.108,0.138, 0.442, 0.115,-0.258, 0.217, 0.129,0.218, 0.181, 0.072,-0.244, 0.047, 0.281,0.264, -0.024, 0.166,-0.120, -0.022, -0.005,0.120, 0.022, 0.003,-0.097, -0.421, 0.039,0.116, -0.108, 0.298,-0.108, -0.743, -0.186,0.088, -0.478, 0.123
221053,27,20,15,28,33,30,21,92,38,102,-0.224, 0.438, 0.107,0.129, 0.440, 0.123,-0.267, 0.206, 0.116,0.214, 0.182, 0.081,-0.244, 0.013, 0.239,0.268, -0.026, 0.167,-0.119, -0.028, -0.007,0.120, 0.028, 0.006,-0.095, -0.429, 0.033,0.116, -0.052, 0.339,-0.109, -0.762, -0.181,0.090, -0.422, 0.156
221053,27,20,12,28,35,30,19,98,36,106,-0.219, 0.432, 0.106,0.133, 0.440, 0.125,-0.265, 0.191, 0.114,0.215, 0.185, 0.086,-0.226, -0.011, 0.233,0.269, -0.025, 0.174,-0.119, -0.032, -0.007,0.119, 0.032, 0.006,-0.091, -0.429, 0.024,0.128, -0.018, 0.353,-0.104, -0.761, -0.179,0.100, -0.397, 0.178
221053,26,21,7,28,34,30,19,98,35,107,-0.216, 0.429, 0.110,0.136, 0.440, 0.131,-0.262, 0.185, 0.114,0.217, 0.186, 0.092,-0.219, -0.023, 0.225,0.283, -0.025, 0.179,-0.119, -0.033, -0.007,0.119, 0.034, 0.006,-0.089, -0.430, 0.023,0.138, -0.022, 0.358,-0.098, -0.765, -0.177,0.116, -0.393, 0.178
221053,25,21,2,30,32,28,20,92,34,100,-0.219, 0.428, 0.109,0.132, 0.436, 0.127,-0.260, 0.186, 0.105,0.217, 0.181, 0.083,-0.222, -0.022, 0.205,0.286, -0.027, 0.160,-0.118, -0.033, -0.007,0.118, 0.033, 0.006,-0.092, -0.430, 0.023,0.135, -0.054, 0.336,-0.099, -0.768, -0.171,0.111, -0.425, 0.166
221053,24,20,13,31,32,29,19,77,34,92,-0.221, 0.428, 0.104,0.131, 0.437, 0.120,-0.260, 0.190, 0.092,0.218, 0.183, 0.072,-0.233, -0.018, 0.191,0.287, -0.026, 0.150,-0.119, -0.031, -0.007,0.119, 0.032, 0.006,-0.095, -0.428, 0.023,0.131, -0.143, 0.331,-0.099, -0.766, -0.173,0.101, -0.470, 0.140
221053,24,23,10,30,30,29,21,61,38,75,-0.218, 0.435, 0.103,0.138, 0.442, 0.120,-0.260, 0.205, 0.093,0.231, 0.197, 0.072,-0.252, -0.005, 0.196,0.296, -0.011, 0.147,-0.119, -0.026, -0.007,0.119, 0.026, 0.005,-0.098, -0.414, 0.037,0.132, -0.222, 0.257,-0.106, -0.742, -0.169,0.089, -0.558, 0.067
221054,26,21,6,34,35,28,18,26,36,41,-0.204, 0.456, 0.108,0.151, 0.457, 0.120,-0.259, 0.237, 0.099,0.232, 0.211, 0.068,-0.269, 0.028, 0.227,0.296, 0.004, 0.134,-0.119, -0.016, -0.005,0.119, 0.017, 0.004,-0.097, -0.407, 0.022,0.133, -0.339, 0.076,-0.107, -0.731, -0.180,0.089, -0.675, -0.112
221054,28,22,4,30,33,25,16,19,32,31,-0.184, 0.473, 0.089,0.163, 0.465, 0.102,-0.258, 0.255, 0.092,0.238, 0.219, 0.061,-0.291, 0.066, 0.218,0.300, 0.015, 0.123,-0.119, -0.006, -0.005,0.119, 0.007, 0.004,-0.099, -0.397, 0.024,0.118, -0.378, 0.048,-0.110, -0.725, -0.153,0.070, -0.727, -0.110
221054,29,21,4,33,33,25,14,14,33,28,-0.178, 0.478, 0.088,0.171, 0.471, 0.100,-0.257, 0.260, 0.091,0.239, 0.223, 0.059,-0.304, 0.073, 0.219,0.304, 0.017, 0.123,-0.119, -0.003, -0.005,0.119, 0.003, 0.004,-0.107, -0.393, 0.016,0.093, -0.385, 0.021,-0.114, -0.712, -0.174,0.045, -0.733, -0.148
221054,29,22,11,27,35,29,7,6,24,20,-0.169, 0.476, 0.095,0.184, 0.470, 0.103,-0.246, 0.257, 0.109,0.247, 0.223, 0.072,-0.310, 0.077, 0.261,0.308, 0.014, 0.161,-0.119, 0.001, -0.005,0.119, 0.000, 0.004,-0.107, -0.393, -0.044,0.065, -0.399, -0.031,-0.129, -0.715, -0.228,0.024, -0.748, -0.197
221054,29,22,8,27,33,28,8,6,23,20,-0.159, 0.475, 0.098,0.192, 0.469, 0.104,-0.240, 0.255, 0.109,0.249, 0.222, 0.076,-0.318, 0.071, 0.253,0.311, 0.009, 0.165,-0.119, 0.003, -0.005,0.119, -0.003, 0.004,-0.125, -0.394, -0.045,0.051, -0.400, -0.034,-0.162, -0.716, -0.223,0.011, -0.746, -0.201
221054,27,21,3,39,30,31,10,8,24,19,-0.156, 0.474, 0.115,0.196, 0.462, 0.122,-0.240, 0.251, 0.108,0.249, 0.215, 0.080,-0.328, 0.051, 0.226,0.314, 0.005, 0.167,-0.119, 0.005, -0.005,0.119, -0.004, 0.004,-0.127, -0.395, -0.040,0.045, -0.403, -0.035,-0.179, -0.721, -0.217,-0.001, -0.750, -0.196
221054,26,20,16,45,28,32,11,10,21,21,-0.153, 0.477, 0.113,0.201, 0.462, 0.114,-0.241, 0.252, 0.088,0.250, 0.215, 0.064,-0.324, 0.044, 0.179,0.315, 0.007, 0.149,-0.119, 0.006, 0.000,0.119, -0.005, -0.001,-0.138, -0.391, -0.030,0.042, -0.399, -0.023,-0.194, -0.720, -0.184,-0.004, -0.747, -0.183
221054,26,22,12,19,25,31,41,7,46,23,-0.139, 0.479, 0.080,0.217, 0.461, 0.078,-0.240, 0.253, 0.058,0.263, 0.215, 0.061,-0.317, 0.036, 0.140,0.321, 0.019, 0.163,-0.119, 0.008, 0.000,0.119, -0.008, -0.001,-0.145, -0.303, 0.190,0.043, -0.396, -0.012,-0.205, -0.651, 0.096,-0.004, -0.740, -0.172
221054,24,26,11,19,27,32,47,9,52,17,-0.120, 0.473, 0.083,0.230, 0.445, 0.083,-0.221, 0.250, 0.063,0.283, 0.211, 0.065,-0.282, 0.026, 0.153,0.326, 0.020, 0.171,-0.118, 0.012, 0.000,0.118, -0.011, -0.001,-0.144, -0.298, 0.236,0.041, -0.407, -0.008,-0.197, -0.641, 0.139,-0.014, -0.760, -0.125
221054,23,27,15,16,28,33,66,10,77,18,-0.107, 0.464, 0.091,0.239, 0.426, 0.086,-0.205, 0.246, 0.066,0.288, 0.196, 0.070,-0.259, 0.024, 0.153,0.325, 0.008, 0.178,-0.118, 0.018, 0.000,0.118, -0.018, -0.001,-0.124, -0.214, 0.336,0.039, -0.414, -0.004,-0.185, -0.548, 0.203,-0.019, -0.761, -0.123
221054,21,28,18,5,29,33,72,11,85,19,-0.106, 0.455, 0.095,0.238, 0.413, 0.088,-0.197, 0.234, 0.068,0.284, 0.174, 0.082,-0.253, 0.021, 0.155,0.321, -0.014, 0.204,-0.117, 0.023, 0.000,0.118, -0.022, -0.001,-0.120, -0.174, 0.345,0.039, -0.418, -0.003,-0.167, -0.507, 0.187,-0.029, -0.761, -0.124
221054,18,26,19,31,29,23,85,14,96,22,-0.102, 0.444, 0.099,0.239, 0.403, 0.106,-0.185, 0.214, 0.068,0.285, 0.149, 0.079,-0.254, 0.011, 0.158,0.319, -0.058, 0.147,-0.117, 0.025, 0.000,0.117, -0.025, -0.001,-0.113, -0.092, 0.364,0.036, -0.428, 0.001,-0.133, -0.418, 0.214,-0.029, -0.775, -0.142
221054,15,27,20,44,29,24,90,17,107,26,-0.093, 0.436, 0.110,0.245, 0.390, 0.128,-0.163, 0.201, 0.080,0.292, 0.127, 0.086,-0.246, 0.011, 0.161,0.317, -0.094, 0.146,-0.116, 0.028, 0.000,0.116, -0.027, -0.002,-0.092, -0.069, 0.373,0.037, -0.432, -0.001,-0.119, -0.358, 0.197,-0.026, -0.779, -0.173
221054,16,28,16,46,30,24,94,18,111,26,-0.092, 0.431, 0.122,0.246, 0.387, 0.135,-0.158, 0.192, 0.100,0.294, 0.122, 0.089,-0.244, 0.009, 0.190,0.317, -0.103, 0.148,-0.114, 0.029, 0.001,0.115, -0.028, -0.002,-0.086, -0.054, 0.375,0.036, -0.432, -0.006,-0.124, -0.330, 0.192,-0.025, -0.779, -0.187
221054,18,27,13,46,31,25,98,17,110,25,-0.094, 0.428, 0.126,0.245, 0.388, 0.137,-0.162, 0.186, 0.107,0.293, 0.123, 0.089,-0.246, 0.003, 0.204,0.316, -0.104, 0.150,-0.113, 0.029, 0.002,0.114, -0.029, -0.003,-0.089, -0.031, 0.369,0.028, -0.432, -0.011,-0.128, -0.331, 0.197,-0.031, -0.780, -0.187
221054,16,27,17,51,33,25,97,16,107,25,-0.094, 0.429, 0.122,0.247, 0.389, 0.136,-0.161, 0.187, 0.098,0.295, 0.126, 0.082,-0.247, 0.002, 0.200,0.326, -0.098, 0.140,-0.113, 0.031, 0.001,0.114, -0.030, -0.002,-0.117, -0.030, 0.365,0.029, -0.434, -0.014,-0.134, -0.355, 0.201,-0.030, -0.780, -0.189
221054,16,28,17,47,31,24,93,16,98,23,-0.092, 0.433, 0.111,0.249, 0.390, 0.129,-0.163, 0.195, 0.084,0.300, 0.128, 0.079,-0.247, 0.003, 0.181,0.349, -0.096, 0.136,-0.113, 0.031, 0.001,0.114, -0.031, -0.002,-0.123, -0.043, 0.361,0.029, -0.434, -0.013,-0.156, -0.406, 0.226,-0.030, -0.782, -0.175
221055,17,29,18,39,30,23,74,21,76,24,-0.096, 0.436, 0.112,0.238, 0.393, 0.130,-0.168, 0.202, 0.084,0.299, 0.139, 0.085,-0.257, 0.009, 0.175,0.358, -0.078, 0.138,-0.113, 0.030, -0.002,0.114, -0.030, 0.001,-0.141, -0.186, 0.359,0.031, -0.408, 0.031,-0.185, -0.548, 0.242,-0.027, -0.746, -0.096
221055,19,29,16,30,27,24,61,17,58,26,-0.103, 0.458, 0.105,0.233, 0.413, 0.108,-0.186, 0.228, 0.080,0.297, 0.168, 0.072,-0.270, 0.026, 0.164,0.368, -0.042, 0.133,-0.114, 0.027, -0.002,0.114, -0.027, 0.001,-0.142, -0.252, 0.300,0.036, -0.400, 0.027,-0.192, -0.604, 0.229,-0.027, -0.736, -0.115
221055,22,29,14,28,26,24,49,15,50,25,-0.118, 0.470, 0.102,0.224, 0.425, 0.101,-0.206, 0.242, 0.079,0.294, 0.184, 0.063,-0.292, 0.037, 0.165,0.372, -0.022, 0.124,-0.114, 0.023, -0.001,0.114, -0.023, 0.000,-0.148, -0.293, 0.228,0.036, -0.395, 0.022,-0.198, -0.637, 0.138,-0.026, -0.736, -0.120
221055,24,26,14,38,28,31,10,10,18,20,-0.135, 0.475, 0.129,0.211, 0.433, 0.124,-0.218, 0.247, 0.108,0.277, 0.197, 0.071,-0.308, 0.044, 0.206,0.372, -0.008, 0.142,-0.114, 0.018, -0.003,0.115, -0.018, 0.002,-0.148, -0.392, -0.063,0.036, -0.397, -0.029,-0.194, -0.721, -0.231,-0.022, -0.739, -0.187
221055,27,24,15,44,28,34,12,12,17,18,-0.145, 0.476, 0.149,0.203, 0.436, 0.144,-0.230, 0.249, 0.127,0.263, 0.201, 0.083,-0.317, 0.042, 0.222,0.370, -0.004, 0.158,-0.115, 0.015, -0.003,0.115, -0.014, 0.002,-0.147, -0.403, -0.067,0.036, -0.398, -0.033,-0.193, -0.726, -0.228,-0.010, -0.741, -0.185
221055,27,21,13,47,28,34,16,12,26,19,-0.152, 0.476, 0.145,0.194, 0.439, 0.142,-0.233, 0.248, 0.127,0.248, 0.198, 0.083,-0.317, 0.042, 0.227,0.356, -0.006, 0.157,-0.115, 0.013, -0.003,0.115, -0.012, 0.002,-0.145, -0.392, -0.031,0.040, -0.399, -0.030,-0.175, -0.710, -0.217,0.009, -0.746, -0.180
221055,27,20,14,49,29,34,12,12,23,20,-0.157, 0.480, 0.144,0.192, 0.442, 0.141,-0.239, 0.251, 0.123,0.241, 0.197, 0.083,-0.319, 0.044, 0.225,0.342, -0.007, 0.160,-0.115, 0.010, -0.004,0.116, -0.010, 0.003,-0.135, -0.401, -0.055,0.048, -0.399, -0.028,-0.158, -0.720, -0.242,0.022, -0.743, -0.185
221055,28,21,0,40,28,31,9,10,22,18,-0.161, 0.486, 0.123,0.192, 0.450, 0.127,-0.242, 0.259, 0.121,0.244, 0.201, 0.083,-0.318, 0.063, 0.236,0.324, -0.006, 0.167,-0.116, 0.010, -0.004,0.116, -0.009, 0.003,-0.120, -0.395, -0.059,0.059, -0.397, -0.027,-0.134, -0.716, -0.247,0.046, -0.738, -0.168
221055,30,23,14,23,31,29,10,10,22,19,-0.170, 0.489, 0.118,0.183, 0.451, 0.122,-0.244, 0.262, 0.137,0.244, 0.200, 0.097,-0.311, 0.087, 0.271,0.293, -0.007, 0.194,-0.116, 0.009, -0.005,0.116, -0.008, 0.004,-0.108, -0.393, -0.037,0.069, -0.391, -0.026,-0.126, -0.726, -0.203,0.062, -0.728, -0.167
221055,31,24,25,8,29,30,12,13,25,22,-0.178, 0.489, 0.118,0.173, 0.450, 0.124,-0.244, 0.258, 0.149,0.237, 0.194, 0.115,-0.293, 0.083, 0.287,0.267, -0.009, 0.222,-0.116, 0.008, -0.005,0.116, -0.007, 0.004,-0.100, -0.388, -0.022,0.068, -0.382, 0.000,-0.111, -0.717, -0.190,0.063, -0.715, -0.134
221055,31,23,32,5,28,26,7,9,25,21,-0.182, 0.488, 0.109,0.172, 0.454, 0.118,-0.243, 0.257, 0.146,0.235, 0.194, 0.113,-0.281, 0.080, 0.283,0.268, -0.009, 0.212,-0.116, 0.006, -0.005,0.116, -0.006, 0.004,-0.089, -0.394, -0.055,0.072, -0.383, -0.023,-0.101, -0.712, -0.253,0.064, -0.714, -0.176
221055,30,21,25,16,32,29,4,12,26,20,-0.187, 0.488, 0.108,0.169, 0.458, 0.118,-0.248, 0.257, 0.136,0.225, 0.196, 0.103,-0.269, 0.075, 0.280,0.263, -0.009, 0.205,-0.116, 0.005, -0.005,0.116, -0.005, 0.004,-0.079, -0.399, -0.080,0.072, -0.384, -0.002,-0.099, -0.710, -0.301,0.062, -0.719, -0.131
221055,27,18,11,36,36,31,5,18,38,26,-0.189, 0.483, 0.110,0.165, 0.462, 0.117,-0.246, 0.248, 0.120,0.221, 0.198, 0.077,-0.215, 0.046, 0.247,0.258, -0.010, 0.165,-0.116, 0.005, -0.003,0.116, -0.005, 0.002,-0.080, -0.398, -0.063,0.071, -0.384, 0.031,-0.101, -0.647, -0.319,0.056, -0.733, -0.108
221055,25,17,5,42,38,32,5,21,41,26,-0.191, 0.477, 0.111,0.163, 0.464, 0.117,-0.243, 0.242, 0.115,0.219, 0.203, 0.067,-0.188, 0.036, 0.235,0.259, -0.006, 0.155,-0.116, 0.004, -0.003,0.116, -0.004, 0.002,-0.076, -0.395, -0.062,0.070, -0.384, 0.057,-0.100, -0.638, -0.338,0.051, -0.744, -0.060
221055,22,17,2,46,37,35,5,29,37,26,-0.191, 0.464, 0.139,0.163, 0.464, 0.133,-0.217, 0.227, 0.139,0.221, 0.203, 0.070,-0.145, 0.027, 0.253,0.266, -0.006, 0.158,-0.116, 0.004, -0.004,0.117, -0.003, 0.003,-0.076, -0.388, -0.092,0.069, -0.376, 0.095,-0.097, -0.620, -0.361,0.052, -0.743, 0.014
221055,19,18,48,51,35,37,5,32,39,26,-0.190, 0.453, 0.146,0.168, 0.463, 0.143,-0.197, 0.211, 0.138,0.225, 0.203, 0.070,-0.126, 0.015, 0.240,0.280, -0.007, 0.156,-0.116, 0.003, -0.008,0.117, -0.002, 0.008,-0.077, -0.385, -0.107,0.059, -0.374, 0.116,-0.093, -0.600, -0.389,0.051, -0.744, 0.053
221055,16,18,79,52,35,35,6,30,39,26,-0.184, 0.454, 0.145,0.177, 0.461, 0.143,-0.189, 0.212, 0.120,0.233, 0.203, 0.071,-0.123, 0.015, 0.212,0.290, -0.007, 0.152,-0.116, 0.003, -0.013,0.116, -0.002, 0.012,-0.077, -0.373, -0.105,0.050, -0.378, 0.111,-0.088, -0.592, -0.388,0.047, -0.753, 0.043
221055,17,20,57,55,34,34,4,31,36,24,-0.170, 0.453, 0.143,0.195, 0.452, 0.154,-0.184, 0.210, 0.120,0.249, 0.197, 0.080,-0.127, 0.007, 0.212,0.309, -0.016, 0.153,-0.116, 0.003, -0.018,0.116, -0.003, 0.017,-0.078, -0.369, -0.123,0.041, -0.377, 0.118,-0.084, -0.595, -0.407,0.041, -0.754, 0.075
221055,15,22,54,54,34,30,2,31,38,22,-0.155, 0.453, 0.141,0.207, 0.442, 0.158,-0.178, 0.209, 0.106,0.260, 0.188, 0.090,-0.130, 0.004, 0.189,0.320, -0.025, 0.152,-0.115, 0.004, -0.021,0.115, -0.003, 0.020,-0.075, -0.367, -0.141,0.040, -0.377, 0.121,-0.084, -0.569, -0.439,0.026, -0.757, 0.080
221056,14,22,45,60,35,29,3,31,42,24,-0.137, 0.456, 0.138,0.221, 0.440, 0.156,-0.169, 0.212, 0.101,0.264, 0.180, 0.090,-0.133, 0.005, 0.186,0.321, -0.035, 0.147,-0.115, 0.007, -0.019,0.115, -0.006, 0.018,-0.079, -0.358, -0.132,0.036, -0.387, 0.116,-0.101, -0.544, -0.436,0.018, -0.766, 0.059
221056,16,22,34,64,32,25,4,24,36,17,-0.126, 0.461, 0.140,0.230, 0.431, 0.170,-0.172, 0.222, 0.103,0.265, 0.169, 0.109,-0.164, 0.006, 0.188,0.320, -0.058, 0.160,-0.115, 0.011, -0.019,0.115, -0.010, 0.018,-0.091, -0.351, -0.174,0.025, -0.396, 0.060,-0.123, -0.543, -0.490,0.017, -0.768, 0.015
221056,16,21,33,70,32,26,4,22,34,17,-0.123, 0.463, 0.149,0.235, 0.430, 0.180,-0.173, 0.231, 0.109,0.264, 0.167, 0.117,-0.189, 0.010, 0.197,0.316, -0.071, 0.171,-0.115, 0.015, -0.019,0.115, -0.014, 0.018,-0.121, -0.344, -0.182,0.010, -0.399, 0.041,-0.150, -0.537, -0.502,-0.006, -0.769, -0.012
221056,17,21,29,70,32,25,5,20,34,15,-0.115, 0.473, 0.148,0.241, 0.430, 0.181,-0.174, 0.247, 0.107,0.267, 0.168, 0.124,-0.208, 0.027, 0.197,0.315, -0.071, 0.179,-0.114, 0.019, -0.019,0.114, -0.018, 0.018,-0.144, -0.340, -0.175,0.003, -0.406, 0.028,-0.167, -0.539, -0.492,-0.024, -0.770, -0.027
221056,17,21,28,72,33,26,7,19,34,16,-0.114, 0.481, 0.148,0.245, 0.430, 0.179,-0.175, 0.257, 0.108,0.269, 0.171, 0.122,-0.212, 0.039, 0.203,0.314, -0.069, 0.181,-0.114, 0.022, -0.019,0.114, -0.021, 0.018,-0.157, -0.336, -0.170,0.003, -0.405, 0.022,-0.186, -0.543, -0.498,-0.031, -0.757, -0.055
221056,17,21,25,69,32,29,6,18,28,17,-0.110, 0.487, 0.139,0.252, 0.432, 0.154,-0.170, 0.261, 0.107,0.276, 0.178, 0.098,-0.208, 0.042, 0.208,0.317, -0.067, 0.170,-0.115, 0.022, -0.017,0.115, -0.022, 0.016,-0.152, -0.337, -0.167,0.004, -0.402, 0.028,-0.186, -0.584, -0.474,-0.037, -0.750, -0.051
221056,16,22,26,67,32,30,4,12,25,19,-0.103, 0.491, 0.139,0.254, 0.432, 0.143,-0.165, 0.260, 0.107,0.278, 0.180, 0.088,-0.208, 0.041, 0.210,0.317, -0.064, 0.167,-0.115, 0.022, -0.007,0.115, -0.021, 0.006,-0.147, -0.362, -0.109,0.012, -0.402, -0.022,-0.183, -0.663, -0.368,-0.032, -0.739, -0.163
221056,14,21,29,64,29,33,11,8,19,17,-0.105, 0.498, 0.129,0.252, 0.447, 0.119,-0.166, 0.261, 0.097,0.278, 0.198, 0.060,-0.217, 0.040, 0.189,0.310, -0.042, 0.148,-0.115, 0.019, 0.004,0.115, -0.018, -0.005,-0.144, -0.377, -0.024,0.016, -0.400, -0.049,-0.191, -0.712, -0.167,-0.037, -0.732, -0.194
221056,13,21,31,64,27,33,13,6,17,16,-0.106, 0.498, 0.123,0.252, 0.452, 0.109,-0.166, 0.260, 0.090,0.277, 0.204, 0.052,-0.218, 0.038, 0.174,0.295, -0.037, 0.141,-0.115, 0.016, 0.011,0.115, -0.015, -0.012,-0.130, -0.387, 0.013,0.022, -0.399, -0.066,-0.188, -0.734, -0.085,-0.040, -0.733, -0.214
221056,14,20,29,62,28,35,12,3,19,15,-0.112, 0.500, 0.112,0.248, 0.461, 0.091,-0.173, 0.261, 0.083,0.274, 0.212, 0.033,-0.231, 0.040, 0.176,0.273, -0.021, 0.127,-0.115, 0.013, 0.018,0.116, -0.013, -0.019,-0.120, -0.387, 0.028,0.026, -0.399, -0.088,-0.196, -0.727, -0.060,-0.045, -0.728, -0.248
221056,13,20,28,55,28,35,10,1,20,14,-0.123, 0.500, 0.106,0.236, 0.466, 0.082,-0.174, 0.261, 0.082,0.265, 0.216, 0.032,-0.239, 0.039, 0.178,0.257, -0.012, 0.129,-0.116, 0.012, 0.022,0.116, -0.011, -0.023,-0.114, -0.386, 0.030,0.026, -0.398, -0.101,-0.194, -0.722, -0.062,-0.052, -0.725, -0.261
221056,13,18,30,56,28,33,8,0,23,16,-0.136, 0.500, 0.108,0.222, 0.466, 0.094,-0.183, 0.260, 0.083,0.248, 0.215, 0.051,-0.253, 0.035, 0.179,0.237, -0.015, 0.148,-0.116, 0.010, 0.021,0.116, -0.009, -0.022,-0.099, -0.385, 0.009,0.026, -0.389, -0.112,-0.151, -0.717, -0.125,-0.051, -0.703, -0.295
221056,14,17,32,60,30,33,7,2,22,15,-0.145, 0.500, 0.111,0.216, 0.469, 0.097,-0.190, 0.260, 0.085,0.239, 0.216, 0.053,-0.261, 0.034, 0.187,0.232, -0.015, 0.152,-0.116, 0.008, 0.020,0.116, -0.008, -0.021,-0.094, -0.385, 0.002,0.028, -0.383, -0.132,-0.142, -0.713, -0.132,-0.050, -0.694, -0.332
221056,14,18,32,50,30,30,7,5,23,15,-0.152, 0.501, 0.110,0.210, 0.471, 0.102,-0.193, 0.260, 0.085,0.237, 0.217, 0.068,-0.267, 0.032, 0.187,0.228, -0.017, 0.162,-0.116, 0.008, 0.019,0.116, -0.007, -0.020,-0.089, -0.385, -0.003,0.033, -0.377, -0.155,-0.141, -0.711, -0.141,-0.047, -0.676, -0.376
221056,14,19,35,45,30,29,8,4,25,17,-0.159, 0.500, 0.111,0.203, 0.472, 0.113,-0.195, 0.254, 0.085,0.236, 0.218, 0.080,-0.271, 0.029, 0.187,0.227, -0.017, 0.168,-0.116, 0.006, 0.019,0.116, -0.006, -0.020,-0.088, -0.383, 0.002,0.043, -0.371, -0.157,-0.141, -0.704, -0.144,-0.034, -0.664, -0.391
221056,16,19,37,56,31,30,18,4,35,29,-0.164, 0.489, 0.156,0.198, 0.468, 0.167,-0.205, 0.250, 0.122,0.235, 0.218, 0.115,-0.276, 0.022, 0.219,0.231, -0.019, 0.191,-0.116, 0.005, 0.018,0.117, -0.004, -0.019,-0.085, -0.383, 0.037,0.070, -0.371, -0.134,-0.131, -0.685, -0.144,-0.028, -0.629, -0.408
221056,19,17,45,60,29,31,23,8,40,39,-0.179, 0.470, 0.184,0.181, 0.464, 0.183,-0.220, 0.235, 0.143,0.217, 0.217, 0.117,-0.288, 0.004, 0.225,0.234, -0.021, 0.189,-0.116, 0.002, 0.018,0.117, -0.002, -0.019,-0.084, -0.379, 0.042,0.088, -0.369, -0.117,-0.133, -0.658, -0.151,0.000, -0.601, -0.430
221056,24,18,32,56,26,31,25,20,42,56,-0.183, 0.464, 0.199,0.178, 0.459, 0.190,-0.234, 0.232, 0.169,0.218, 0.216, 0.127,-0.296, -0.004, 0.251,0.278, -0.021, 0.199,-0.116, 0.000, 0.018,0.117, 0.000, -0.019,-0.082, -0.379, 0.045,0.108, -0.364, -0.048,-0.135, -0.662, -0.165,0.003, -0.575, -0.414
221057,28,19,17,53,22,33,25,21,53,47,-0.181, 0.459, 0.202,0.181, 0.453, 0.182,-0.242, 0.227, 0.187,0.218, 0.208, 0.125,-0.295, -0.023, 0.272,0.308, -0.021, 0.205,-0.116, 0.000, 0.018,0.117, 0.001, -0.019,-0.078, -0.357, 0.042,0.106, -0.341, -0.038,-0.121, -0.604, -0.232,0.022, -0.579, -0.325
221057,31,18,12,44,16,28,54,19,68,48,-0.179, 0.455, 0.147,0.183, 0.445, 0.121,-0.248, 0.221, 0.168,0.220, 0.198, 0.078,-0.299, -0.033, 0.268,0.313, -0.019, 0.143,-0.117, -0.001, 0.016,0.118, 0.001, -0.017,-0.080, -0.298, 0.256,0.125, -0.336, -0.014,-0.116, -0.504, 0.146,0.067, -0.554, -0.251
221057,30,20,4,31,19,32,24,18,56,45,-0.179, 0.450, 0.151,0.182, 0.440, 0.127,-0.245, 0.220, 0.161,0.221, 0.198, 0.099,-0.300, -0.028, 0.260,0.308, -0.018, 0.201,-0.117, -0.001, 0.016,0.118, 0.001, -0.017,-0.080, -0.313, 0.060,0.119, -0.337, -0.028,-0.112, -0.552, -0.204,0.093, -0.568, -0.278
221057,28,23,13,25,20,31,15,18,46,43,-0.176, 0.445, 0.157,0.183, 0.434, 0.137,-0.244, 0.224, 0.144,0.231, 0.202, 0.110,-0.300, -0.027, 0.224,0.319, -0.015, 0.211,-0.116, -0.001, 0.014,0.117, 0.001, -0.015,-0.075, -0.320, 0.003,0.113, -0.338, -0.033,-0.097, -0.570, -0.274,0.096, -0.570, -0.278
221057,26,25,26,32,22,31,16,17,45,40,-0.174, 0.445, 0.162,0.186, 0.431, 0.154,-0.243, 0.232, 0.131,0.244, 0.208, 0.115,-0.305, -0.022, 0.197,0.328, -0.014, 0.208,-0.116, -0.001, 0.012,0.116, 0.001, -0.013,-0.069, -0.330, 0.000,0.112, -0.338, -0.045,-0.093, -0.585, -0.266,0.097, -0.573, -0.284
221057,25,28,31,37,27,28,21,18,51,44,-0.155, 0.439, 0.163,0.199, 0.427, 0.161,-0.230, 0.232, 0.118,0.268, 0.207, 0.107,-0.296, -0.006, 0.187,0.345, -0.014, 0.170,-0.116, -0.001, 0.012,0.116, 0.001, -0.013,-0.068, -0.326, 0.028,0.095, -0.351, -0.039,-0.088, -0.575, -0.242,0.088, -0.571, -0.294
221057,21,31,42,41,29,28,20,20,51,44,-0.145, 0.440, 0.162,0.208, 0.417, 0.173,-0.215, 0.238, 0.094,0.287, 0.200, 0.107,-0.274, 0.003, 0.142,0.345, -0.033, 0.155,-0.116, 0.000, 0.006,0.116, 0.000, -0.007,-0.076, -0.317, 0.012,0.095, -0.346, -0.033,-0.090, -0.557, -0.274,0.092, -0.560, -0.275
221057,19,31,50,48,36,23,14,19,46,36,-0.137, 0.438, 0.188,0.218, 0.398, 0.215,-0.201, 0.240, 0.097,0.287, 0.182, 0.149,-0.237, 0.003, 0.146,0.343, -0.054, 0.181,-0.115, 0.001, 0.003,0.115, -0.001, -0.004,-0.078, -0.318, -0.048,0.091, -0.329, -0.064,-0.091, -0.546, -0.367,0.089, -0.552, -0.300
221057,18,33,51,43,30,23,19,18,47,35,-0.137, 0.432, 0.205,0.217, 0.390, 0.227,-0.196, 0.234, 0.120,0.287, 0.166, 0.167,-0.222, -0.001, 0.149,0.341, -0.070, 0.204,-0.115, 0.002, 0.003,0.115, -0.002, -0.004,-0.079, -0.321, -0.031,0.069, -0.330, -0.074,-0.082, -0.552, -0.343,0.057, -0.553, -0.319
221057,18,33,51,44,30,24,21,18,48,32,-0.138, 0.433, 0.204,0.216, 0.391, 0.231,-0.198, 0.234, 0.116,0.285, 0.169, 0.172,-0.227, -0.001, 0.140,0.340, -0.067, 0.215,-0.114, 0.002, 0.000,0.115, -0.002, -0.001,-0.081, -0.332, -0.024,0.059, -0.331, -0.068,-0.084, -0.562, -0.317,0.040, -0.569, -0.300
221057,33,42,7,12,25,18,34,26,75,51,-0.131, 0.415, 0.256,0.218, 0.379, 0.267,-0.189, 0.210, 0.247,0.285, 0.142, 0.254,-0.210, -0.011, 0.333,0.340, -0.086, 0.320,-0.115, 0.003, 0.000,0.115, -0.003, -0.001,-0.152, -0.328, 0.009,0.045, -0.338, -0.049,-0.141, -0.433, -0.352,-0.031, -0.502, -0.342
221057,35,53,19,3,20,13,45,41,84,71,-0.136, 0.381, 0.298,0.202, 0.355, 0.329,-0.191, 0.181, 0.272,0.283, 0.127, 0.341,-0.215, -0.039, 0.318,0.339, -0.109, 0.406,-0.115, 0.003, -0.003,0.116, -0.003, 0.002,-0.159, -0.335, 0.033,0.022, -0.358, 0.000,-0.138, -0.414, -0.337,-0.022, -0.463, -0.337
221057,38,57,22,4,18,10,46,43,79,67,-0.136, 0.359, 0.325,0.200, 0.339, 0.357,-0.187, 0.159, 0.297,0.282, 0.110, 0.370,-0.211, -0.060, 0.334,0.345, -0.137, 0.427,-0.115, 0.002, -0.003,0.116, -0.002, 0.002,-0.147, -0.352, 0.018,0.009, -0.365, -0.011,-0.143, -0.450, -0.374,-0.030, -0.488, -0.351
221057,42,63,35,5,16,8,40,41,69,65,-0.137, 0.328, 0.371,0.198, 0.311, 0.404,-0.169, 0.118, 0.343,0.285, 0.088, 0.422,-0.199, -0.110, 0.381,0.361, -0.166, 0.476,-0.115, 0.002, -0.003,0.116, -0.002, 0.002,-0.144, -0.319, -0.053,0.003, -0.346, -0.059,-0.159, -0.401, -0.459,-0.028, -0.444, -0.435
221057,49,71,24,17,13,5,33,35,75,72,-0.135, 0.313, 0.407,0.198, 0.284, 0.445,-0.164, 0.091, 0.390,0.285, 0.049, 0.484,-0.188, -0.132, 0.426,0.365, -0.193, 0.550,-0.115, 0.002, -0.004,0.116, -0.002, 0.003,-0.138, -0.309, -0.115,0.010, -0.316, -0.121,-0.152, -0.272, -0.517,-0.020, -0.286, -0.494
221057,52,66,23,9,9,6,36,35,69,65,-0.135, 0.301, 0.421,0.197, 0.292, 0.431,-0.158, 0.079, 0.409,0.286, 0.061, 0.449,-0.172, -0.146, 0.435,0.377, -0.192, 0.498,-0.115, 0.002, -0.004,0.116, -0.001, 0.003,-0.134, -0.311, -0.113,0.007, -0.319, -0.110,-0.157, -0.318, -0.465,-0.023, -0.348, -0.447
221057,56,69,19,10,6,5,50,46,76,69,-0.135, 0.279, 0.438,0.197, 0.275, 0.445,-0.157, 0.048, 0.430,0.295, 0.043, 0.465,-0.169, -0.182, 0.446,0.398, -0.213, 0.515,-0.115, 0.002, -0.005,0.116, -0.001, 0.004,-0.136, -0.310, -0.047,0.007, -0.332, -0.062,-0.177, -0.345, -0.442,-0.042, -0.385, -0.432
221057,55,68,19,7,7,6,54,48,79,72,-0.135, 0.283, 0.429,0.197, 0.275, 0.440,-0.157, 0.053, 0.420,0.299, 0.044, 0.458,-0.173, -0.179, 0.440,0.402, -0.216, 0.508,-0.116, 0.002, -0.006,0.117, -0.002, 0.004,-0.143, -0.310, -0.025,0.006, -0.343, -0.044,-0.186, -0.356, -0.433,-0.047, -0.399, -0.422
221057,56,68,3,8,8,5,54,50,69,54,-0.135, 0.288, 0.416,0.197, 0.277, 0.426,-0.154, 0.060, 0.416,0.298, 0.046, 0.445,-0.168, -0.178, 0.452,0.404, -0.216, 0.495,-0.116, 0.002, -0.006,0.117, -0.002, 0.005,-0.144, -0.330, -0.014,0.001, -0.346, -0.026,-0.232, -0.458, -0.404,-0.053, -0.527, -0.345
221057,56,70,0,7,9,6,48,50,56,51,-0.140, 0.284, 0.414,0.197, 0.264, 0.438,-0.157, 0.056, 0.413,0.298, 0.034, 0.460,-0.172, -0.185, 0.451,0.403, -0.217, 0.516,-0.116, 0.003, -0.007,0.117, -0.002, 0.006,-0.142, -0.332, -0.053,0.003, -0.338, -0.036,-0.222, -0.498, -0.404,-0.046, -0.528, -0.352
221057,61,74,39,15,7,5,46,45,68,63,-0.140, 0.282, 0.437,0.197, 0.259, 0.460,-0.158, 0.045, 0.450,0.301, 0.023, 0.496,-0.172, -0.192, 0.496,0.401, -0.219, 0.558,-0.116, 0.004, -0.007,0.117, -0.003, 0.006,-0.121, -0.328, -0.072,0.017, -0.336, -0.080,-0.197, -0.400, -0.473,-0.036, -0.404, -0.435
221057,59,73,8,8,8,5,43,45,60,59,-0.140, 0.277, 0.436,0.197, 0.245, 0.473,-0.158, 0.041, 0.436,0.300, 0.010, 0.500,-0.173, -0.199, 0.472,0.399, -0.230, 0.552,-0.116, 0.007, -0.011,0.117, -0.006, 0.009,-0.138, -0.314, -0.103,0.017, -0.335, -0.079,-0.212, -0.402, -0.483,-0.040, -0.418, -0.422
221058,59,77,7,16,7,3,36,34,53,44,-0.141, 0.281, 0.438,0.197, 0.247, 0.481,-0.160, 0.044, 0.438,0.300, 0.007, 0.526,-0.176, -0.197, 0.471,0.398, -0.235, 0.587,-0.116, 0.007, -0.011,0.116, -0.006, 0.009,-0.128, -0.313, -0.144,0.033, -0.307, -0.143,-0.190, -0.404, -0.510,-0.013, -0.415, -0.466
221058,57,78,9,19,8,1,30,29,46,38,-0.141, 0.283, 0.438,0.198, 0.247, 0.485,-0.159, 0.048, 0.433,0.300, 0.006, 0.537,-0.175, -0.195, 0.464,0.397, -0.241, 0.597,-0.116, 0.007, -0.011,0.116, -0.006, 0.009,-0.126, -0.299, -0.173,0.042, -0.289, -0.169,-0.182, -0.404, -0.538,-0.006, -0.407, -0.503
221058,56,77,13,17,9,2,32,28,47,35,-0.144, 0.284, 0.436,0.198, 0.250, 0.483,-0.161, 0.050, 0.429,0.297, 0.009, 0.531,-0.177, -0.194, 0.461,0.390, -0.239, 0.591,-0.116, 0.007, -0.011,0.116, -0.006, 0.009,-0.123, -0.300, -0.162,0.041, -0.282, -0.168,-0.176, -0.411, -0.530,-0.007, -0.412, -0.491
221058,57,77,3,18,8,3,31,28,47,35,-0.144, 0.285, 0.434,0.198, 0.252, 0.483,-0.162, 0.051, 0.431,0.296, 0.012, 0.532,-0.180, -0.192, 0.463,0.386, -0.240, 0.594,-0.115, 0.006, -0.010,0.116, -0.005, 0.008,-0.109, -0.300, -0.162,0.045, -0.281, -0.172,-0.153, -0.412, -0.527,-0.001, -0.407, -0.497
221058,55,77,18,18,8,3,26,24,42,31,-0.144, 0.291, 0.432,0.198, 0.253, 0.488,-0.162, 0.057, 0.422,0.295, 0.009, 0.538,-0.186, -0.189, 0.447,0.382, -0.242, 0.597,-0.115, 0.005, -0.010,0.116, -0.004, 0.008,-0.105, -0.293, -0.185,0.046, -0.271, -0.195,-0.144, -0.410, -0.553,0.005, -0.396, -0.518
221058,55,78,5,19,7,2,28,25,41,25,-0.140, 0.291, 0.428,0.200, 0.252, 0.484,-0.162, 0.061, 0.422,0.295, 0.007, 0.536,-0.188, -0.189, 0.448,0.381, -0.248, 0.596,-0.115, 0.005, -0.011,0.115, -0.004, 0.009,-0.106, -0.302, -0.173,0.038, -0.276, -0.189,-0.148, -0.450, -0.547,-0.007, -0.439, -0.488
221058,52,77,21,17,10,3,29,27,41,29,-0.136, 0.291, 0.418,0.207, 0.252, 0.482,-0.162, 0.065, 0.401,0.300, 0.006, 0.532,-0.194, -0.187, 0.428,0.381, -0.247, 0.591,-0.115, 0.005, -0.011,0.115, -0.004, 0.009,-0.108, -0.299, -0.166,0.041, -0.277, -0.175,-0.153, -0.445, -0.538,-0.007, -0.429, -0.488
221058,52,76,3,16,10,6,33,31,47,28,-0.136, 0.299, 0.395,0.208, 0.260, 0.462,-0.170, 0.085, 0.386,0.303, 0.022, 0.513,-0.198, -0.164, 0.418,0.377, -0.243, 0.574,-0.114, 0.006, -0.012,0.115, -0.005, 0.010,-0.113, -0.310, -0.130,-0.001, -0.285, -0.141,-0.168, -0.465, -0.499,-0.089, -0.467, -0.432
221058,54,76,7,16,8,6,34,32,46,30,-0.133, 0.301, 0.389,0.209, 0.261, 0.459,-0.170, 0.085, 0.386,0.305, 0.022, 0.511,-0.199, -0.163, 0.420,0.377, -0.242, 0.574,-0.113, 0.007, -0.012,0.114, -0.006, 0.011,-0.115, -0.312, -0.125,-0.005, -0.290, -0.133,-0.168, -0.471, -0.480,-0.095, -0.464, -0.419
221058,53,76,2,16,9,6,32,32,44,30,-0.133, 0.300, 0.391,0.209, 0.260, 0.458,-0.168, 0.084, 0.385,0.305, 0.021, 0.508,-0.194, -0.164, 0.420,0.379, -0.236, 0.572,-0.113, 0.007, -0.015,0.114, -0.006, 0.013,-0.115, -0.312, -0.140,-0.004, -0.291, -0.131,-0.171, -0.471, -0.486,-0.082, -0.477, -0.423
221058,53,75,13,13,11,7,26,29,35,28,-0.137, 0.290, 0.405,0.205, 0.255, 0.475,-0.168, 0.074, 0.391,0.297, 0.019, 0.518,-0.194, -0.177, 0.424,0.365, -0.237, 0.579,-0.113, 0.007, -0.017,0.114, -0.006, 0.015,-0.115, -0.304, -0.194,0.001, -0.283, -0.154,-0.167, -0.468, -0.543,-0.051, -0.473, -0.465
221058,53,74,33,9,14,7,29,28,46,31,-0.148, 0.273, 0.414,0.196, 0.245, 0.480,-0.172, 0.052, 0.391,0.288, 0.014, 0.513,-0.194, -0.179, 0.425,0.361, -0.238, 0.570,-0.113, 0.007, -0.017,0.114, -0.006, 0.016,-0.119, -0.298, -0.188,0.012, -0.273, -0.163,-0.176, -0.398, -0.556,-0.042, -0.421, -0.477
221058,53,73,35,5,13,7,32,30,48,31,-0.151, 0.273, 0.414,0.192, 0.245, 0.478,-0.173, 0.053, 0.392,0.287, 0.017, 0.506,-0.195, -0.178, 0.424,0.362, -0.231, 0.562,-0.112, 0.007, -0.017,0.114, -0.006, 0.016,-0.117, -0.308, -0.168,0.002, -0.284, -0.157,-0.172, -0.415, -0.541,-0.063, -0.437, -0.467
221058,52,75,50,12,14,5,25,21,42,27,-0.151, 0.266, 0.435,0.192, 0.244, 0.488,-0.170, 0.041, 0.403,0.282, 0.006, 0.523,-0.195, -0.183, 0.428,0.361, -0.235, 0.580,-0.112, 0.005, -0.014,0.114, -0.005, 0.012,-0.104, -0.283, -0.209,0.012, -0.257, -0.218,-0.152, -0.370, -0.561,-0.061, -0.370, -0.537
221058,52,75,57,12,15,5,26,23,42,28,-0.149, 0.268, 0.432,0.191, 0.244, 0.486,-0.162, 0.043, 0.403,0.282, 0.006, 0.522,-0.196, -0.181, 0.430,0.363, -0.230, 0.579,-0.112, 0.005, -0.013,0.114, -0.004, 0.012,-0.100, -0.289, -0.201,0.027, -0.261, -0.201,-0.149, -0.386, -0.553,-0.044, -0.387, -0.517
221058,53,77,64,15,17,3,27,23,42,26,-0.148, 0.265, 0.436,0.191, 0.242, 0.494,-0.154, 0.042, 0.412,0.282, 0.005, 0.537,-0.194, -0.181, 0.449,0.363, -0.231, 0.591,-0.112, 0.005, -0.014,0.114, -0.004, 0.013,-0.100, -0.290, -0.203,0.038, -0.262, -0.201,-0.146, -0.391, -0.562,-0.026, -0.396, -0.515
221058,51,77,70,14,19,3,25,24,39,27,-0.145, 0.266, 0.435,0.192, 0.234, 0.497,-0.150, 0.044, 0.403,0.277, -0.003, 0.537,-0.193, -0.179, 0.438,0.359, -0.240, 0.590,-0.112, 0.005, -0.014,0.114, -0.004, 0.013,-0.097, -0.286, -0.213,0.044, -0.262, -0.198,-0.142, -0.397, -0.577,-0.004, -0.401, -0.523
221058,56,77,71,15,17,2,25,20,41,24,-0.148, 0.260, 0.441,0.188, 0.234, 0.499,-0.151, 0.029, 0.423,0.272, -0.004, 0.538,-0.195, -0.190, 0.458,0.354, -0.242, 0.589,-0.112, 0.004, -0.014,0.114, -0.003, 0.013,-0.090, -0.287, -0.216,0.047, -0.253, -0.223,-0.131, -0.384, -0.580,-0.009, -0.380, -0.539
221058,58,79,47,23,16,2,22,18,37,21,-0.144, 0.259, 0.452,0.190, 0.233, 0.503,-0.151, 0.024, 0.441,0.273, -0.021, 0.555,-0.192, -0.199, 0.487,0.354, -0.252, 0.613,-0.112, 0.003, -0.011,0.113, -0.003, 0.010,-0.091, -0.280, -0.236,0.043, -0.242, -0.242,-0.132, -0.376, -0.579,-0.011, -0.371, -0.555
221058,58,77,66,18,17,3,26,20,41,23,-0.150, 0.256, 0.450,0.188, 0.233, 0.502,-0.153, 0.026, 0.437,0.265, -0.011, 0.543,-0.197, -0.198, 0.479,0.341, -0.239, 0.595,-0.112, 0.003, -0.012,0.113, -0.002, 0.011,-0.089, -0.281, -0.210,0.042, -0.245, -0.225,-0.123, -0.379, -0.573,-0.014, -0.374, -0.545
221058,57,77,74,23,17,7,29,24,43,25,-0.151, 0.243, 0.449,0.186, 0.213, 0.503,-0.153, 0.017, 0.427,0.247, -0.038, 0.543,-0.197, -0.204, 0.459,0.334, -0.277, 0.594,-0.112, 0.003, -0.013,0.114, -0.002, 0.011,-0.087, -0.281, -0.193,0.047, -0.246, -0.208,-0.118, -0.381, -0.566,-0.011, -0.377, -0.523
221058,57,79,71,25,16,6,29,23,41,24,-0.151, 0.238, 0.448,0.186, 0.211, 0.504,-0.154, 0.014, 0.427,0.250, -0.035, 0.547,-0.198, -0.215, 0.459,0.338, -0.268, 0.600,-0.112, 0.002, -0.013,0.114, -0.002, 0.011,-0.086, -0.282, -0.201,0.055, -0.245, -0.212,-0.118, -0.390, -0.566,0.020, -0.379, -0.529
221059,44,97,39,77,74,34,77,79,123,126,0.318, 0.155, 0.035,0.426, -0.011, -0.050,0.246, 0.017, 0.033,0.476, -0.231, -0.009,0.374, -0.106, -0.042,0.621, -0.383, 0.113,-0.029, 0.043, 0.021,0.030, -0.043, -0.021,-0.004, -0.220, 0.062,0.009, -0.246, -0.012,-0.246, -0.097, -0.042,-0.186, -0.059, -0.110
221059,96,103,66,25,23,24,89,124,116,129,0.389, 0.076, -0.015,0.444, 0.016, 0.071,0.438, -0.106, -0.090,0.523, -0.203, 0.119,0.547, -0.237, -0.146,0.702, -0.382, 0.164,-0.014, 0.034, -0.050,0.015, -0.036, 0.050,0.004, -0.132, -0.089,0.062, -0.082, 0.022,-0.226, -0.002, -0.191,-0.163, 0.002, -0.077
221059,88,74,44,70,48,40,97,85,115,106,0.349, -0.016, 0.204,0.416, -0.067, 0.028,0.317, -0.226, 0.219,0.353, -0.248, -0.026,0.432, -0.404, 0.129,0.401, -0.441, 0.005,-0.021, 0.023, 0.061,0.022, -0.024, -0.061,-0.012, -0.290, 0.058,-0.001, -0.210, -0.118,-0.298, -0.150, -0.062,-0.298, -0.072, -0.123
221059,84,77,21,108,44,44,90,89,126,119,0.337, 0.021, 0.107,0.406, -0.063, -0.126,0.304, -0.210, 0.149,0.343, -0.262, -0.123,0.427, -0.408, 0.106,0.396, -0.435, -0.014,-0.018, 0.029, 0.069,0.018, -0.029, -0.069,-0.033, -0.318, 0.172,0.000, -0.281, -0.039,-0.274, -0.131, 0.128,-0.284, -0.087, -0.047
221059,81,85,63,53,53,49,67,87,123,128,0.345, 0.022, -0.055,0.339, -0.045, -0.268,0.311, -0.223, -0.037,0.288, -0.258, -0.304,0.459, -0.404, -0.135,0.377, -0.439, -0.224,0.002, 0.025, 0.075,-0.002, -0.025, -0.075,-0.116, -0.328, 0.187,-0.020, -0.346, -0.046,-0.273, -0.087, 0.223,-0.285, -0.100, -0.020
221059,85,78,38,52,53,53,69,86,125,129,0.362, 0.012, -0.039,0.340, -0.032, -0.271,0.342, -0.247, -0.008,0.264, -0.214, -0.319,0.497, -0.423, -0.101,0.333, -0.398, -0.249,0.006, 0.022, 0.081,-0.006, -0.023, -0.082,-0.116, -0.346, 0.195,-0.017, -0.353, -0.046,-0.263, -0.103, 0.232,-0.272, -0.109, 0.001
221059,84,81,52,24,55,54,69,84,128,132,0.385, -0.013, -0.075,0.304, 0.038, -0.320,0.364, -0.268, -0.046,0.191, -0.089, -0.441,0.499, -0.419, -0.147,0.238, -0.277, -0.486,0.020, -0.001, 0.084,-0.019, 0.000, -0.085,-0.103, -0.365, 0.177,-0.007, -0.336, -0.066,-0.209, -0.105, 0.266,-0.221, -0.110, 0.064
221100,84,85,60,13,49,52,75,85,128,138,0.375, -0.007, -0.118,0.252, 0.024, -0.332,0.358, -0.264, -0.088,0.182, -0.138, -0.406,0.486, -0.415, -0.151,0.262, -0.326, -0.391,0.033, -0.002, 0.083,-0.033, 0.001, -0.084,-0.029, -0.378, 0.182,-0.008, -0.356, -0.047,-0.211, -0.120, 0.243,-0.226, -0.114, 0.019
221100,75,69,73,17,10,13,28,38,33,31,-0.254, 0.167, 0.466,0.099, 0.211, 0.522,-0.264, -0.017, 0.488,0.134, -0.016, 0.517,-0.298, -0.244, 0.555,0.225, -0.287, 0.555,-0.107, -0.026, 0.003,0.108, 0.027, -0.004,-0.032, -0.277, -0.194,0.261, -0.250, -0.223,-0.051, -0.430, -0.552,0.305, -0.391, -0.553
221100,71,66,138,37,17,31,60,49,56,51,-0.254, 0.182, 0.447,0.102, 0.197, 0.514,-0.238, -0.021, 0.467,0.139, -0.036, 0.495,-0.266, -0.223, 0.533,0.193, -0.174, 0.564,-0.117, -0.023, -0.014,0.118, 0.023, 0.012,-0.190, -0.267, -0.070,0.227, -0.250, -0.110,-0.156, -0.401, -0.366,0.230, -0.341, -0.407
221100,75,76,111,0,17,11,62,46,56,49,-0.251, 0.175, 0.473,0.103, 0.186, 0.565,-0.248, -0.022, 0.497,0.149, -0.050, 0.577,-0.290, -0.241, 0.579,0.212, -0.271, 0.634,-0.115, -0.021, -0.015,0.116, 0.022, 0.013,-0.165, -0.221, -0.056,0.211, -0.230, -0.127,-0.118, -0.376, -0.389,0.184, -0.322, -0.435
221100,68,76,68,5,10,8,18,26,17,31,-0.248, 0.216, 0.459,0.103, 0.208, 0.577,-0.258, 0.022, 0.471,0.155, -0.044, 0.601,-0.293, -0.201, 0.521,0.243, -0.292, 0.630,-0.111, -0.021, -0.022,0.112, 0.021, 0.020,-0.101, -0.232, -0.278,0.201, -0.213, -0.244,-0.089, -0.369, -0.611,0.153, -0.325, -0.573
221100,73,76,89,6,8,8,13,24,19,31,-0.246, 0.215, 0.464,0.097, 0.211, 0.572,-0.254, 0.019, 0.491,0.153, -0.041, 0.597,-0.283, -0.209, 0.550,0.249, -0.291, 0.630,-0.110, -0.021, -0.022,0.111, 0.022, 0.020,-0.073, -0.222, -0.281,0.206, -0.202, -0.251,-0.064, -0.340, -0.631,0.189, -0.280, -0.588
221100,67,78,77,17,10,12,14,20,26,34,-0.229, 0.227, 0.456,0.107, 0.204, 0.577,-0.238, 0.028, 0.470,0.144, -0.057, 0.605,-0.271, -0.205, 0.525,0.233, -0.288, 0.644,-0.111, -0.021, -0.023,0.111, 0.022, 0.022,-0.074, -0.222, -0.258,0.155, -0.205, -0.267,-0.082, -0.320, -0.626,0.051, -0.282, -0.602
221100,67,76,81,6,13,14,18,22,25,26,-0.225, 0.219, 0.448,0.107, 0.198, 0.590,-0.232, 0.017, 0.460,0.144, -0.080, 0.610,-0.281, -0.212, 0.509,0.233, -0.301, 0.643,-0.110, -0.019, -0.027,0.111, 0.020, 0.025,-0.109, -0.223, -0.259,0.116, -0.207, -0.245,-0.089, -0.326, -0.624,0.021, -0.316, -0.576
221100,70,75,135,6,14,19,125,68,125,84,-0.231, 0.214, 0.437,0.109, 0.197, 0.583,-0.222, 0.014, 0.461,0.142, -0.076, 0.602,-0.253, -0.222, 0.532,0.200, -0.197, 0.599,-0.116, -0.012, -0.025,0.117, 0.013, 0.023,-0.222, -0.107, 0.139,0.178, -0.252, 0.006,-0.091, -0.274, -0.142,0.045, -0.298, -0.350
221100,69,80,146,52,15,15,137,106,140,128,-0.242, 0.211, 0.433,0.110, 0.214, 0.504,-0.215, 0.003, 0.460,0.140, -0.065, 0.566,-0.242, -0.224, 0.520,0.192, -0.200, 0.585,-0.118, -0.014, -0.017,0.119, 0.015, 0.015,-0.217, -0.108, 0.289,0.178, -0.202, 0.194,-0.034, -0.207, 0.048,0.048, -0.216, -0.088
221100,69,76,144,51,16,14,138,104,143,124,-0.243, 0.209, 0.431,0.110, 0.224, 0.475,-0.212, -0.010, 0.460,0.142, -0.052, 0.527,-0.236, -0.229, 0.522,0.194, -0.200, 0.577,-0.119, -0.017, -0.012,0.119, 0.017, 0.010,-0.206, -0.100, 0.269,0.178, -0.168, 0.159,-0.030, -0.191, 0.018,0.050, -0.201, -0.105
221100,71,74,127,35,12,9,111,54,127,83,-0.236, 0.224, 0.439,0.120, 0.245, 0.480,-0.209, 0.010, 0.482,0.172, -0.016, 0.526,-0.224, -0.207, 0.556,0.237, -0.217, 0.588,-0.118, -0.018, -0.006,0.119, 0.018, 0.004,-0.176, -0.157, 0.146,0.191, -0.194, -0.042,-0.043, -0.205, -0.068,0.058, -0.213, -0.342
221100,74,70,118,37,10,10,133,82,139,103,-0.234, 0.230, 0.413,0.123, 0.263, 0.439,-0.205, 0.012, 0.479,0.172, -0.004, 0.483,-0.216, -0.205, 0.546,0.241, -0.223, 0.557,-0.120, -0.019, -0.002,0.121, 0.020, 0.000,-0.173, -0.092, 0.232,0.179, -0.150, 0.065,-0.050, -0.209, -0.032,0.080, -0.209, -0.188
221100,71,72,113,27,7,3,111,26,122,45,-0.218, 0.259, 0.415,0.141, 0.263, 0.463,-0.201, 0.038, 0.478,0.204, 0.009, 0.507,-0.213, -0.202, 0.543,0.277, -0.227, 0.557,-0.119, -0.016, -0.002,0.120, 0.016, 0.000,-0.172, -0.100, 0.107,0.168, -0.178, -0.157,-0.072, -0.222, -0.177,0.074, -0.257, -0.440
221100,39,76,71,25,20,4,17,11,28,26,-0.162, 0.280, 0.418,0.186, 0.260, 0.493,-0.168, 0.099, 0.365,0.251, 0.003, 0.543,-0.176, -0.161, 0.387,0.319, -0.213, 0.573,-0.118, -0.015, -0.004,0.119, 0.016, 0.002,-0.171, -0.172, -0.204,0.104, -0.181, -0.257,-0.152, -0.257, -0.551,0.014, -0.262, -0.598
221100,38,75,79,21,23,3,11,8,27,25,-0.172, 0.277, 0.418,0.178, 0.264, 0.493,-0.171, 0.097, 0.363,0.246, 0.021, 0.537,-0.180, -0.147, 0.391,0.304, -0.206, 0.563,-0.117, -0.015, -0.004,0.118, 0.016, 0.002,-0.141, -0.178, -0.214,0.091, -0.173, -0.265,-0.132, -0.247, -0.564,0.014, -0.237, -0.608
221100,34,69,81,1,27,3,8,7,17,22,-0.177, 0.272, 0.416,0.172, 0.265, 0.492,-0.172, 0.091, 0.346,0.240, 0.033, 0.508,-0.183, -0.152, 0.371,0.297, -0.194, 0.537,-0.116, -0.015, -0.004,0.117, 0.016, 0.002,-0.119, -0.181, -0.278,0.105, -0.172, -0.281,-0.128, -0.269, -0.631,0.044, -0.250, -0.635
221100,34,73,73,9,30,3,8,8,15,21,-0.168, 0.268, 0.420,0.178, 0.248, 0.502,-0.171, 0.090, 0.347,0.240, 0.007, 0.528,-0.180, -0.149, 0.382,0.302, -0.200, 0.564,-0.115, -0.014, -0.004,0.116, 0.015, 0.003,-0.124, -0.179, -0.302,0.111, -0.171, -0.296,-0.157, -0.268, -0.651,0.045, -0.250, -0.648
221100,24,72,73,0,37,4,6,7,15,18,-0.160, 0.267, 0.420,0.188, 0.242, 0.500,-0.167, 0.094, 0.309,0.257, 0.007, 0.516,-0.173, -0.154, 0.330,0.323, -0.203, 0.549,-0.114, -0.014, -0.004,0.115, 0.015, 0.003,-0.117, -0.182, -0.302,0.100, -0.165, -0.306,-0.155, -0.276, -0.650,0.030, -0.250, -0.666
221101,17,77,72,19,39,4,6,8,14,18,-0.148, 0.268, 0.420,0.194, 0.237, 0.506,-0.156, 0.112, 0.288,0.257, -0.017, 0.547,-0.170, -0.139, 0.283,0.325, -0.231, 0.588,-0.114, -0.013, -0.005,0.115, 0.014, 0.004,-0.115, -0.185, -0.315,0.104, -0.167, -0.305,-0.163, -0.287, -0.670,0.033, -0.258, -0.671
221101,18,80,72,27,40,6,5,8,14,18,-0.141, 0.266, 0.425,0.195, 0.231, 0.515,-0.146, 0.109, 0.299,0.255, -0.038, 0.570,-0.169, -0.133, 0.305,0.329, -0.256, 0.612,-0.114, -0.013, -0.005,0.115, 0.013, 0.004,-0.117, -0.184, -0.324,0.100, -0.167, -0.310,-0.171, -0.286, -0.682,0.023, -0.256, -0.682
221101,39,75,80,18,35,6,6,7,16,20,-0.158, 0.275, 0.425,0.186, 0.250, 0.508,-0.155, 0.108, 0.373,0.249, -0.011, 0.548,-0.183, -0.128, 0.447,0.318, -0.238, 0.606,-0.114, -0.012, -0.005,0.115, 0.013, 0.004,-0.118, -0.189, -0.294,0.098, -0.170, -0.293,-0.132, -0.281, -0.632,0.016, -0.256, -0.655
